gen	yob_children	N_offspring	ped_id
0	1970	1	1
1	2000	3	1
2	2030	0	1
2	2030	5	1
2	2030	0	1
0	1970	2	2
0	1970	1	2
1	2000	0	2
1	2000	7	2
1	2000	7	2
2	2030	1	2
2	2030	4	2
2	2030	4	2
2	2030	1	2
2	2030	4	2
2	2030	1	2
2	2030	1	2
0	1970	1	3
0	1970	2	3
1	2000	1	3
1	2000	5	3
1	2000	6	3
2	2030	1	3
2	2030	3	3
2	2030	1	3
2	2030	0	3
2	2030	1	3
2	2030	1	3
2	2030	0	3
2	2030	1	3
2	2030	5	3
2	2030	1	3
2	2030	5	3
2	2030	1	3
0	1970	1	4
1	2000	0	4
1	2000	5	4
2	2030	0	4
2	2030	4	4
2	2030	0	4
2	2030	1	4
2	2030	0	4
0	1970	8	5
1	2000	3	5
1	2000	1	5
1	2000	3	5
1	2000	1	5
1	2000	2	5
1	2000	2	5
1	2000	1	5
1	2000	0	5
2	2030	2	5
2	2030	1	5
2	2030	0	5
2	2030	2	5
2	2030	1	5
2	2030	1	5
2	2030	2	5
2	2030	1	5
2	2030	1	5
2	2030	1	5
2	2030	1	5
2	2030	2	5
2	2030	4	5
0	1970	2	6
1	2000	4	6
1	2000	1	6
2	2030	6	6
2	2030	0	6
2	2030	2	6
2	2030	0	6
2	2030	6	6
0	1970	3	7
1	2000	2	7
1	2000	3	7
1	2000	0	7
2	2030	4	7
2	2030	3	7
2	2030	3	7
2	2030	8	7
2	2030	1	7
0	1970	3	8
1	2000	0	8
1	2000	3	8
1	2000	3	8
2	2030	0	8
2	2030	0	8
2	2030	1	8
2	2030	1	8
2	2030	2	8
2	2030	1	8
0	1970	5	9
1	2000	9	9
1	2000	0	9
1	2000	1	9
1	2000	1	9
1	2000	0	9
2	2030	1	9
2	2030	1	9
2	2030	3	9
2	2030	2	9
2	2030	0	9
2	2030	0	9
2	2030	0	9
2	2030	3	9
2	2030	1	9
2	2030	3	9
2	2030	1	9
0	1970	4	10
0	1970	1	10
1	2000	2	10
1	2000	1	10
1	2000	0	10
1	2000	3	10
1	2000	0	10
2	2030	1	10
2	2030	0	10
2	2030	3	10
2	2030	1	10
2	2030	0	10
2	2030	1	10
0	1970	4	11
0	1970	0	11
1	2000	2	11
1	2000	0	11
1	2000	2	11
1	2000	4	11
2	2030	1	11
2	2030	0	11
2	2030	3	11
2	2030	0	11
2	2030	1	11
2	2030	1	11
2	2030	0	11
2	2030	5	11
0	1970	16	12
1	2000	3	12
1	2000	11	12
1	2000	21	12
1	2000	0	12
1	2000	7	12
1	2000	3	12
1	2000	3	12
1	2000	0	12
1	2000	3	12
1	2000	3	12
1	2000	2	12
1	2000	2	12
1	2000	3	12
1	2000	3	12
1	2000	1	12
1	2000	1	12
2	2030	3	12
2	2030	0	12
2	2030	1	12
2	2030	2	12
2	2030	7	12
2	2030	2	12
2	2030	0	12
2	2030	1	12
2	2030	2	12
2	2030	0	12
2	2030	0	12
2	2030	0	12
2	2030	4	12
2	2030	2	12
2	2030	0	12
2	2030	2	12
2	2030	1	12
2	2030	4	12
2	2030	0	12
2	2030	1	12
2	2030	0	12
2	2030	8	12
2	2030	1	12
2	2030	2	12
2	2030	1	12
2	2030	3	12
2	2030	6	12
2	2030	1	12
2	2030	6	12
2	2030	3	12
2	2030	2	12
2	2030	2	12
2	2030	3	12
2	2030	3	12
2	2030	2	12
2	2030	2	12
2	2030	1	12
2	2030	0	12
2	2030	2	12
2	2030	2	12
2	2030	0	12
2	2030	2	12
2	2030	1	12
2	2030	0	12
2	2030	8	12
2	2030	0	12
2	2030	2	12
2	2030	0	12
2	2030	4	12
2	2030	2	12
2	2030	1	12
2	2030	0	12
2	2030	3	12
2	2030	0	12
2	2030	1	12
2	2030	0	12
2	2030	3	12
2	2030	5	12
2	2030	1	12
2	2030	1	12
2	2030	1	12
2	2030	1	12
2	2030	1	12
2	2030	0	12
2	2030	2	12
2	2030	3	12
0	1970	11	13
1	2000	8	13
1	2000	4	13
1	2000	1	13
1	2000	0	13
1	2000	1	13
1	2000	3	13
1	2000	9	13
1	2000	1	13
1	2000	2	13
1	2000	0	13
1	2000	1	13
2	2030	1	13
2	2030	0	13
2	2030	2	13
2	2030	1	13
2	2030	1	13
2	2030	1	13
2	2030	0	13
2	2030	3	13
2	2030	6	13
2	2030	0	13
2	2030	1	13
2	2030	3	13
2	2030	1	13
2	2030	2	13
2	2030	2	13
2	2030	3	13
2	2030	2	13
2	2030	1	13
2	2030	0	13
2	2030	2	13
2	2030	2	13
2	2030	1	13
2	2030	0	13
2	2030	1	13
2	2030	4	13
2	2030	3	13
2	2030	0	13
2	2030	2	13
2	2030	0	13
2	2030	0	13
0	1970	5	14
1	2000	3	14
1	2000	0	14
1	2000	2	14
1	2000	1	14
1	2000	2	14
2	2030	2	14
2	2030	0	14
2	2030	3	14
2	2030	1	14
2	2030	0	14
2	2030	2	14
2	2030	2	14
2	2030	0	14
0	1970	1	15
1	2000	1	15
2	2030	0	15
0	1970	5	16
1	2000	0	16
1	2000	5	16
1	2000	10	16
1	2000	1	16
1	2000	0	16
2	2030	2	16
2	2030	0	16
2	2030	5	16
2	2030	1	16
2	2030	1	16
2	2030	1	16
2	2030	3	16
2	2030	8	16
2	2030	8	16
2	2030	1	16
2	2030	1	16
2	2030	3	16
2	2030	3	16
2	2030	4	16
2	2030	2	16
2	2030	0	16
0	1970	4	17
1	2000	2	17
1	2000	1	17
1	2000	0	17
1	2000	7	17
2	2030	1	17
2	2030	1	17
2	2030	7	17
2	2030	8	17
2	2030	1	17
2	2030	3	17
2	2030	2	17
2	2030	4	17
2	2030	1	17
2	2030	2	17
0	1970	4	18
0	1970	5	18
1	2000	3	18
1	2000	4	18
1	2000	2	18
1	2000	2	18
1	2000	4	18
1	2000	0	18
1	2000	2	18
1	2000	2	18
1	2000	4	18
2	2030	1	18
2	2030	1	18
2	2030	1	18
2	2030	1	18
2	2030	8	18
2	2030	3	18
2	2030	1	18
2	2030	3	18
2	2030	4	18
2	2030	10	18
2	2030	3	18
2	2030	0	18
2	2030	0	18
2	2030	1	18
2	2030	2	18
0	1970	3	19
1	2000	1	19
1	2000	1	19
1	2000	11	19
2	2030	3	19
2	2030	1	19
2	2030	0	19
2	2030	0	19
2	2030	1	19
2	2030	1	19
2	2030	2	19
2	2030	1	19
2	2030	1	19
2	2030	2	19
2	2030	1	19
2	2030	0	19
2	2030	0	19
0	1970	3	20
1	2000	1	20
1	2000	1	20
1	2000	1	20
2	2030	3	20
2	2030	2	20
2	2030	2	20
0	1970	11	21
0	1970	2	21
1	2000	2	21
1	2000	9	21
1	2000	2	21
1	2000	2	21
1	2000	1	21
1	2000	6	21
1	2000	5	21
1	2000	2	21
1	2000	5	21
1	2000	2	21
1	2000	4	21
1	2000	0	21
1	2000	0	21
2	2030	1	21
2	2030	0	21
2	2030	0	21
2	2030	0	21
2	2030	4	21
2	2030	3	21
2	2030	3	21
2	2030	1	21
2	2030	1	21
2	2030	3	21
2	2030	0	21
2	2030	1	21
2	2030	1	21
2	2030	2	21
2	2030	0	21
2	2030	2	21
2	2030	0	21
2	2030	2	21
2	2030	0	21
2	2030	4	21
2	2030	2	21
2	2030	4	21
2	2030	2	21
2	2030	4	21
2	2030	1	21
2	2030	8	21
2	2030	0	21
2	2030	0	21
2	2030	8	21
2	2030	1	21
2	2030	1	21
2	2030	1	21
2	2030	1	21
0	1970	6	22
1	2000	0	22
1	2000	1	22
1	2000	0	22
1	2000	2	22
1	2000	5	22
1	2000	0	22
2	2030	3	22
2	2030	2	22
2	2030	1	22
2	2030	3	22
2	2030	1	22
2	2030	0	22
2	2030	0	22
2	2030	2	22
0	1970	1	23
1	2000	3	23
2	2030	0	23
2	2030	1	23
2	2030	1	23
0	1970	7	24
1	2000	0	24
1	2000	1	24
1	2000	3	24
1	2000	1	24
1	2000	1	24
1	2000	4	24
1	2000	21	24
2	2030	0	24
2	2030	2	24
2	2030	0	24
2	2030	1	24
2	2030	2	24
2	2030	1	24
2	2030	2	24
2	2030	0	24
2	2030	7	24
2	2030	2	24
2	2030	0	24
2	2030	0	24
2	2030	1	24
2	2030	3	24
2	2030	0	24
2	2030	1	24
2	2030	1	24
2	2030	2	24
2	2030	3	24
2	2030	1	24
2	2030	0	24
2	2030	0	24
2	2030	1	24
2	2030	0	24
2	2030	1	24
2	2030	2	24
2	2030	0	24
2	2030	1	24
2	2030	1	24
2	2030	0	24
2	2030	0	24
0	1970	4	25
1	2000	5	25
1	2000	1	25
1	2000	0	25
1	2000	0	25
2	2030	1	25
2	2030	0	25
2	2030	5	25
2	2030	0	25
2	2030	1	25
2	2030	0	25
0	1970	1	26
1	2000	1	26
2	2030	0	26
0	1970	11	27
1	2000	2	27
1	2000	0	27
1	2000	6	27
1	2000	2	27
1	2000	0	27
1	2000	2	27
1	2000	1	27
1	2000	1	27
1	2000	1	27
1	2000	2	27
1	2000	3	27
2	2030	0	27
2	2030	0	27
2	2030	0	27
2	2030	1	27
2	2030	1	27
2	2030	1	27
2	2030	0	27
2	2030	0	27
2	2030	0	27
2	2030	1	27
2	2030	1	27
2	2030	5	27
2	2030	0	27
2	2030	3	27
2	2030	0	27
2	2030	2	27
2	2030	0	27
2	2030	4	27
2	2030	4	27
2	2030	1	27
0	1970	4	28
1	2000	2	28
1	2000	1	28
1	2000	2	28
1	2000	2	28
2	2030	0	28
2	2030	4	28
2	2030	1	28
2	2030	0	28
2	2030	2	28
2	2030	1	28
2	2030	2	28
0	1970	15	29
1	2000	0	29
1	2000	7	29
1	2000	1	29
1	2000	2	29
1	2000	0	29
1	2000	2	29
1	2000	3	29
1	2000	4	29
1	2000	0	29
1	2000	0	29
1	2000	1	29
1	2000	3	29
1	2000	0	29
1	2000	1	29
1	2000	2	29
2	2030	1	29
2	2030	3	29
2	2030	1	29
2	2030	1	29
2	2030	11	29
2	2030	1	29
2	2030	0	29
2	2030	3	29
2	2030	0	29
2	2030	3	29
2	2030	5	29
2	2030	1	29
2	2030	2	29
2	2030	4	29
2	2030	2	29
2	2030	1	29
2	2030	2	29
2	2030	5	29
2	2030	0	29
2	2030	3	29
2	2030	4	29
2	2030	0	29
2	2030	0	29
2	2030	4	29
2	2030	4	29
2	2030	1	29
0	1970	7	30
1	2000	11	30
1	2000	2	30
1	2000	0	30
1	2000	4	30
1	2000	1	30
1	2000	3	30
1	2000	3	30
2	2030	1	30
2	2030	2	30
2	2030	0	30
2	2030	0	30
2	2030	1	30
2	2030	1	30
2	2030	0	30
2	2030	5	30
2	2030	2	30
2	2030	0	30
2	2030	0	30
2	2030	2	30
2	2030	0	30
2	2030	0	30
2	2030	0	30
2	2030	4	30
2	2030	2	30
2	2030	0	30
2	2030	1	30
2	2030	0	30
2	2030	1	30
2	2030	0	30
2	2030	2	30
2	2030	0	30
0	1970	2	31
0	1970	8	31
1	2000	1	31
1	2000	2	31
1	2000	3	31
1	2000	2	31
1	2000	2	31
1	2000	8	31
1	2000	4	31
1	2000	8	31
1	2000	3	31
1	2000	0	31
2	2030	0	31
2	2030	7	31
2	2030	5	31
2	2030	1	31
2	2030	5	31
2	2030	1	31
2	2030	0	31
2	2030	0	31
2	2030	1	31
2	2030	0	31
2	2030	4	31
2	2030	2	31
2	2030	1	31
2	2030	2	31
2	2030	0	31
2	2030	6	31
2	2030	5	31
2	2030	1	31
2	2030	1	31
2	2030	2	31
2	2030	3	31
2	2030	3	31
2	2030	1	31
2	2030	0	31
2	2030	7	31
0	1970	8	32
1	2000	2	32
1	2000	0	32
1	2000	6	32
1	2000	4	32
1	2000	1	32
1	2000	1	32
1	2000	2	32
1	2000	4	32
2	2030	2	32
2	2030	0	32
2	2030	2	32
2	2030	4	32
2	2030	2	32
2	2030	5	32
2	2030	5	32
2	2030	1	32
2	2030	0	32
2	2030	0	32
2	2030	0	32
2	2030	2	32
2	2030	2	32
2	2030	2	32
2	2030	1	32
2	2030	5	32
2	2030	1	32
2	2030	0	32
2	2030	0	32
2	2030	7	32
0	1970	2	33
1	2000	1	33
1	2000	4	33
2	2030	2	33
2	2030	0	33
2	2030	2	33
2	2030	1	33
2	2030	1	33
0	1970	6	34
1	2000	1	34
1	2000	1	34
1	2000	9	34
1	2000	3	34
1	2000	0	34
1	2000	7	34
2	2030	2	34
2	2030	4	34
2	2030	3	34
2	2030	9	34
2	2030	1	34
2	2030	0	34
2	2030	2	34
2	2030	7	34
2	2030	6	34
2	2030	1	34
2	2030	1	34
2	2030	4	34
2	2030	1	34
2	2030	0	34
2	2030	1	34
2	2030	1	34
2	2030	0	34
2	2030	2	34
2	2030	3	34
2	2030	0	34
2	2030	3	34
0	1970	2	35
1	2000	0	35
1	2000	1	35
2	2030	3	35
0	1970	7	36
1	2000	3	36
1	2000	2	36
1	2000	1	36
1	2000	2	36
1	2000	5	36
1	2000	0	36
1	2000	0	36
2	2030	1	36
2	2030	6	36
2	2030	0	36
2	2030	2	36
2	2030	0	36
2	2030	1	36
2	2030	2	36
2	2030	3	36
2	2030	3	36
2	2030	1	36
2	2030	0	36
2	2030	0	36
2	2030	0	36
0	1970	1	37
1	2000	2	37
2	2030	3	37
2	2030	2	37
0	1970	3	38
1	2000	0	38
1	2000	2	38
1	2000	5	38
2	2030	2	38
2	2030	2	38
2	2030	1	38
2	2030	1	38
2	2030	3	38
2	2030	2	38
2	2030	1	38
0	1970	2	39
1	2000	1	39
1	2000	1	39
2	2030	2	39
2	2030	1	39
0	1970	5	40
0	1970	1	40
1	2000	1	40
1	2000	0	40
1	2000	2	40
1	2000	11	40
1	2000	11	40
1	2000	3	40
2	2030	0	40
2	2030	0	40
2	2030	0	40
2	2030	2	40
2	2030	1	40
2	2030	3	40
2	2030	5	40
2	2030	2	40
2	2030	1	40
2	2030	5	40
2	2030	2	40
2	2030	0	40
2	2030	3	40
2	2030	0	40
2	2030	2	40
2	2030	2	40
2	2030	2	40
0	1970	3	41
1	2000	2	41
1	2000	4	41
1	2000	2	41
2	2030	0	41
2	2030	6	41
2	2030	0	41
2	2030	2	41
2	2030	1	41
2	2030	1	41
2	2030	0	41
2	2030	0	41
0	1970	10	42
1	2000	4	42
1	2000	1	42
1	2000	18	42
1	2000	0	42
1	2000	1	42
1	2000	0	42
1	2000	0	42
1	2000	0	42
1	2000	0	42
1	2000	3	42
2	2030	1	42
2	2030	2	42
2	2030	0	42
2	2030	1	42
2	2030	0	42
2	2030	2	42
2	2030	2	42
2	2030	1	42
2	2030	1	42
2	2030	3	42
2	2030	1	42
2	2030	0	42
2	2030	0	42
2	2030	7	42
2	2030	0	42
2	2030	4	42
2	2030	0	42
2	2030	0	42
2	2030	1	42
2	2030	2	42
2	2030	0	42
2	2030	2	42
2	2030	2	42
2	2030	3	42
2	2030	0	42
2	2030	2	42
2	2030	4	42
0	1970	18	43
1	2000	12	43
1	2000	2	43
1	2000	2	43
1	2000	5	43
1	2000	5	43
1	2000	3	43
1	2000	1	43
1	2000	4	43
1	2000	1	43
1	2000	2	43
1	2000	0	43
1	2000	4	43
1	2000	1	43
1	2000	0	43
1	2000	4	43
1	2000	1	43
1	2000	3	43
1	2000	5	43
2	2030	0	43
2	2030	2	43
2	2030	2	43
2	2030	1	43
2	2030	2	43
2	2030	2	43
2	2030	0	43
2	2030	4	43
2	2030	1	43
2	2030	1	43
2	2030	1	43
2	2030	1	43
2	2030	0	43
2	2030	0	43
2	2030	6	43
2	2030	1	43
2	2030	2	43
2	2030	0	43
2	2030	1	43
2	2030	2	43
2	2030	2	43
2	2030	3	43
2	2030	1	43
2	2030	5	43
2	2030	2	43
2	2030	0	43
2	2030	1	43
2	2030	3	43
2	2030	1	43
2	2030	0	43
2	2030	0	43
2	2030	1	43
2	2030	0	43
2	2030	0	43
2	2030	0	43
2	2030	3	43
2	2030	4	43
2	2030	0	43
2	2030	1	43
2	2030	1	43
2	2030	1	43
2	2030	0	43
2	2030	2	43
2	2030	0	43
2	2030	0	43
2	2030	5	43
2	2030	2	43
2	2030	3	43
2	2030	3	43
2	2030	1	43
2	2030	2	43
2	2030	0	43
2	2030	1	43
2	2030	2	43
2	2030	6	43
0	1970	10	44
0	1970	1	44
1	2000	0	44
1	2000	1	44
1	2000	5	44
1	2000	6	44
1	2000	2	44
1	2000	2	44
1	2000	2	44
1	2000	4	44
1	2000	4	44
1	2000	0	44
1	2000	3	44
2	2030	2	44
2	2030	0	44
2	2030	0	44
2	2030	1	44
2	2030	1	44
2	2030	0	44
2	2030	6	44
2	2030	2	44
2	2030	0	44
2	2030	0	44
2	2030	0	44
2	2030	1	44
2	2030	0	44
2	2030	1	44
2	2030	1	44
2	2030	2	44
2	2030	0	44
2	2030	2	44
2	2030	1	44
2	2030	6	44
2	2030	1	44
2	2030	1	44
2	2030	0	44
2	2030	0	44
2	2030	0	44
2	2030	1	44
2	2030	1	44
2	2030	2	44
2	2030	0	44
0	1970	4	45
1	2000	1	45
1	2000	0	45
1	2000	0	45
1	2000	1	45
2	2030	3	45
2	2030	3	45
0	1970	2	46
1	2000	1	46
1	2000	0	46
2	2030	2	46
0	1970	5	47
1	2000	0	47
1	2000	2	47
1	2000	0	47
1	2000	7	47
1	2000	2	47
2	2030	1	47
2	2030	0	47
2	2030	1	47
2	2030	2	47
2	2030	0	47
2	2030	5	47
2	2030	1	47
2	2030	2	47
2	2030	0	47
2	2030	4	47
2	2030	2	47
0	1970	5	48
1	2000	1	48
1	2000	4	48
1	2000	1	48
1	2000	0	48
1	2000	0	48
2	2030	4	48
2	2030	1	48
2	2030	1	48
2	2030	3	48
2	2030	1	48
2	2030	0	48
0	1970	6	49
0	1970	2	49
1	2000	1	49
1	2000	3	49
1	2000	3	49
1	2000	1	49
1	2000	6	49
1	2000	2	49
1	2000	1	49
1	2000	3	49
2	2030	4	49
2	2030	1	49
2	2030	3	49
2	2030	1	49
2	2030	1	49
2	2030	1	49
2	2030	1	49
2	2030	0	49
2	2030	1	49
2	2030	0	49
2	2030	1	49
2	2030	0	49
2	2030	0	49
2	2030	3	49
2	2030	5	49
2	2030	1	49
2	2030	2	49
2	2030	1	49
2	2030	4	49
2	2030	1	49
0	1970	6	50
0	1970	0	50
1	2000	8	50
1	2000	0	50
1	2000	2	50
1	2000	0	50
1	2000	2	50
1	2000	2	50
2	2030	3	50
2	2030	1	50
2	2030	0	50
2	2030	1	50
2	2030	0	50
2	2030	3	50
2	2030	3	50
2	2030	0	50
2	2030	1	50
2	2030	1	50
2	2030	2	50
2	2030	0	50
2	2030	0	50
2	2030	1	50
0	1970	1	51
1	2000	11	51
2	2030	1	51
2	2030	0	51
2	2030	1	51
2	2030	1	51
2	2030	1	51
2	2030	2	51
2	2030	3	51
2	2030	3	51
2	2030	2	51
2	2030	1	51
2	2030	0	51
0	1970	4	52
1	2000	0	52
1	2000	1	52
1	2000	0	52
1	2000	17	52
2	2030	3	52
2	2030	2	52
2	2030	4	52
2	2030	0	52
2	2030	0	52
2	2030	3	52
2	2030	5	52
2	2030	0	52
2	2030	2	52
2	2030	2	52
2	2030	1	52
2	2030	0	52
2	2030	6	52
2	2030	5	52
2	2030	3	52
2	2030	0	52
2	2030	0	52
2	2030	0	52
0	1970	11	53
1	2000	5	53
1	2000	2	53
1	2000	7	53
1	2000	5	53
1	2000	1	53
1	2000	4	53
1	2000	1	53
1	2000	3	53
1	2000	1	53
1	2000	0	53
1	2000	0	53
2	2030	2	53
2	2030	1	53
2	2030	1	53
2	2030	0	53
2	2030	2	53
2	2030	4	53
2	2030	2	53
2	2030	0	53
2	2030	0	53
2	2030	1	53
2	2030	0	53
2	2030	1	53
2	2030	2	53
2	2030	0	53
2	2030	2	53
2	2030	0	53
2	2030	1	53
2	2030	0	53
2	2030	3	53
2	2030	1	53
2	2030	3	53
2	2030	0	53
2	2030	0	53
2	2030	0	53
2	2030	1	53
2	2030	0	53
2	2030	0	53
2	2030	3	53
2	2030	0	53
0	1970	5	54
1	2000	1	54
1	2000	3	54
1	2000	7	54
1	2000	2	54
1	2000	3	54
2	2030	2	54
2	2030	3	54
2	2030	3	54
2	2030	0	54
2	2030	0	54
2	2030	0	54
2	2030	2	54
2	2030	0	54
2	2030	1	54
2	2030	0	54
2	2030	0	54
2	2030	12	54
2	2030	0	54
2	2030	2	54
2	2030	5	54
2	2030	0	54
0	1970	6	55
1	2000	2	55
1	2000	0	55
1	2000	0	55
1	2000	1	55
1	2000	2	55
1	2000	2	55
2	2030	4	55
2	2030	1	55
2	2030	1	55
2	2030	3	55
2	2030	0	55
2	2030	0	55
2	2030	0	55
0	1970	3	56
1	2000	0	56
1	2000	1	56
1	2000	2	56
2	2030	3	56
2	2030	0	56
2	2030	0	56
0	1970	4	57
1	2000	0	57
1	2000	1	57
1	2000	3	57
1	2000	1	57
2	2030	2	57
2	2030	0	57
2	2030	2	57
2	2030	1	57
2	2030	0	57
0	1970	4	58
0	1970	5	58
1	2000	3	58
1	2000	4	58
1	2000	6	58
1	2000	14	58
1	2000	6	58
1	2000	11	58
1	2000	14	58
1	2000	2	58
1	2000	4	58
2	2030	1	58
2	2030	13	58
2	2030	2	58
2	2030	0	58
2	2030	1	58
2	2030	0	58
2	2030	0	58
2	2030	0	58
2	2030	0	58
2	2030	2	58
2	2030	4	58
2	2030	0	58
2	2030	0	58
2	2030	1	58
2	2030	0	58
2	2030	1	58
2	2030	1	58
2	2030	2	58
2	2030	0	58
2	2030	3	58
2	2030	0	58
2	2030	2	58
2	2030	2	58
2	2030	0	58
2	2030	1	58
2	2030	1	58
2	2030	1	58
2	2030	1	58
2	2030	4	58
2	2030	2	58
2	2030	1	58
2	2030	0	58
2	2030	0	58
2	2030	1	58
2	2030	0	58
2	2030	2	58
2	2030	2	58
2	2030	4	58
2	2030	0	58
2	2030	0	58
2	2030	0	58
2	2030	1	58
2	2030	1	58
2	2030	0	58
0	1970	3	59
1	2000	1	59
1	2000	2	59
1	2000	1	59
2	2030	0	59
2	2030	2	59
2	2030	3	59
2	2030	1	59
0	1970	1	60
1	2000	1	60
2	2030	0	60
0	1970	3	61
1	2000	1	61
1	2000	1	61
1	2000	0	61
2	2030	0	61
2	2030	1	61
0	1970	5	62
1	2000	2	62
1	2000	1	62
1	2000	1	62
1	2000	2	62
1	2000	1	62
2	2030	0	62
2	2030	3	62
2	2030	0	62
2	2030	3	62
2	2030	0	62
2	2030	3	62
2	2030	1	62
0	1970	4	63
1	2000	1	63
1	2000	5	63
1	2000	4	63
1	2000	12	63
2	2030	2	63
2	2030	1	63
2	2030	0	63
2	2030	0	63
2	2030	0	63
2	2030	6	63
2	2030	0	63
2	2030	1	63
2	2030	0	63
2	2030	0	63
2	2030	4	63
2	2030	4	63
2	2030	1	63
2	2030	1	63
2	2030	7	63
2	2030	1	63
2	2030	0	63
2	2030	2	63
2	2030	2	63
2	2030	2	63
2	2030	0	63
2	2030	0	63
0	1970	20	64
1	2000	0	64
1	2000	3	64
1	2000	3	64
1	2000	1	64
1	2000	1	64
1	2000	6	64
1	2000	4	64
1	2000	2	64
1	2000	1	64
1	2000	7	64
1	2000	0	64
1	2000	1	64
1	2000	3	64
1	2000	2	64
1	2000	11	64
1	2000	2	64
1	2000	1	64
1	2000	15	64
1	2000	1	64
1	2000	5	64
2	2030	0	64
2	2030	1	64
2	2030	1	64
2	2030	3	64
2	2030	5	64
2	2030	3	64
2	2030	5	64
2	2030	1	64
2	2030	2	64
2	2030	0	64
2	2030	4	64
2	2030	1	64
2	2030	1	64
2	2030	2	64
2	2030	6	64
2	2030	1	64
2	2030	5	64
2	2030	0	64
2	2030	0	64
2	2030	5	64
2	2030	0	64
2	2030	1	64
2	2030	1	64
2	2030	0	64
2	2030	1	64
2	2030	0	64
2	2030	7	64
2	2030	0	64
2	2030	0	64
2	2030	0	64
2	2030	1	64
2	2030	2	64
2	2030	0	64
2	2030	0	64
2	2030	0	64
2	2030	1	64
2	2030	1	64
2	2030	6	64
2	2030	1	64
2	2030	0	64
2	2030	1	64
2	2030	0	64
2	2030	1	64
2	2030	2	64
2	2030	0	64
2	2030	3	64
2	2030	1	64
2	2030	0	64
2	2030	1	64
2	2030	3	64
2	2030	0	64
2	2030	0	64
2	2030	4	64
2	2030	3	64
2	2030	2	64
2	2030	0	64
2	2030	0	64
2	2030	0	64
2	2030	5	64
2	2030	1	64
2	2030	2	64
2	2030	0	64
2	2030	0	64
2	2030	6	64
2	2030	1	64
2	2030	3	64
2	2030	0	64
2	2030	1	64
2	2030	0	64
0	1970	8	65
1	2000	0	65
1	2000	10	65
1	2000	0	65
1	2000	2	65
1	2000	2	65
1	2000	1	65
1	2000	0	65
1	2000	1	65
2	2030	1	65
2	2030	2	65
2	2030	1	65
2	2030	2	65
2	2030	0	65
2	2030	0	65
2	2030	5	65
2	2030	1	65
2	2030	0	65
2	2030	0	65
2	2030	1	65
2	2030	0	65
2	2030	0	65
2	2030	2	65
2	2030	0	65
2	2030	1	65
0	1970	2	66
1	2000	1	66
1	2000	1	66
2	2030	0	66
2	2030	2	66
0	1970	7	67
1	2000	2	67
1	2000	1	67
1	2000	2	67
1	2000	1	67
1	2000	0	67
1	2000	1	67
1	2000	0	67
2	2030	4	67
2	2030	2	67
2	2030	0	67
2	2030	1	67
2	2030	0	67
2	2030	2	67
2	2030	1	67
0	1970	1	68
1	2000	3	68
2	2030	0	68
2	2030	1	68
2	2030	2	68
0	1970	2	69
1	2000	2	69
1	2000	4	69
2	2030	4	69
2	2030	10	69
2	2030	0	69
2	2030	0	69
2	2030	0	69
2	2030	1	69
0	1970	5	70
1	2000	4	70
1	2000	0	70
1	2000	2	70
1	2000	6	70
1	2000	0	70
2	2030	2	70
2	2030	1	70
2	2030	0	70
2	2030	0	70
2	2030	0	70
2	2030	0	70
2	2030	0	70
2	2030	4	70
2	2030	2	70
2	2030	0	70
2	2030	0	70
2	2030	1	70
0	1970	2	71
1	2000	4	71
1	2000	5	71
2	2030	0	71
2	2030	2	71
2	2030	0	71
2	2030	2	71
2	2030	1	71
2	2030	0	71
2	2030	0	71
2	2030	0	71
2	2030	0	71
0	1970	4	72
1	2000	0	72
1	2000	7	72
1	2000	6	72
1	2000	3	72
2	2030	1	72
2	2030	3	72
2	2030	0	72
2	2030	0	72
2	2030	3	72
2	2030	1	72
2	2030	1	72
2	2030	2	72
2	2030	8	72
2	2030	1	72
2	2030	0	72
2	2030	1	72
2	2030	2	72
2	2030	10	72
2	2030	1	72
2	2030	0	72
0	1970	4	73
1	2000	0	73
1	2000	4	73
1	2000	0	73
1	2000	1	73
2	2030	1	73
2	2030	0	73
2	2030	1	73
2	2030	0	73
2	2030	2	73
0	1970	4	74
1	2000	3	74
1	2000	1	74
1	2000	2	74
1	2000	2	74
2	2030	0	74
2	2030	2	74
2	2030	2	74
2	2030	0	74
2	2030	1	74
2	2030	2	74
2	2030	2	74
2	2030	3	74
0	1970	2	75
1	2000	4	75
1	2000	5	75
2	2030	0	75
2	2030	0	75
2	2030	0	75
2	2030	1	75
2	2030	1	75
2	2030	0	75
2	2030	0	75
2	2030	0	75
2	2030	0	75
0	1970	3	76
1	2000	3	76
1	2000	0	76
1	2000	5	76
2	2030	1	76
2	2030	0	76
2	2030	1	76
2	2030	1	76
2	2030	0	76
2	2030	0	76
2	2030	0	76
2	2030	0	76
0	1970	3	77
1	2000	3	77
1	2000	3	77
1	2000	2	77
2	2030	2	77
2	2030	9	77
2	2030	3	77
2	2030	1	77
2	2030	0	77
2	2030	0	77
2	2030	1	77
2	2030	5	77
0	1970	4	78
1	2000	9	78
1	2000	2	78
1	2000	2	78
1	2000	8	78
2	2030	2	78
2	2030	1	78
2	2030	3	78
2	2030	10	78
2	2030	0	78
2	2030	3	78
2	2030	0	78
2	2030	2	78
2	2030	2	78
2	2030	0	78
2	2030	1	78
2	2030	2	78
2	2030	0	78
2	2030	0	78
2	2030	0	78
2	2030	4	78
2	2030	8	78
2	2030	0	78
2	2030	1	78
2	2030	0	78
2	2030	2	78
0	1970	9	79
1	2000	2	79
1	2000	6	79
1	2000	2	79
1	2000	4	79
1	2000	2	79
1	2000	2	79
1	2000	1	79
1	2000	0	79
1	2000	4	79
2	2030	3	79
2	2030	2	79
2	2030	0	79
2	2030	1	79
2	2030	1	79
2	2030	4	79
2	2030	1	79
2	2030	1	79
2	2030	2	79
2	2030	0	79
2	2030	1	79
2	2030	3	79
2	2030	0	79
2	2030	0	79
2	2030	0	79
2	2030	0	79
2	2030	4	79
2	2030	3	79
2	2030	1	79
2	2030	0	79
2	2030	2	79
2	2030	2	79
2	2030	4	79
0	1970	1	80
1	2000	3	80
2	2030	2	80
2	2030	7	80
2	2030	1	80
0	1970	2	81
1	2000	3	81
1	2000	4	81
1	2000	4	81
1	2000	2	81
2	2030	0	81
2	2030	1	81
2	2030	1	81
2	2030	0	81
2	2030	4	81
2	2030	4	81
2	2030	4	81
2	2030	1	81
2	2030	4	81
2	2030	4	81
2	2030	4	81
2	2030	4	81
2	2030	4	81
0	1970	1	82
1	2000	1	82
2	2030	3	82
0	1970	3	83
0	1970	7	83
1	2000	2	83
1	2000	2	83
1	2000	16	83
1	2000	1	83
1	2000	2	83
1	2000	6	83
1	2000	0	83
1	2000	6	83
1	2000	5	83
1	2000	2	83
2	2030	0	83
2	2030	0	83
2	2030	1	83
2	2030	1	83
2	2030	1	83
2	2030	1	83
2	2030	0	83
2	2030	0	83
2	2030	0	83
2	2030	1	83
2	2030	2	83
2	2030	0	83
2	2030	0	83
2	2030	2	83
2	2030	3	83
2	2030	0	83
2	2030	1	83
2	2030	3	83
2	2030	1	83
2	2030	1	83
2	2030	0	83
2	2030	2	83
2	2030	0	83
2	2030	1	83
2	2030	0	83
2	2030	4	83
2	2030	1	83
2	2030	0	83
2	2030	2	83
2	2030	0	83
2	2030	0	83
2	2030	3	83
2	2030	0	83
2	2030	1	83
0	1970	9	84
1	2000	4	84
1	2000	1	84
1	2000	1	84
1	2000	0	84
1	2000	4	84
1	2000	0	84
1	2000	0	84
1	2000	0	84
1	2000	0	84
2	2030	2	84
2	2030	0	84
2	2030	3	84
2	2030	0	84
2	2030	0	84
2	2030	0	84
2	2030	0	84
2	2030	1	84
2	2030	0	84
2	2030	1	84
0	1970	1	85
1	2000	8	85
1	2000	8	85
2	2030	0	85
2	2030	0	85
2	2030	2	85
2	2030	1	85
2	2030	4	85
2	2030	0	85
2	2030	1	85
2	2030	1	85
0	1970	3	86
1	2000	2	86
1	2000	0	86
1	2000	1	86
2	2030	3	86
2	2030	1	86
2	2030	3	86
0	1970	2	87
0	1970	2	87
1	2000	7	87
1	2000	5	87
1	2000	3	87
1	2000	3	87
2	2030	0	87
2	2030	4	87
2	2030	2	87
2	2030	2	87
2	2030	2	87
2	2030	0	87
2	2030	1	87
2	2030	0	87
2	2030	2	87
2	2030	2	87
2	2030	6	87
2	2030	1	87
2	2030	6	87
2	2030	2	87
2	2030	6	87
0	1970	1	88
1	2000	7	88
2	2030	2	88
2	2030	4	88
2	2030	2	88
2	2030	1	88
2	2030	0	88
2	2030	6	88
2	2030	1	88
0	1970	6	89
1	2000	7	89
1	2000	4	89
1	2000	4	89
1	2000	0	89
1	2000	2	89
1	2000	0	89
2	2030	1	89
2	2030	1	89
2	2030	1	89
2	2030	0	89
2	2030	2	89
2	2030	4	89
2	2030	4	89
2	2030	1	89
2	2030	1	89
2	2030	0	89
2	2030	2	89
2	2030	2	89
2	2030	1	89
2	2030	6	89
2	2030	2	89
2	2030	1	89
2	2030	4	89
0	1970	2	90
1	2000	2	90
1	2000	0	90
2	2030	0	90
2	2030	1	90
0	1970	2	91
1	2000	6	91
1	2000	5	91
2	2030	0	91
2	2030	1	91
2	2030	0	91
2	2030	0	91
2	2030	1	91
2	2030	1	91
2	2030	1	91
2	2030	0	91
2	2030	1	91
2	2030	0	91
2	2030	0	91
0	1970	1	92
1	2000	5	92
2	2030	3	92
2	2030	1	92
2	2030	0	92
2	2030	5	92
2	2030	1	92
0	1970	3	93
1	2000	3	93
1	2000	0	93
1	2000	4	93
2	2030	1	93
2	2030	4	93
2	2030	0	93
2	2030	3	93
2	2030	4	93
2	2030	1	93
2	2030	0	93
0	1970	2	94
1	2000	3	94
1	2000	0	94
2	2030	3	94
2	2030	1	94
2	2030	1	94
0	1970	9	95
1	2000	3	95
1	2000	2	95
1	2000	4	95
1	2000	0	95
1	2000	0	95
1	2000	7	95
1	2000	0	95
1	2000	4	95
1	2000	5	95
2	2030	1	95
2	2030	2	95
2	2030	1	95
2	2030	0	95
2	2030	6	95
2	2030	3	95
2	2030	4	95
2	2030	0	95
2	2030	2	95
2	2030	1	95
2	2030	4	95
2	2030	2	95
2	2030	0	95
2	2030	0	95
2	2030	5	95
2	2030	5	95
2	2030	3	95
2	2030	1	95
2	2030	0	95
2	2030	0	95
2	2030	4	95
2	2030	0	95
2	2030	0	95
2	2030	2	95
2	2030	1	95
0	1970	2	96
1	2000	8	96
1	2000	5	96
2	2030	2	96
2	2030	0	96
2	2030	1	96
2	2030	6	96
2	2030	5	96
2	2030	1	96
2	2030	1	96
2	2030	0	96
2	2030	1	96
2	2030	4	96
2	2030	1	96
2	2030	0	96
2	2030	0	96
0	1970	1	97
1	2000	2	97
2	2030	0	97
2	2030	0	97
0	1970	1	98
1	2000	2	98
2	2030	3	98
2	2030	2	98
0	1970	2	99
1	2000	1	99
1	2000	2	99
1	2000	6	99
1	2000	0	99
2	2030	2	99
2	2030	1	99
2	2030	2	99
2	2030	1	99
2	2030	3	99
2	2030	3	99
2	2030	1	99
2	2030	0	99
2	2030	4	99
0	1970	4	100
1	2000	2	100
1	2000	1	100
1	2000	2	100
1	2000	8	100
1	2000	8	100
1	2000	4	100
1	2000	1	100
1	2000	0	100
2	2030	0	100
2	2030	0	100
2	2030	0	100
2	2030	4	100
2	2030	3	100
2	2030	2	100
2	2030	8	100
2	2030	0	100
2	2030	4	100
2	2030	3	100
2	2030	1	100
2	2030	0	100
2	2030	3	100
2	2030	1	100
2	2030	3	100
2	2030	1	100
2	2030	0	100
2	2030	0	100
0	1970	6	101
0	1970	1	101
1	2000	0	101
1	2000	0	101
1	2000	0	101
1	2000	0	101
1	2000	3	101
1	2000	0	101
1	2000	0	101
2	2030	1	101
2	2030	1	101
2	2030	0	101
0	1970	2	102
1	2000	4	102
1	2000	0	102
2	2030	0	102
2	2030	3	102
2	2030	3	102
2	2030	2	102
0	1970	5	103
1	2000	2	103
1	2000	18	103
1	2000	0	103
1	2000	3	103
1	2000	5	103
2	2030	4	103
2	2030	0	103
2	2030	4	103
2	2030	1	103
2	2030	1	103
2	2030	1	103
2	2030	0	103
2	2030	0	103
2	2030	0	103
2	2030	1	103
2	2030	4	103
2	2030	1	103
2	2030	0	103
2	2030	0	103
2	2030	1	103
2	2030	0	103
2	2030	0	103
2	2030	1	103
2	2030	0	103
2	2030	1	103
2	2030	0	103
2	2030	2	103
2	2030	1	103
2	2030	2	103
2	2030	0	103
2	2030	5	103
2	2030	1	103
2	2030	0	103
0	1970	12	104
1	2000	2	104
1	2000	0	104
1	2000	0	104
1	2000	0	104
1	2000	3	104
1	2000	1	104
1	2000	0	104
1	2000	0	104
1	2000	8	104
1	2000	3	104
1	2000	0	104
1	2000	1	104
2	2030	4	104
2	2030	2	104
2	2030	1	104
2	2030	0	104
2	2030	1	104
2	2030	0	104
2	2030	3	104
2	2030	0	104
2	2030	1	104
2	2030	2	104
2	2030	3	104
2	2030	0	104
2	2030	0	104
2	2030	7	104
2	2030	3	104
2	2030	0	104
2	2030	0	104
2	2030	11	104
0	1970	1	105
1	2000	5	105
2	2030	0	105
2	2030	1	105
2	2030	4	105
2	2030	2	105
2	2030	2	105
0	1970	8	106
0	1970	1	106
1	2000	0	106
1	2000	2	106
1	2000	1	106
1	2000	0	106
1	2000	1	106
1	2000	0	106
1	2000	0	106
1	2000	0	106
1	2000	0	106
2	2030	0	106
2	2030	1	106
2	2030	0	106
2	2030	1	106
0	1970	1	107
1	2000	1	107
2	2030	0	107
0	1970	1	108
0	1970	1	108
1	2000	4	108
1	2000	4	108
2	2030	4	108
2	2030	3	108
2	2030	4	108
2	2030	3	108
0	1970	2	109
0	1970	3	109
1	2000	4	109
1	2000	2	109
1	2000	12	109
1	2000	4	109
1	2000	12	109
2	2030	0	109
2	2030	0	109
2	2030	1	109
2	2030	0	109
2	2030	1	109
2	2030	1	109
2	2030	2	109
2	2030	1	109
2	2030	0	109
2	2030	1	109
2	2030	3	109
2	2030	0	109
2	2030	6	109
2	2030	6	109
2	2030	8	109
2	2030	0	109
2	2030	0	109
2	2030	0	109
0	1970	10	110
1	2000	3	110
1	2000	2	110
1	2000	1	110
1	2000	3	110
1	2000	4	110
1	2000	3	110
1	2000	0	110
1	2000	1	110
1	2000	1	110
1	2000	4	110
2	2030	1	110
2	2030	3	110
2	2030	1	110
2	2030	1	110
2	2030	0	110
2	2030	2	110
2	2030	0	110
2	2030	0	110
2	2030	2	110
2	2030	0	110
2	2030	1	110
2	2030	1	110
2	2030	1	110
2	2030	0	110
2	2030	0	110
2	2030	2	110
2	2030	1	110
2	2030	3	110
2	2030	2	110
2	2030	0	110
2	2030	1	110
2	2030	1	110
0	1970	5	111
1	2000	1	111
1	2000	1	111
1	2000	0	111
1	2000	0	111
1	2000	0	111
2	2030	0	111
2	2030	2	111
0	1970	5	112
1	2000	2	112
1	2000	2	112
1	2000	0	112
1	2000	1	112
1	2000	2	112
2	2030	1	112
2	2030	3	112
2	2030	2	112
2	2030	2	112
2	2030	2	112
2	2030	3	112
2	2030	2	112
0	1970	2	113
1	2000	2	113
1	2000	4	113
2	2030	0	113
2	2030	0	113
2	2030	2	113
2	2030	0	113
2	2030	2	113
2	2030	2	113
0	1970	4	114
1	2000	1	114
1	2000	4	114
1	2000	1	114
1	2000	1	114
2	2030	3	114
2	2030	1	114
2	2030	1	114
2	2030	0	114
2	2030	1	114
2	2030	1	114
2	2030	1	114
0	1970	7	115
1	2000	0	115
1	2000	1	115
1	2000	4	115
1	2000	3	115
1	2000	5	115
1	2000	10	115
1	2000	0	115
2	2030	3	115
2	2030	3	115
2	2030	6	115
2	2030	1	115
2	2030	1	115
2	2030	0	115
2	2030	0	115
2	2030	1	115
2	2030	6	115
2	2030	1	115
2	2030	1	115
2	2030	1	115
2	2030	1	115
2	2030	0	115
2	2030	3	115
2	2030	0	115
2	2030	2	115
2	2030	2	115
2	2030	0	115
2	2030	0	115
2	2030	2	115
2	2030	0	115
2	2030	1	115
0	1970	5	116
1	2000	2	116
1	2000	2	116
1	2000	5	116
1	2000	1	116
1	2000	1	116
2	2030	0	116
2	2030	1	116
2	2030	3	116
2	2030	2	116
2	2030	3	116
2	2030	0	116
2	2030	1	116
2	2030	8	116
2	2030	0	116
2	2030	2	116
2	2030	2	116
0	1970	10	117
1	2000	3	117
1	2000	1	117
1	2000	0	117
1	2000	6	117
1	2000	2	117
1	2000	1	117
1	2000	2	117
1	2000	2	117
1	2000	1	117
1	2000	1	117
2	2030	1	117
2	2030	4	117
2	2030	1	117
2	2030	1	117
2	2030	2	117
2	2030	1	117
2	2030	1	117
2	2030	3	117
2	2030	0	117
2	2030	3	117
2	2030	0	117
2	2030	1	117
2	2030	1	117
2	2030	2	117
2	2030	3	117
2	2030	1	117
2	2030	0	117
2	2030	3	117
2	2030	0	117
0	1970	3	118
0	1970	2	118
1	2000	0	118
1	2000	0	118
1	2000	10	118
1	2000	0	118
1	2000	10	118
2	2030	1	118
2	2030	0	118
2	2030	0	118
2	2030	1	118
2	2030	3	118
2	2030	2	118
2	2030	10	118
2	2030	1	118
2	2030	0	118
2	2030	10	118
0	1970	7	119
1	2000	1	119
1	2000	6	119
1	2000	0	119
1	2000	1	119
1	2000	1	119
1	2000	0	119
1	2000	0	119
2	2030	1	119
2	2030	0	119
2	2030	0	119
2	2030	0	119
2	2030	2	119
2	2030	0	119
2	2030	1	119
2	2030	0	119
2	2030	1	119
0	1970	8	120
1	2000	0	120
1	2000	9	120
1	2000	9	120
1	2000	3	120
1	2000	0	120
1	2000	3	120
1	2000	6	120
1	2000	0	120
2	2030	0	120
2	2030	3	120
2	2030	0	120
2	2030	0	120
2	2030	0	120
2	2030	3	120
2	2030	3	120
2	2030	0	120
2	2030	0	120
2	2030	5	120
2	2030	3	120
2	2030	2	120
2	2030	2	120
2	2030	1	120
2	2030	1	120
2	2030	0	120
2	2030	5	120
2	2030	1	120
2	2030	1	120
2	2030	3	120
2	2030	0	120
2	2030	2	120
2	2030	0	120
2	2030	0	120
2	2030	6	120
2	2030	4	120
2	2030	0	120
2	2030	2	120
2	2030	0	120
2	2030	4	120
0	1970	6	121
1	2000	8	121
1	2000	3	121
1	2000	2	121
1	2000	0	121
1	2000	1	121
1	2000	2	121
2	2030	0	121
2	2030	6	121
2	2030	1	121
2	2030	4	121
2	2030	0	121
2	2030	5	121
2	2030	0	121
2	2030	1	121
2	2030	1	121
2	2030	2	121
2	2030	2	121
2	2030	0	121
2	2030	0	121
2	2030	1	121
2	2030	1	121
2	2030	0	121
0	1970	1	122
1	2000	4	122
2	2030	1	122
2	2030	1	122
2	2030	8	122
2	2030	0	122
0	1970	8	123
1	2000	0	123
1	2000	0	123
1	2000	4	123
1	2000	0	123
1	2000	6	123
1	2000	2	123
1	2000	0	123
1	2000	2	123
2	2030	3	123
2	2030	1	123
2	2030	0	123
2	2030	2	123
2	2030	0	123
2	2030	2	123
2	2030	1	123
2	2030	3	123
2	2030	3	123
2	2030	0	123
2	2030	7	123
2	2030	0	123
2	2030	0	123
2	2030	0	123
0	1970	11	124
1	2000	2	124
1	2000	1	124
1	2000	2	124
1	2000	1	124
1	2000	8	124
1	2000	5	124
1	2000	13	124
1	2000	6	124
1	2000	4	124
1	2000	0	124
1	2000	0	124
2	2030	1	124
2	2030	1	124
2	2030	4	124
2	2030	2	124
2	2030	13	124
2	2030	0	124
2	2030	0	124
2	2030	6	124
2	2030	1	124
2	2030	0	124
2	2030	2	124
2	2030	1	124
2	2030	3	124
2	2030	3	124
2	2030	4	124
2	2030	0	124
2	2030	2	124
2	2030	2	124
2	2030	0	124
2	2030	4	124
2	2030	2	124
2	2030	2	124
2	2030	0	124
2	2030	0	124
2	2030	2	124
2	2030	1	124
2	2030	0	124
2	2030	2	124
2	2030	1	124
2	2030	0	124
2	2030	0	124
2	2030	1	124
2	2030	5	124
2	2030	1	124
2	2030	6	124
2	2030	1	124
2	2030	5	124
2	2030	2	124
2	2030	3	124
2	2030	0	124
2	2030	1	124
2	2030	4	124
0	1970	12	125
1	2000	6	125
1	2000	5	125
1	2000	3	125
1	2000	1	125
1	2000	0	125
1	2000	1	125
1	2000	1	125
1	2000	7	125
1	2000	1	125
1	2000	8	125
1	2000	7	125
1	2000	7	125
2	2030	5	125
2	2030	4	125
2	2030	1	125
2	2030	1	125
2	2030	2	125
2	2030	0	125
2	2030	0	125
2	2030	2	125
2	2030	1	125
2	2030	0	125
2	2030	1	125
2	2030	0	125
2	2030	1	125
2	2030	0	125
2	2030	3	125
2	2030	3	125
2	2030	0	125
2	2030	0	125
2	2030	0	125
2	2030	2	125
2	2030	3	125
2	2030	1	125
2	2030	1	125
2	2030	0	125
2	2030	0	125
2	2030	2	125
2	2030	0	125
2	2030	1	125
2	2030	0	125
2	2030	0	125
2	2030	2	125
2	2030	3	125
2	2030	4	125
2	2030	1	125
2	2030	0	125
2	2030	3	125
2	2030	1	125
2	2030	3	125
2	2030	0	125
2	2030	0	125
2	2030	0	125
2	2030	10	125
2	2030	0	125
2	2030	2	125
2	2030	2	125
2	2030	5	125
2	2030	0	125
0	1970	8	126
1	2000	0	126
1	2000	10	126
1	2000	3	126
1	2000	2	126
1	2000	4	126
1	2000	4	126
1	2000	3	126
1	2000	7	126
2	2030	5	126
2	2030	4	126
2	2030	0	126
2	2030	2	126
2	2030	7	126
2	2030	7	126
2	2030	2	126
2	2030	2	126
2	2030	0	126
2	2030	0	126
2	2030	0	126
2	2030	1	126
2	2030	1	126
2	2030	0	126
2	2030	1	126
2	2030	2	126
2	2030	2	126
2	2030	4	126
2	2030	1	126
2	2030	1	126
2	2030	0	126
2	2030	4	126
2	2030	0	126
2	2030	1	126
2	2030	3	126
2	2030	4	126
2	2030	2	126
2	2030	3	126
2	2030	1	126
2	2030	0	126
2	2030	4	126
2	2030	1	126
2	2030	0	126
0	1970	4	127
1	2000	2	127
1	2000	2	127
1	2000	1	127
1	2000	0	127
2	2030	0	127
2	2030	1	127
2	2030	0	127
2	2030	1	127
2	2030	0	127
0	1970	2	128
0	1970	6	128
1	2000	4	128
1	2000	2	128
1	2000	7	128
1	2000	0	128
1	2000	3	128
1	2000	1	128
1	2000	0	128
1	2000	6	128
2	2030	0	128
2	2030	0	128
2	2030	5	128
2	2030	6	128
2	2030	3	128
2	2030	5	128
2	2030	0	128
2	2030	2	128
2	2030	4	128
2	2030	0	128
2	2030	3	128
2	2030	5	128
2	2030	2	128
2	2030	2	128
2	2030	7	128
2	2030	3	128
2	2030	0	128
2	2030	1	128
2	2030	0	128
2	2030	0	128
2	2030	1	128
2	2030	2	128
2	2030	4	128
0	1970	1	129
1	2000	7	129
1	2000	7	129
2	2030	2	129
2	2030	1	129
2	2030	1	129
2	2030	0	129
2	2030	10	129
2	2030	10	129
2	2030	0	129
0	1970	3	130
1	2000	2	130
1	2000	0	130
1	2000	0	130
2	2030	1	130
2	2030	0	130
0	1970	22	131
1	2000	1	131
1	2000	2	131
1	2000	0	131
1	2000	3	131
1	2000	0	131
1	2000	3	131
1	2000	4	131
1	2000	0	131
1	2000	1	131
1	2000	4	131
1	2000	0	131
1	2000	6	131
1	2000	1	131
1	2000	0	131
1	2000	2	131
1	2000	1	131
1	2000	1	131
1	2000	1	131
1	2000	2	131
1	2000	4	131
1	2000	6	131
1	2000	3	131
2	2030	1	131
2	2030	1	131
2	2030	7	131
2	2030	0	131
2	2030	4	131
2	2030	6	131
2	2030	0	131
2	2030	1	131
2	2030	1	131
2	2030	2	131
2	2030	0	131
2	2030	1	131
2	2030	1	131
2	2030	2	131
2	2030	0	131
2	2030	1	131
2	2030	2	131
2	2030	0	131
2	2030	0	131
2	2030	2	131
2	2030	0	131
2	2030	0	131
2	2030	1	131
2	2030	2	131
2	2030	11	131
2	2030	1	131
2	2030	1	131
2	2030	1	131
2	2030	1	131
2	2030	0	131
2	2030	1	131
2	2030	0	131
2	2030	2	131
2	2030	0	131
2	2030	4	131
2	2030	0	131
2	2030	0	131
2	2030	1	131
2	2030	2	131
2	2030	0	131
2	2030	0	131
2	2030	4	131
2	2030	0	131
2	2030	2	131
2	2030	1	131
0	1970	5	132
1	2000	2	132
1	2000	2	132
1	2000	1	132
1	2000	1	132
1	2000	2	132
2	2030	1	132
2	2030	2	132
2	2030	0	132
2	2030	1	132
2	2030	1	132
2	2030	2	132
2	2030	2	132
2	2030	0	132
0	1970	5	133
1	2000	4	133
1	2000	2	133
1	2000	0	133
1	2000	3	133
1	2000	2	133
2	2030	0	133
2	2030	3	133
2	2030	4	133
2	2030	1	133
2	2030	4	133
2	2030	0	133
2	2030	3	133
2	2030	3	133
2	2030	1	133
2	2030	2	133
2	2030	0	133
0	1970	2	134
1	2000	1	134
1	2000	0	134
2	2030	3	134
0	1970	3	135
0	1970	12	135
1	2000	2	135
1	2000	2	135
1	2000	1	135
1	2000	3	135
1	2000	0	135
1	2000	0	135
1	2000	1	135
1	2000	10	135
1	2000	4	135
1	2000	1	135
1	2000	1	135
1	2000	7	135
1	2000	1	135
1	2000	5	135
1	2000	0	135
2	2030	0	135
2	2030	2	135
2	2030	1	135
2	2030	2	135
2	2030	0	135
2	2030	0	135
2	2030	0	135
2	2030	3	135
2	2030	2	135
2	2030	0	135
2	2030	0	135
2	2030	0	135
2	2030	5	135
2	2030	0	135
2	2030	8	135
2	2030	0	135
2	2030	0	135
2	2030	2	135
2	2030	0	135
2	2030	2	135
2	2030	0	135
2	2030	1	135
2	2030	2	135
2	2030	1	135
2	2030	0	135
2	2030	1	135
2	2030	2	135
2	2030	1	135
2	2030	3	135
2	2030	0	135
2	2030	1	135
2	2030	2	135
2	2030	2	135
2	2030	4	135
2	2030	3	135
2	2030	2	135
2	2030	3	135
0	1970	1	136
0	1970	6	136
1	2000	3	136
1	2000	1	136
1	2000	4	136
1	2000	13	136
1	2000	13	136
1	2000	8	136
1	2000	4	136
2	2030	0	136
2	2030	2	136
2	2030	3	136
2	2030	4	136
2	2030	0	136
2	2030	1	136
2	2030	2	136
2	2030	1	136
2	2030	1	136
2	2030	1	136
2	2030	1	136
2	2030	1	136
2	2030	0	136
2	2030	2	136
2	2030	1	136
2	2030	0	136
2	2030	3	136
2	2030	1	136
2	2030	7	136
2	2030	3	136
2	2030	1	136
2	2030	2	136
2	2030	0	136
2	2030	0	136
2	2030	2	136
2	2030	1	136
2	2030	1	136
2	2030	1	136
2	2030	1	136
2	2030	1	136
2	2030	1	136
2	2030	5	136
2	2030	3	136
0	1970	3	137
1	2000	0	137
1	2000	1	137
1	2000	1	137
2	2030	0	137
2	2030	1	137
0	1970	0	138
0	1970	2	138
1	2000	11	138
1	2000	4	138
2	2030	3	138
2	2030	0	138
2	2030	0	138
2	2030	1	138
2	2030	2	138
2	2030	1	138
2	2030	2	138
2	2030	2	138
2	2030	1	138
2	2030	0	138
2	2030	1	138
2	2030	1	138
2	2030	2	138
2	2030	4	138
2	2030	0	138
0	1970	3	139
1	2000	1	139
1	2000	6	139
1	2000	1	139
2	2030	4	139
2	2030	3	139
2	2030	0	139
2	2030	0	139
2	2030	0	139
2	2030	1	139
2	2030	5	139
2	2030	0	139
0	1970	2	140
0	1970	0	140
1	2000	2	140
1	2000	2	140
2	2030	0	140
2	2030	0	140
2	2030	0	140
2	2030	0	140
0	1970	7	141
1	2000	2	141
1	2000	0	141
1	2000	0	141
1	2000	3	141
1	2000	4	141
1	2000	5	141
1	2000	0	141
2	2030	2	141
2	2030	0	141
2	2030	3	141
2	2030	9	141
2	2030	1	141
2	2030	0	141
2	2030	3	141
2	2030	0	141
2	2030	0	141
2	2030	1	141
2	2030	1	141
2	2030	0	141
2	2030	0	141
2	2030	7	141
0	1970	2	142
1	2000	0	142
1	2000	3	142
2	2030	3	142
2	2030	1	142
2	2030	4	142
0	1970	1	143
1	2000	4	143
2	2030	0	143
2	2030	0	143
2	2030	0	143
2	2030	3	143
0	1970	4	144
1	2000	2	144
1	2000	0	144
1	2000	1	144
1	2000	6	144
2	2030	1	144
2	2030	0	144
2	2030	0	144
2	2030	1	144
2	2030	2	144
2	2030	0	144
2	2030	0	144
2	2030	0	144
2	2030	0	144
0	1970	1	145
1	2000	4	145
2	2030	0	145
2	2030	1	145
2	2030	1	145
2	2030	3	145
0	1970	7	146
0	1970	0	146
1	2000	2	146
1	2000	2	146
1	2000	3	146
1	2000	3	146
1	2000	2	146
1	2000	7	146
1	2000	2	146
2	2030	0	146
2	2030	1	146
2	2030	3	146
2	2030	3	146
2	2030	0	146
2	2030	0	146
2	2030	4	146
2	2030	3	146
2	2030	5	146
2	2030	1	146
2	2030	0	146
2	2030	2	146
2	2030	0	146
2	2030	3	146
2	2030	1	146
2	2030	1	146
2	2030	1	146
2	2030	4	146
2	2030	1	146
2	2030	1	146
2	2030	0	146
0	1970	2	147
1	2000	2	147
1	2000	4	147
2	2030	4	147
2	2030	3	147
2	2030	0	147
2	2030	0	147
2	2030	6	147
2	2030	0	147
0	1970	4	148
1	2000	1	148
1	2000	2	148
1	2000	1	148
1	2000	0	148
2	2030	0	148
2	2030	3	148
2	2030	0	148
2	2030	0	148
0	1970	1	149
1	2000	3	149
2	2030	0	149
2	2030	3	149
2	2030	6	149
0	1970	5	150
1	2000	6	150
1	2000	0	150
1	2000	1	150
1	2000	5	150
1	2000	6	150
2	2030	0	150
2	2030	0	150
2	2030	2	150
2	2030	1	150
2	2030	0	150
2	2030	0	150
2	2030	1	150
2	2030	1	150
2	2030	3	150
2	2030	1	150
2	2030	1	150
2	2030	3	150
2	2030	0	150
2	2030	1	150
2	2030	0	150
2	2030	0	150
2	2030	1	150
2	2030	1	150
0	1970	15	151
1	2000	3	151
1	2000	5	151
1	2000	1	151
1	2000	0	151
1	2000	4	151
1	2000	1	151
1	2000	1	151
1	2000	5	151
1	2000	1	151
1	2000	1	151
1	2000	3	151
1	2000	3	151
1	2000	2	151
1	2000	8	151
1	2000	2	151
2	2030	0	151
2	2030	1	151
2	2030	0	151
2	2030	0	151
2	2030	1	151
2	2030	1	151
2	2030	0	151
2	2030	3	151
2	2030	3	151
2	2030	0	151
2	2030	2	151
2	2030	0	151
2	2030	1	151
2	2030	4	151
2	2030	1	151
2	2030	1	151
2	2030	1	151
2	2030	0	151
2	2030	5	151
2	2030	0	151
2	2030	0	151
2	2030	2	151
2	2030	0	151
2	2030	3	151
2	2030	0	151
2	2030	0	151
2	2030	1	151
2	2030	0	151
2	2030	1	151
2	2030	2	151
2	2030	2	151
2	2030	1	151
2	2030	1	151
2	2030	2	151
2	2030	1	151
2	2030	2	151
2	2030	2	151
2	2030	3	151
2	2030	2	151
2	2030	0	151
0	1970	1	152
1	2000	4	152
2	2030	2	152
2	2030	0	152
2	2030	1	152
2	2030	1	152
0	1970	2	153
1	2000	3	153
1	2000	0	153
2	2030	2	153
2	2030	0	153
2	2030	1	153
0	1970	3	154
1	2000	4	154
1	2000	0	154
1	2000	0	154
2	2030	6	154
2	2030	0	154
2	2030	1	154
2	2030	2	154
0	1970	6	155
1	2000	2	155
1	2000	0	155
1	2000	3	155
1	2000	2	155
1	2000	2	155
1	2000	1	155
2	2030	2	155
2	2030	0	155
2	2030	3	155
2	2030	0	155
2	2030	1	155
2	2030	1	155
2	2030	1	155
2	2030	2	155
2	2030	1	155
2	2030	1	155
0	1970	2	156
1	2000	1	156
1	2000	1	156
2	2030	2	156
2	2030	1	156
0	1970	10	157
1	2000	8	157
1	2000	5	157
1	2000	3	157
1	2000	2	157
1	2000	1	157
1	2000	3	157
1	2000	0	157
1	2000	1	157
1	2000	0	157
1	2000	1	157
2	2030	1	157
2	2030	1	157
2	2030	0	157
2	2030	0	157
2	2030	6	157
2	2030	3	157
2	2030	1	157
2	2030	2	157
2	2030	3	157
2	2030	0	157
2	2030	2	157
2	2030	0	157
2	2030	0	157
2	2030	0	157
2	2030	1	157
2	2030	0	157
2	2030	1	157
2	2030	1	157
2	2030	2	157
2	2030	4	157
2	2030	2	157
2	2030	3	157
2	2030	1	157
2	2030	1	157
0	1970	2	158
1	2000	3	158
1	2000	4	158
2	2030	3	158
2	2030	2	158
2	2030	4	158
2	2030	0	158
2	2030	0	158
2	2030	1	158
2	2030	0	158
0	1970	3	159
1	2000	3	159
1	2000	0	159
1	2000	4	159
2	2030	0	159
2	2030	1	159
2	2030	1	159
2	2030	0	159
2	2030	0	159
2	2030	0	159
2	2030	2	159
0	1970	2	160
1	2000	3	160
1	2000	8	160
2	2030	2	160
2	2030	0	160
2	2030	1	160
2	2030	2	160
2	2030	1	160
2	2030	0	160
2	2030	0	160
2	2030	2	160
2	2030	1	160
2	2030	4	160
2	2030	4	160
0	1970	1	161
1	2000	3	161
2	2030	1	161
2	2030	2	161
2	2030	2	161
0	1970	4	162
1	2000	0	162
1	2000	0	162
1	2000	8	162
1	2000	0	162
2	2030	10	162
2	2030	7	162
2	2030	0	162
2	2030	0	162
2	2030	0	162
2	2030	3	162
2	2030	1	162
2	2030	1	162
0	1970	4	163
1	2000	8	163
1	2000	1	163
1	2000	6	163
1	2000	3	163
2	2030	1	163
2	2030	4	163
2	2030	0	163
2	2030	2	163
2	2030	3	163
2	2030	0	163
2	2030	0	163
2	2030	3	163
2	2030	3	163
2	2030	1	163
2	2030	0	163
2	2030	2	163
2	2030	0	163
2	2030	1	163
2	2030	0	163
2	2030	4	163
2	2030	0	163
2	2030	2	163
0	1970	11	164
1	2000	3	164
1	2000	3	164
1	2000	4	164
1	2000	1	164
1	2000	0	164
1	2000	4	164
1	2000	2	164
1	2000	1	164
1	2000	1	164
1	2000	1	164
1	2000	5	164
2	2030	2	164
2	2030	0	164
2	2030	4	164
2	2030	3	164
2	2030	0	164
2	2030	0	164
2	2030	1	164
2	2030	0	164
2	2030	0	164
2	2030	1	164
2	2030	0	164
2	2030	6	164
2	2030	2	164
2	2030	1	164
2	2030	4	164
2	2030	0	164
2	2030	2	164
2	2030	3	164
2	2030	2	164
2	2030	1	164
2	2030	2	164
2	2030	0	164
2	2030	3	164
2	2030	0	164
2	2030	0	164
0	1970	1	165
1	2000	4	165
2	2030	3	165
2	2030	2	165
2	2030	2	165
2	2030	2	165
0	1970	3	166
0	1970	1	166
1	2000	15	166
1	2000	7	166
1	2000	2	166
1	2000	15	166
2	2030	3	166
2	2030	1	166
2	2030	4	166
2	2030	2	166
2	2030	1	166
2	2030	3	166
2	2030	1	166
2	2030	2	166
2	2030	1	166
2	2030	2	166
2	2030	3	166
2	2030	2	166
2	2030	0	166
2	2030	1	166
2	2030	3	166
2	2030	0	166
2	2030	1	166
2	2030	1	166
2	2030	4	166
2	2030	1	166
2	2030	1	166
2	2030	0	166
2	2030	1	166
2	2030	5	166
0	1970	7	167
1	2000	0	167
1	2000	2	167
1	2000	4	167
1	2000	7	167
1	2000	2	167
1	2000	3	167
1	2000	14	167
2	2030	2	167
2	2030	2	167
2	2030	1	167
2	2030	1	167
2	2030	1	167
2	2030	2	167
2	2030	1	167
2	2030	11	167
2	2030	1	167
2	2030	0	167
2	2030	7	167
2	2030	0	167
2	2030	4	167
2	2030	8	167
2	2030	1	167
2	2030	4	167
2	2030	1	167
2	2030	0	167
2	2030	1	167
2	2030	0	167
2	2030	0	167
2	2030	5	167
2	2030	3	167
2	2030	2	167
2	2030	4	167
2	2030	9	167
2	2030	2	167
2	2030	3	167
2	2030	3	167
2	2030	0	167
2	2030	0	167
2	2030	0	167
0	1970	2	168
1	2000	2	168
1	2000	0	168
2	2030	3	168
2	2030	0	168
0	1970	5	169
1	2000	0	169
1	2000	3	169
1	2000	5	169
1	2000	3	169
1	2000	4	169
2	2030	0	169
2	2030	1	169
2	2030	1	169
2	2030	4	169
2	2030	3	169
2	2030	2	169
2	2030	0	169
2	2030	1	169
2	2030	2	169
2	2030	0	169
2	2030	0	169
2	2030	0	169
2	2030	0	169
2	2030	0	169
2	2030	0	169
0	1970	1	170
1	2000	2	170
2	2030	2	170
2	2030	0	170
0	1970	2	171
1	2000	2	171
1	2000	3	171
2	2030	0	171
2	2030	0	171
2	2030	1	171
2	2030	1	171
2	2030	2	171
0	1970	2	172
1	2000	4	172
1	2000	0	172
2	2030	0	172
2	2030	2	172
2	2030	4	172
2	2030	2	172
0	1970	1	173
1	2000	2	173
1	2000	2	173
2	2030	1	173
2	2030	3	173
0	1970	3	174
1	2000	5	174
1	2000	6	174
1	2000	1	174
2	2030	1	174
2	2030	2	174
2	2030	0	174
2	2030	2	174
2	2030	0	174
2	2030	0	174
2	2030	1	174
2	2030	4	174
2	2030	0	174
2	2030	2	174
2	2030	0	174
2	2030	1	174
0	1970	2	175
1	2000	0	175
1	2000	1	175
2	2030	3	175
0	1970	2	176
1	2000	6	176
1	2000	7	176
2	2030	3	176
2	2030	1	176
2	2030	0	176
2	2030	1	176
2	2030	0	176
2	2030	0	176
2	2030	1	176
2	2030	4	176
2	2030	5	176
2	2030	0	176
2	2030	3	176
2	2030	0	176
2	2030	0	176
0	1970	5	177
1	2000	1	177
1	2000	1	177
1	2000	1	177
1	2000	0	177
1	2000	1	177
2	2030	3	177
2	2030	1	177
2	2030	2	177
2	2030	4	177
0	1970	1	178
1	2000	5	178
2	2030	1	178
2	2030	2	178
2	2030	1	178
2	2030	0	178
2	2030	2	178
0	1970	3	179
1	2000	3	179
1	2000	3	179
1	2000	2	179
1	2000	0	179
1	2000	0	179
1	2000	7	179
2	2030	2	179
2	2030	4	179
2	2030	1	179
2	2030	3	179
2	2030	1	179
2	2030	5	179
2	2030	1	179
2	2030	1	179
2	2030	2	179
2	2030	4	179
2	2030	5	179
2	2030	2	179
2	2030	0	179
2	2030	0	179
2	2030	3	179
0	1970	1	180
1	2000	3	180
2	2030	1	180
2	2030	0	180
2	2030	1	180
0	1970	4	181
1	2000	4	181
1	2000	3	181
1	2000	1	181
1	2000	0	181
2	2030	0	181
2	2030	0	181
2	2030	1	181
2	2030	1	181
2	2030	3	181
2	2030	1	181
2	2030	0	181
2	2030	0	181
0	1970	0	182
0	1970	4	182
1	2000	0	182
1	2000	8	182
1	2000	1	182
1	2000	1	182
2	2030	0	182
2	2030	1	182
2	2030	2	182
2	2030	0	182
2	2030	1	182
2	2030	3	182
2	2030	0	182
2	2030	0	182
2	2030	1	182
2	2030	0	182
0	1970	14	183
0	1970	0	183
1	2000	2	183
1	2000	6	183
1	2000	2	183
1	2000	3	183
1	2000	6	183
1	2000	7	183
1	2000	3	183
1	2000	1	183
1	2000	0	183
1	2000	0	183
1	2000	5	183
1	2000	0	183
1	2000	1	183
1	2000	7	183
2	2030	0	183
2	2030	0	183
2	2030	4	183
2	2030	2	183
2	2030	0	183
2	2030	1	183
2	2030	3	183
2	2030	4	183
2	2030	1	183
2	2030	2	183
2	2030	4	183
2	2030	0	183
2	2030	2	183
2	2030	2	183
2	2030	2	183
2	2030	2	183
2	2030	2	183
2	2030	2	183
2	2030	2	183
2	2030	1	183
2	2030	2	183
2	2030	2	183
2	2030	6	183
2	2030	0	183
2	2030	0	183
2	2030	1	183
2	2030	3	183
2	2030	1	183
2	2030	5	183
2	2030	0	183
2	2030	1	183
2	2030	1	183
2	2030	1	183
2	2030	0	183
2	2030	0	183
2	2030	3	183
2	2030	1	183
2	2030	2	183
2	2030	2	183
2	2030	7	183
2	2030	1	183
2	2030	2	183
2	2030	0	183
0	1970	3	184
1	2000	1	184
1	2000	1	184
1	2000	1	184
2	2030	0	184
2	2030	2	184
2	2030	4	184
0	1970	1	185
1	2000	1	185
1	2000	3	185
2	2030	4	185
2	2030	6	185
2	2030	6	185
2	2030	0	185
0	1970	2	186
1	2000	3	186
1	2000	2	186
2	2030	3	186
2	2030	2	186
2	2030	0	186
2	2030	0	186
2	2030	0	186
0	1970	4	187
1	2000	4	187
1	2000	9	187
1	2000	1	187
1	2000	4	187
2	2030	2	187
2	2030	2	187
2	2030	2	187
2	2030	1	187
2	2030	1	187
2	2030	1	187
2	2030	0	187
2	2030	1	187
2	2030	2	187
2	2030	0	187
2	2030	0	187
2	2030	0	187
2	2030	2	187
2	2030	1	187
2	2030	2	187
2	2030	0	187
2	2030	0	187
2	2030	0	187
0	1970	2	188
1	2000	1	188
1	2000	1	188
2	2030	0	188
2	2030	1	188
0	1970	4	189
0	1970	1	189
1	2000	0	189
1	2000	3	189
1	2000	17	189
1	2000	0	189
1	2000	1	189
2	2030	1	189
2	2030	2	189
2	2030	4	189
2	2030	5	189
2	2030	2	189
2	2030	0	189
2	2030	7	189
2	2030	1	189
2	2030	1	189
2	2030	0	189
2	2030	1	189
2	2030	0	189
2	2030	2	189
2	2030	2	189
2	2030	4	189
2	2030	9	189
2	2030	3	189
2	2030	0	189
2	2030	4	189
2	2030	0	189
2	2030	0	189
0	1970	5	190
1	2000	4	190
1	2000	0	190
1	2000	3	190
1	2000	3	190
1	2000	1	190
2	2030	1	190
2	2030	2	190
2	2030	1	190
2	2030	0	190
2	2030	4	190
2	2030	1	190
2	2030	1	190
2	2030	0	190
2	2030	1	190
2	2030	0	190
2	2030	0	190
0	1970	2	191
1	2000	2	191
1	2000	2	191
2	2030	1	191
2	2030	1	191
2	2030	0	191
2	2030	0	191
0	1970	12	192
0	1970	4	192
1	2000	3	192
1	2000	5	192
1	2000	0	192
1	2000	10	192
1	2000	3	192
1	2000	1	192
1	2000	4	192
1	2000	5	192
1	2000	0	192
1	2000	0	192
1	2000	0	192
1	2000	2	192
1	2000	0	192
1	2000	0	192
1	2000	5	192
1	2000	0	192
2	2030	0	192
2	2030	1	192
2	2030	0	192
2	2030	2	192
2	2030	1	192
2	2030	0	192
2	2030	2	192
2	2030	2	192
2	2030	0	192
2	2030	0	192
2	2030	3	192
2	2030	1	192
2	2030	1	192
2	2030	0	192
2	2030	0	192
2	2030	0	192
2	2030	0	192
2	2030	2	192
2	2030	8	192
2	2030	0	192
2	2030	5	192
2	2030	2	192
2	2030	3	192
2	2030	5	192
2	2030	2	192
2	2030	1	192
2	2030	1	192
2	2030	1	192
2	2030	3	192
2	2030	0	192
2	2030	0	192
2	2030	2	192
2	2030	5	192
0	1970	10	193
1	2000	1	193
1	2000	1	193
1	2000	0	193
1	2000	0	193
1	2000	2	193
1	2000	0	193
1	2000	2	193
1	2000	0	193
1	2000	0	193
1	2000	2	193
2	2030	5	193
2	2030	4	193
2	2030	0	193
2	2030	1	193
2	2030	0	193
2	2030	0	193
2	2030	1	193
2	2030	2	193
0	1970	2	194
1	2000	0	194
1	2000	2	194
2	2030	2	194
2	2030	0	194
0	1970	3	195
1	2000	0	195
1	2000	4	195
1	2000	1	195
2	2030	0	195
2	2030	0	195
2	2030	4	195
2	2030	0	195
2	2030	0	195
0	1970	2	196
1	2000	2	196
1	2000	3	196
2	2030	0	196
2	2030	0	196
2	2030	8	196
2	2030	1	196
2	2030	1	196
0	1970	7	197
1	2000	0	197
1	2000	5	197
1	2000	0	197
1	2000	5	197
1	2000	5	197
1	2000	2	197
1	2000	11	197
2	2030	2	197
2	2030	1	197
2	2030	0	197
2	2030	0	197
2	2030	2	197
2	2030	0	197
2	2030	3	197
2	2030	2	197
2	2030	3	197
2	2030	0	197
2	2030	1	197
2	2030	2	197
2	2030	1	197
2	2030	0	197
2	2030	1	197
2	2030	1	197
2	2030	0	197
2	2030	0	197
2	2030	4	197
2	2030	3	197
2	2030	0	197
2	2030	0	197
2	2030	3	197
2	2030	0	197
2	2030	1	197
2	2030	0	197
2	2030	2	197
2	2030	1	197
0	1970	10	198
0	1970	2	198
1	2000	3	198
1	2000	0	198
1	2000	1	198
1	2000	4	198
1	2000	0	198
1	2000	9	198
1	2000	1	198
1	2000	3	198
1	2000	3	198
1	2000	4	198
1	2000	1	198
1	2000	9	198
2	2030	0	198
2	2030	0	198
2	2030	0	198
2	2030	2	198
2	2030	2	198
2	2030	0	198
2	2030	1	198
2	2030	0	198
2	2030	0	198
2	2030	3	198
2	2030	3	198
2	2030	0	198
2	2030	1	198
2	2030	1	198
2	2030	3	198
2	2030	1	198
2	2030	3	198
2	2030	1	198
2	2030	2	198
2	2030	0	198
2	2030	1	198
2	2030	0	198
2	2030	0	198
2	2030	2	198
2	2030	4	198
2	2030	0	198
2	2030	1	198
2	2030	2	198
2	2030	7	198
0	1970	14	199
1	2000	2	199
1	2000	1	199
1	2000	2	199
1	2000	1	199
1	2000	5	199
1	2000	0	199
1	2000	0	199
1	2000	3	199
1	2000	5	199
1	2000	1	199
1	2000	1	199
1	2000	0	199
1	2000	3	199
1	2000	2	199
2	2030	2	199
2	2030	1	199
2	2030	1	199
2	2030	0	199
2	2030	1	199
2	2030	0	199
2	2030	0	199
2	2030	1	199
2	2030	0	199
2	2030	1	199
2	2030	4	199
2	2030	2	199
2	2030	0	199
2	2030	0	199
2	2030	1	199
2	2030	3	199
2	2030	2	199
2	2030	0	199
2	2030	1	199
2	2030	1	199
2	2030	0	199
2	2030	0	199
2	2030	6	199
2	2030	0	199
2	2030	1	199
2	2030	4	199
0	1970	2	200
1	2000	2	200
1	2000	0	200
2	2030	5	200
2	2030	0	200
0	1970	2	201
1	2000	3	201
1	2000	2	201
2	2030	0	201
2	2030	2	201
2	2030	4	201
2	2030	3	201
2	2030	2	201
0	1970	8	202
1	2000	0	202
1	2000	1	202
1	2000	1	202
1	2000	0	202
1	2000	2	202
1	2000	1	202
1	2000	6	202
1	2000	2	202
2	2030	0	202
2	2030	1	202
2	2030	0	202
2	2030	0	202
2	2030	1	202
2	2030	1	202
2	2030	1	202
2	2030	1	202
2	2030	2	202
2	2030	2	202
2	2030	1	202
2	2030	0	202
2	2030	6	202
0	1970	2	203
1	2000	1	203
1	2000	2	203
2	2030	3	203
2	2030	0	203
2	2030	1	203
0	1970	2	204
1	2000	5	204
1	2000	0	204
2	2030	1	204
2	2030	1	204
2	2030	1	204
2	2030	0	204
2	2030	1	204
0	1970	2	205
1	2000	0	205
1	2000	5	205
2	2030	5	205
2	2030	0	205
2	2030	1	205
2	2030	4	205
2	2030	3	205
0	1970	2	206
1	2000	0	206
1	2000	2	206
1	2000	2	206
1	2000	0	206
2	2030	0	206
2	2030	0	206
0	1970	5	207
1	2000	0	207
1	2000	1	207
1	2000	1	207
1	2000	0	207
1	2000	0	207
2	2030	1	207
2	2030	10	207
0	1970	21	208
1	2000	1	208
1	2000	0	208
1	2000	0	208
1	2000	0	208
1	2000	2	208
1	2000	0	208
1	2000	2	208
1	2000	6	208
1	2000	0	208
1	2000	2	208
1	2000	2	208
1	2000	3	208
1	2000	1	208
1	2000	2	208
1	2000	6	208
1	2000	2	208
1	2000	0	208
1	2000	0	208
1	2000	3	208
1	2000	0	208
1	2000	2	208
2	2030	1	208
2	2030	2	208
2	2030	1	208
2	2030	4	208
2	2030	1	208
2	2030	0	208
2	2030	2	208
2	2030	3	208
2	2030	0	208
2	2030	0	208
2	2030	1	208
2	2030	1	208
2	2030	1	208
2	2030	1	208
2	2030	3	208
2	2030	0	208
2	2030	1	208
2	2030	1	208
2	2030	1	208
2	2030	6	208
2	2030	1	208
2	2030	1	208
2	2030	2	208
2	2030	0	208
2	2030	0	208
2	2030	0	208
2	2030	0	208
2	2030	4	208
2	2030	4	208
2	2030	1	208
2	2030	1	208
2	2030	0	208
2	2030	1	208
2	2030	5	208
0	1970	3	209
1	2000	4	209
1	2000	2	209
1	2000	2	209
2	2030	2	209
2	2030	0	209
2	2030	0	209
2	2030	2	209
2	2030	1	209
2	2030	0	209
2	2030	2	209
2	2030	0	209
0	1970	6	210
1	2000	3	210
1	2000	3	210
1	2000	6	210
1	2000	1	210
1	2000	0	210
1	2000	2	210
2	2030	1	210
2	2030	0	210
2	2030	1	210
2	2030	2	210
2	2030	1	210
2	2030	1	210
2	2030	2	210
2	2030	0	210
2	2030	0	210
2	2030	7	210
2	2030	1	210
2	2030	1	210
2	2030	0	210
2	2030	2	210
2	2030	5	210
0	1970	2	211
1	2000	6	211
1	2000	9	211
2	2030	7	211
2	2030	1	211
2	2030	0	211
2	2030	1	211
2	2030	2	211
2	2030	1	211
2	2030	2	211
2	2030	1	211
2	2030	3	211
2	2030	1	211
2	2030	5	211
2	2030	1	211
2	2030	4	211
2	2030	4	211
2	2030	1	211
0	1970	3	212
1	2000	1	212
1	2000	0	212
1	2000	7	212
2	2030	0	212
2	2030	0	212
2	2030	3	212
2	2030	0	212
2	2030	3	212
2	2030	0	212
2	2030	5	212
2	2030	4	212
0	1970	8	213
0	1970	0	213
1	2000	4	213
1	2000	1	213
1	2000	4	213
1	2000	0	213
1	2000	14	213
1	2000	2	213
1	2000	1	213
1	2000	6	213
2	2030	1	213
2	2030	3	213
2	2030	1	213
2	2030	0	213
2	2030	3	213
2	2030	4	213
2	2030	1	213
2	2030	1	213
2	2030	1	213
2	2030	1	213
2	2030	11	213
2	2030	2	213
2	2030	0	213
2	2030	1	213
2	2030	4	213
2	2030	0	213
2	2030	1	213
2	2030	2	213
2	2030	1	213
2	2030	4	213
2	2030	2	213
2	2030	0	213
2	2030	2	213
2	2030	6	213
2	2030	0	213
2	2030	2	213
2	2030	1	213
2	2030	1	213
2	2030	6	213
2	2030	0	213
2	2030	0	213
2	2030	4	213
0	1970	6	214
1	2000	2	214
1	2000	2	214
1	2000	1	214
1	2000	0	214
1	2000	1	214
1	2000	10	214
2	2030	4	214
2	2030	1	214
2	2030	3	214
2	2030	0	214
2	2030	0	214
2	2030	3	214
2	2030	1	214
2	2030	1	214
2	2030	2	214
2	2030	1	214
2	2030	4	214
2	2030	2	214
2	2030	3	214
2	2030	0	214
2	2030	1	214
2	2030	1	214
0	1970	6	215
0	1970	3	215
1	2000	0	215
1	2000	10	215
1	2000	1	215
1	2000	10	215
1	2000	10	215
1	2000	2	215
1	2000	0	215
1	2000	1	215
1	2000	10	215
2	2030	1	215
2	2030	0	215
2	2030	0	215
2	2030	1	215
2	2030	7	215
2	2030	1	215
2	2030	2	215
2	2030	1	215
2	2030	0	215
2	2030	1	215
2	2030	0	215
2	2030	3	215
2	2030	2	215
2	2030	0	215
2	2030	3	215
2	2030	3	215
2	2030	0	215
2	2030	0	215
2	2030	4	215
2	2030	1	215
2	2030	2	215
2	2030	0	215
2	2030	1	215
0	1970	2	216
0	1970	8	216
1	2000	3	216
1	2000	9	216
1	2000	2	216
1	2000	1	216
1	2000	9	216
1	2000	2	216
1	2000	1	216
1	2000	3	216
1	2000	0	216
1	2000	8	216
2	2030	2	216
2	2030	1	216
2	2030	1	216
2	2030	0	216
2	2030	3	216
2	2030	5	216
2	2030	0	216
2	2030	3	216
2	2030	0	216
2	2030	2	216
2	2030	1	216
2	2030	2	216
2	2030	2	216
2	2030	9	216
2	2030	1	216
2	2030	6	216
2	2030	9	216
2	2030	0	216
2	2030	1	216
2	2030	6	216
2	2030	5	216
2	2030	2	216
2	2030	1	216
2	2030	4	216
2	2030	1	216
2	2030	1	216
2	2030	1	216
2	2030	2	216
2	2030	1	216
0	1970	1	217
1	2000	1	217
1	2000	1	217
2	2030	0	217
0	1970	8	218
1	2000	3	218
1	2000	1	218
1	2000	1	218
1	2000	6	218
1	2000	1	218
1	2000	1	218
1	2000	0	218
1	2000	1	218
2	2030	0	218
2	2030	2	218
2	2030	0	218
2	2030	2	218
2	2030	2	218
2	2030	2	218
2	2030	0	218
2	2030	2	218
2	2030	1	218
2	2030	2	218
2	2030	0	218
2	2030	5	218
2	2030	0	218
2	2030	3	218
0	1970	3	219
1	2000	2	219
1	2000	1	219
1	2000	6	219
2	2030	2	219
2	2030	2	219
2	2030	0	219
2	2030	3	219
2	2030	1	219
2	2030	1	219
2	2030	2	219
2	2030	2	219
2	2030	1	219
0	1970	5	220
1	2000	2	220
1	2000	6	220
1	2000	0	220
1	2000	7	220
1	2000	0	220
2	2030	2	220
2	2030	0	220
2	2030	0	220
2	2030	0	220
2	2030	0	220
2	2030	1	220
2	2030	0	220
2	2030	0	220
2	2030	0	220
2	2030	0	220
2	2030	2	220
2	2030	4	220
2	2030	2	220
2	2030	6	220
2	2030	1	220
0	1970	7	221
1	2000	3	221
1	2000	11	221
1	2000	2	221
1	2000	5	221
1	2000	0	221
1	2000	2	221
1	2000	6	221
2	2030	1	221
2	2030	1	221
2	2030	1	221
2	2030	1	221
2	2030	2	221
2	2030	3	221
2	2030	0	221
2	2030	1	221
2	2030	0	221
2	2030	1	221
2	2030	0	221
2	2030	1	221
2	2030	0	221
2	2030	3	221
2	2030	2	221
2	2030	1	221
2	2030	1	221
2	2030	11	221
2	2030	1	221
2	2030	3	221
2	2030	0	221
2	2030	2	221
2	2030	1	221
2	2030	2	221
2	2030	1	221
2	2030	2	221
2	2030	2	221
2	2030	1	221
2	2030	2	221
0	1970	4	222
1	2000	2	222
1	2000	1	222
1	2000	1	222
1	2000	0	222
2	2030	2	222
2	2030	1	222
2	2030	2	222
2	2030	3	222
0	1970	10	223
1	2000	2	223
1	2000	0	223
1	2000	0	223
1	2000	3	223
1	2000	2	223
1	2000	5	223
1	2000	0	223
1	2000	1	223
1	2000	2	223
1	2000	2	223
2	2030	2	223
2	2030	3	223
2	2030	0	223
2	2030	0	223
2	2030	0	223
2	2030	1	223
2	2030	1	223
2	2030	3	223
2	2030	3	223
2	2030	2	223
2	2030	1	223
2	2030	4	223
2	2030	2	223
2	2030	0	223
2	2030	0	223
2	2030	1	223
2	2030	0	223
0	1970	7	224
0	1970	1	224
1	2000	3	224
1	2000	0	224
1	2000	1	224
1	2000	3	224
1	2000	1	224
1	2000	4	224
1	2000	4	224
1	2000	3	224
2	2030	1	224
2	2030	2	224
2	2030	0	224
2	2030	1	224
2	2030	0	224
2	2030	0	224
2	2030	0	224
2	2030	3	224
2	2030	0	224
2	2030	0	224
2	2030	3	224
2	2030	4	224
2	2030	2	224
2	2030	4	224
2	2030	0	224
2	2030	3	224
0	1970	7	225
1	2000	4	225
1	2000	2	225
1	2000	1	225
1	2000	2	225
1	2000	6	225
1	2000	0	225
1	2000	1	225
2	2030	3	225
2	2030	0	225
2	2030	1	225
2	2030	3	225
2	2030	1	225
2	2030	0	225
2	2030	0	225
2	2030	1	225
2	2030	0	225
2	2030	0	225
2	2030	1	225
2	2030	0	225
2	2030	1	225
2	2030	2	225
2	2030	1	225
2	2030	0	225
0	1970	10	226
1	2000	4	226
1	2000	12	226
1	2000	0	226
1	2000	0	226
1	2000	1	226
1	2000	3	226
1	2000	11	226
1	2000	1	226
1	2000	4	226
1	2000	6	226
2	2030	3	226
2	2030	0	226
2	2030	1	226
2	2030	5	226
2	2030	2	226
2	2030	0	226
2	2030	1	226
2	2030	7	226
2	2030	1	226
2	2030	1	226
2	2030	3	226
2	2030	0	226
2	2030	7	226
2	2030	7	226
2	2030	1	226
2	2030	0	226
2	2030	0	226
2	2030	0	226
2	2030	2	226
2	2030	3	226
2	2030	0	226
2	2030	1	226
2	2030	0	226
2	2030	1	226
2	2030	1	226
2	2030	2	226
2	2030	0	226
2	2030	5	226
2	2030	1	226
2	2030	3	226
2	2030	3	226
2	2030	2	226
2	2030	2	226
2	2030	3	226
2	2030	3	226
2	2030	0	226
2	2030	2	226
2	2030	1	226
2	2030	0	226
2	2030	0	226
2	2030	0	226
2	2030	1	226
0	1970	13	227
1	2000	0	227
1	2000	0	227
1	2000	0	227
1	2000	4	227
1	2000	1	227
1	2000	0	227
1	2000	2	227
1	2000	0	227
1	2000	4	227
1	2000	2	227
1	2000	2	227
1	2000	5	227
1	2000	1	227
2	2030	1	227
2	2030	2	227
2	2030	0	227
2	2030	2	227
2	2030	0	227
2	2030	3	227
2	2030	0	227
2	2030	4	227
2	2030	1	227
2	2030	1	227
2	2030	0	227
2	2030	1	227
2	2030	2	227
2	2030	3	227
2	2030	1	227
2	2030	0	227
2	2030	2	227
2	2030	0	227
2	2030	1	227
2	2030	2	227
2	2030	0	227
0	1970	3	228
1	2000	17	228
1	2000	1	228
1	2000	1	228
2	2030	3	228
2	2030	2	228
2	2030	1	228
2	2030	1	228
2	2030	1	228
2	2030	1	228
2	2030	2	228
2	2030	2	228
2	2030	1	228
2	2030	2	228
2	2030	4	228
2	2030	1	228
2	2030	3	228
2	2030	7	228
2	2030	13	228
2	2030	2	228
2	2030	4	228
2	2030	2	228
2	2030	4	228
0	1970	5	229
1	2000	2	229
1	2000	2	229
1	2000	0	229
1	2000	4	229
1	2000	4	229
2	2030	1	229
2	2030	0	229
2	2030	1	229
2	2030	0	229
2	2030	2	229
2	2030	3	229
2	2030	6	229
2	2030	0	229
2	2030	0	229
2	2030	2	229
2	2030	3	229
2	2030	3	229
0	1970	1	230
1	2000	1	230
1	2000	2	230
2	2030	2	230
2	2030	2	230
2	2030	0	230
0	1970	5	231
1	2000	5	231
1	2000	3	231
1	2000	0	231
1	2000	0	231
1	2000	1	231
2	2030	2	231
2	2030	3	231
2	2030	0	231
2	2030	6	231
2	2030	2	231
2	2030	0	231
2	2030	1	231
2	2030	0	231
2	2030	4	231
0	1970	5	232
1	2000	2	232
1	2000	0	232
1	2000	2	232
1	2000	0	232
1	2000	2	232
2	2030	1	232
2	2030	1	232
2	2030	1	232
2	2030	1	232
2	2030	4	232
2	2030	1	232
0	1970	1	233
1	2000	3	233
2	2030	1	233
2	2030	3	233
2	2030	2	233
0	1970	3	234
1	2000	4	234
1	2000	3	234
1	2000	1	234
2	2030	0	234
2	2030	1	234
2	2030	1	234
2	2030	3	234
2	2030	0	234
2	2030	2	234
2	2030	1	234
2	2030	1	234
0	1970	3	235
1	2000	5	235
1	2000	1	235
1	2000	0	235
2	2030	1	235
2	2030	1	235
2	2030	5	235
2	2030	0	235
2	2030	0	235
2	2030	4	235
0	1970	6	236
1	2000	0	236
1	2000	5	236
1	2000	7	236
1	2000	1	236
1	2000	6	236
1	2000	1	236
2	2030	2	236
2	2030	4	236
2	2030	4	236
2	2030	2	236
2	2030	0	236
2	2030	0	236
2	2030	0	236
2	2030	0	236
2	2030	0	236
2	2030	1	236
2	2030	0	236
2	2030	2	236
2	2030	3	236
2	2030	0	236
2	2030	2	236
2	2030	1	236
2	2030	2	236
2	2030	0	236
2	2030	6	236
2	2030	0	236
0	1970	13	237
1	2000	1	237
1	2000	9	237
1	2000	1	237
1	2000	3	237
1	2000	0	237
1	2000	6	237
1	2000	5	237
1	2000	2	237
1	2000	1	237
1	2000	2	237
1	2000	0	237
1	2000	3	237
1	2000	2	237
2	2030	5	237
2	2030	3	237
2	2030	3	237
2	2030	4	237
2	2030	2	237
2	2030	0	237
2	2030	0	237
2	2030	2	237
2	2030	1	237
2	2030	0	237
2	2030	2	237
2	2030	4	237
2	2030	1	237
2	2030	0	237
2	2030	0	237
2	2030	0	237
2	2030	3	237
2	2030	2	237
2	2030	2	237
2	2030	0	237
2	2030	1	237
2	2030	5	237
2	2030	1	237
2	2030	1	237
2	2030	0	237
2	2030	1	237
2	2030	3	237
2	2030	7	237
2	2030	3	237
2	2030	2	237
2	2030	1	237
2	2030	1	237
2	2030	1	237
2	2030	3	237
2	2030	0	237
0	1970	8	238
1	2000	1	238
1	2000	3	238
1	2000	7	238
1	2000	6	238
1	2000	0	238
1	2000	2	238
1	2000	4	238
1	2000	2	238
2	2030	0	238
2	2030	0	238
2	2030	0	238
2	2030	2	238
2	2030	0	238
2	2030	3	238
2	2030	1	238
2	2030	2	238
2	2030	1	238
2	2030	3	238
2	2030	0	238
2	2030	1	238
2	2030	1	238
2	2030	0	238
2	2030	1	238
2	2030	0	238
2	2030	2	238
2	2030	1	238
2	2030	10	238
2	2030	2	238
2	2030	0	238
2	2030	6	238
2	2030	0	238
2	2030	2	238
2	2030	8	238
0	1970	5	239
1	2000	5	239
1	2000	2	239
1	2000	2	239
1	2000	2	239
1	2000	0	239
2	2030	3	239
2	2030	2	239
2	2030	0	239
2	2030	4	239
2	2030	1	239
2	2030	2	239
2	2030	0	239
2	2030	0	239
2	2030	0	239
2	2030	4	239
2	2030	0	239
0	1970	1	240
1	2000	7	240
2	2030	1	240
2	2030	4	240
2	2030	1	240
2	2030	1	240
2	2030	1	240
2	2030	1	240
2	2030	4	240
0	1970	1	241
1	2000	5	241
2	2030	0	241
2	2030	2	241
2	2030	2	241
2	2030	0	241
2	2030	6	241
0	1970	2	242
0	1970	5	242
1	2000	6	242
1	2000	1	242
1	2000	4	242
1	2000	8	242
1	2000	4	242
1	2000	0	242
1	2000	2	242
2	2030	3	242
2	2030	3	242
2	2030	4	242
2	2030	2	242
2	2030	0	242
2	2030	1	242
2	2030	1	242
2	2030	2	242
2	2030	3	242
2	2030	0	242
2	2030	1	242
2	2030	0	242
2	2030	0	242
2	2030	3	242
2	2030	4	242
2	2030	1	242
2	2030	4	242
2	2030	4	242
2	2030	0	242
2	2030	0	242
2	2030	1	242
0	1970	1	243
0	1970	5	243
1	2000	2	243
1	2000	2	243
1	2000	2	243
1	2000	1	243
1	2000	1	243
1	2000	1	243
2	2030	3	243
2	2030	1	243
2	2030	2	243
2	2030	1	243
2	2030	3	243
2	2030	1	243
2	2030	0	243
0	1970	7	244
1	2000	1	244
1	2000	3	244
1	2000	1	244
1	2000	3	244
1	2000	0	244
1	2000	1	244
1	2000	0	244
2	2030	4	244
2	2030	3	244
2	2030	1	244
2	2030	2	244
2	2030	1	244
2	2030	0	244
2	2030	0	244
2	2030	3	244
2	2030	3	244
0	1970	10	245
1	2000	2	245
1	2000	3	245
1	2000	0	245
1	2000	8	245
1	2000	8	245
1	2000	2	245
1	2000	0	245
1	2000	4	245
1	2000	5	245
1	2000	0	245
2	2030	0	245
2	2030	1	245
2	2030	0	245
2	2030	0	245
2	2030	2	245
2	2030	3	245
2	2030	1	245
2	2030	1	245
2	2030	6	245
2	2030	0	245
2	2030	5	245
2	2030	2	245
2	2030	3	245
2	2030	0	245
2	2030	1	245
2	2030	0	245
2	2030	4	245
2	2030	0	245
2	2030	1	245
2	2030	3	245
2	2030	1	245
2	2030	3	245
2	2030	0	245
2	2030	3	245
2	2030	3	245
2	2030	2	245
2	2030	0	245
2	2030	4	245
2	2030	2	245
2	2030	0	245
2	2030	1	245
2	2030	0	245
0	1970	1	246
1	2000	6	246
1	2000	6	246
2	2030	1	246
2	2030	0	246
2	2030	0	246
2	2030	2	246
2	2030	1	246
2	2030	1	246
0	1970	5	247
1	2000	3	247
1	2000	2	247
1	2000	3	247
1	2000	3	247
1	2000	2	247
2	2030	2	247
2	2030	2	247
2	2030	1	247
2	2030	2	247
2	2030	0	247
2	2030	1	247
2	2030	1	247
2	2030	2	247
2	2030	0	247
2	2030	1	247
2	2030	0	247
2	2030	1	247
2	2030	0	247
0	1970	3	248
1	2000	3	248
1	2000	4	248
1	2000	3	248
2	2030	1	248
2	2030	0	248
2	2030	1	248
2	2030	1	248
2	2030	0	248
2	2030	0	248
2	2030	1	248
2	2030	2	248
2	2030	0	248
2	2030	1	248
0	1970	2	249
1	2000	2	249
1	2000	5	249
2	2030	1	249
2	2030	0	249
2	2030	12	249
2	2030	0	249
2	2030	0	249
2	2030	6	249
2	2030	4	249
0	1970	1	250
1	2000	12	250
1	2000	12	250
2	2030	3	250
2	2030	1	250
2	2030	2	250
2	2030	1	250
2	2030	0	250
2	2030	3	250
2	2030	0	250
2	2030	0	250
2	2030	0	250
2	2030	0	250
2	2030	0	250
2	2030	0	250
0	1970	1	251
1	2000	2	251
2	2030	1	251
2	2030	1	251
0	1970	3	252
1	2000	2	252
1	2000	17	252
1	2000	1	252
2	2030	0	252
2	2030	0	252
2	2030	2	252
2	2030	2	252
2	2030	1	252
2	2030	3	252
2	2030	1	252
2	2030	1	252
2	2030	0	252
2	2030	1	252
2	2030	1	252
2	2030	1	252
2	2030	0	252
2	2030	3	252
2	2030	0	252
2	2030	1	252
2	2030	3	252
2	2030	3	252
2	2030	0	252
2	2030	9	252
0	1970	2	253
1	2000	0	253
1	2000	2	253
2	2030	1	253
2	2030	0	253
0	1970	16	254
1	2000	4	254
1	2000	2	254
1	2000	0	254
1	2000	0	254
1	2000	1	254
1	2000	0	254
1	2000	4	254
1	2000	4	254
1	2000	7	254
1	2000	5	254
1	2000	2	254
1	2000	4	254
1	2000	0	254
1	2000	5	254
1	2000	2	254
1	2000	4	254
2	2030	5	254
2	2030	7	254
2	2030	1	254
2	2030	1	254
2	2030	2	254
2	2030	2	254
2	2030	1	254
2	2030	0	254
2	2030	2	254
2	2030	2	254
2	2030	0	254
2	2030	1	254
2	2030	1	254
2	2030	1	254
2	2030	1	254
2	2030	2	254
2	2030	0	254
2	2030	1	254
2	2030	0	254
2	2030	5	254
2	2030	2	254
2	2030	1	254
2	2030	0	254
2	2030	4	254
2	2030	0	254
2	2030	1	254
2	2030	0	254
2	2030	2	254
2	2030	1	254
2	2030	2	254
2	2030	1	254
2	2030	1	254
2	2030	0	254
2	2030	3	254
2	2030	1	254
2	2030	0	254
2	2030	2	254
2	2030	3	254
2	2030	0	254
2	2030	2	254
2	2030	1	254
2	2030	4	254
2	2030	0	254
2	2030	4	254
0	1970	3	255
1	2000	7	255
1	2000	0	255
1	2000	0	255
2	2030	2	255
2	2030	1	255
2	2030	1	255
2	2030	4	255
2	2030	0	255
2	2030	1	255
2	2030	1	255
0	1970	10	256
1	2000	1	256
1	2000	1	256
1	2000	1	256
1	2000	1	256
1	2000	2	256
1	2000	3	256
1	2000	1	256
1	2000	0	256
1	2000	5	256
1	2000	2	256
2	2030	3	256
2	2030	0	256
2	2030	0	256
2	2030	2	256
2	2030	1	256
2	2030	0	256
2	2030	0	256
2	2030	3	256
2	2030	0	256
2	2030	1	256
2	2030	3	256
2	2030	0	256
2	2030	0	256
2	2030	1	256
2	2030	2	256
2	2030	1	256
2	2030	0	256
0	1970	3	257
1	2000	5	257
1	2000	4	257
1	2000	0	257
2	2030	5	257
2	2030	0	257
2	2030	4	257
2	2030	1	257
2	2030	1	257
2	2030	2	257
2	2030	0	257
2	2030	1	257
2	2030	0	257
0	1970	0	258
0	1970	3	258
1	2000	2	258
1	2000	4	258
1	2000	3	258
2	2030	1	258
2	2030	0	258
2	2030	0	258
2	2030	0	258
2	2030	1	258
2	2030	1	258
2	2030	2	258
2	2030	1	258
2	2030	1	258
0	1970	3	259
1	2000	5	259
1	2000	11	259
1	2000	1	259
2	2030	2	259
2	2030	1	259
2	2030	4	259
2	2030	2	259
2	2030	7	259
2	2030	3	259
2	2030	0	259
2	2030	2	259
2	2030	1	259
2	2030	0	259
2	2030	4	259
2	2030	1	259
2	2030	6	259
2	2030	1	259
2	2030	9	259
2	2030	2	259
2	2030	2	259
0	1970	19	260
1	2000	2	260
1	2000	0	260
1	2000	0	260
1	2000	2	260
1	2000	2	260
1	2000	3	260
1	2000	10	260
1	2000	1	260
1	2000	1	260
1	2000	3	260
1	2000	1	260
1	2000	0	260
1	2000	2	260
1	2000	0	260
1	2000	26	260
1	2000	5	260
1	2000	3	260
1	2000	5	260
1	2000	5	260
2	2030	4	260
2	2030	0	260
2	2030	1	260
2	2030	1	260
2	2030	1	260
2	2030	0	260
2	2030	8	260
2	2030	3	260
2	2030	2	260
2	2030	0	260
2	2030	3	260
2	2030	0	260
2	2030	1	260
2	2030	5	260
2	2030	0	260
2	2030	0	260
2	2030	1	260
2	2030	0	260
2	2030	3	260
2	2030	1	260
2	2030	2	260
2	2030	1	260
2	2030	4	260
2	2030	1	260
2	2030	1	260
2	2030	2	260
2	2030	0	260
2	2030	1	260
2	2030	1	260
2	2030	2	260
2	2030	0	260
2	2030	3	260
2	2030	3	260
2	2030	5	260
2	2030	3	260
2	2030	1	260
2	2030	3	260
2	2030	3	260
2	2030	2	260
2	2030	1	260
2	2030	0	260
2	2030	0	260
2	2030	0	260
2	2030	2	260
2	2030	6	260
2	2030	1	260
2	2030	0	260
2	2030	1	260
2	2030	5	260
2	2030	0	260
2	2030	0	260
2	2030	3	260
2	2030	4	260
2	2030	6	260
2	2030	2	260
2	2030	2	260
2	2030	1	260
2	2030	1	260
2	2030	1	260
2	2030	0	260
2	2030	2	260
2	2030	1	260
2	2030	5	260
2	2030	2	260
2	2030	2	260
2	2030	0	260
2	2030	2	260
2	2030	2	260
2	2030	1	260
2	2030	0	260
2	2030	5	260
0	1970	5	261
1	2000	2	261
1	2000	1	261
1	2000	0	261
1	2000	1	261
1	2000	2	261
2	2030	0	261
2	2030	0	261
2	2030	0	261
2	2030	2	261
2	2030	3	261
2	2030	0	261
0	1970	5	262
1	2000	0	262
1	2000	0	262
1	2000	3	262
1	2000	1	262
1	2000	2	262
2	2030	1	262
2	2030	2	262
2	2030	2	262
2	2030	0	262
2	2030	0	262
2	2030	0	262
0	1970	6	263
1	2000	2	263
1	2000	2	263
1	2000	6	263
1	2000	2	263
1	2000	0	263
1	2000	4	263
2	2030	4	263
2	2030	1	263
2	2030	0	263
2	2030	0	263
2	2030	0	263
2	2030	2	263
2	2030	3	263
2	2030	0	263
2	2030	0	263
2	2030	2	263
2	2030	1	263
2	2030	0	263
2	2030	2	263
2	2030	0	263
2	2030	2	263
2	2030	1	263
0	1970	1	264
1	2000	4	264
2	2030	1	264
2	2030	2	264
2	2030	0	264
2	2030	2	264
0	1970	4	265
1	2000	1	265
1	2000	1	265
1	2000	0	265
1	2000	2	265
2	2030	1	265
2	2030	3	265
2	2030	0	265
2	2030	0	265
0	1970	7	266
0	1970	10	266
1	2000	0	266
1	2000	3	266
1	2000	0	266
1	2000	0	266
1	2000	10	266
1	2000	5	266
1	2000	0	266
1	2000	15	266
1	2000	6	266
1	2000	3	266
1	2000	10	266
1	2000	6	266
1	2000	3	266
1	2000	3	266
1	2000	3	266
1	2000	1	266
1	2000	1	266
2	2030	6	266
2	2030	5	266
2	2030	1	266
2	2030	1	266
2	2030	2	266
2	2030	0	266
2	2030	0	266
2	2030	0	266
2	2030	3	266
2	2030	5	266
2	2030	5	266
2	2030	0	266
2	2030	3	266
2	2030	0	266
2	2030	0	266
2	2030	6	266
2	2030	0	266
2	2030	1	266
2	2030	1	266
2	2030	0	266
2	2030	0	266
2	2030	1	266
2	2030	8	266
2	2030	2	266
2	2030	5	266
2	2030	1	266
2	2030	4	266
2	2030	6	266
2	2030	3	266
2	2030	0	266
2	2030	5	266
2	2030	1	266
2	2030	4	266
2	2030	1	266
2	2030	2	266
2	2030	0	266
2	2030	1	266
2	2030	2	266
2	2030	0	266
2	2030	4	266
2	2030	1	266
2	2030	0	266
2	2030	2	266
2	2030	0	266
2	2030	3	266
2	2030	0	266
2	2030	4	266
2	2030	2	266
2	2030	1	266
2	2030	1	266
0	1970	9	267
0	1970	6	267
1	2000	6	267
1	2000	0	267
1	2000	5	267
1	2000	1	267
1	2000	3	267
1	2000	1	267
1	2000	1	267
1	2000	6	267
1	2000	3	267
1	2000	7	267
1	2000	3	267
1	2000	7	267
1	2000	0	267
1	2000	2	267
1	2000	0	267
2	2030	0	267
2	2030	0	267
2	2030	0	267
2	2030	0	267
2	2030	0	267
2	2030	0	267
2	2030	1	267
2	2030	8	267
2	2030	3	267
2	2030	0	267
2	2030	0	267
2	2030	0	267
2	2030	1	267
2	2030	2	267
2	2030	6	267
2	2030	1	267
2	2030	1	267
2	2030	4	267
2	2030	2	267
2	2030	6	267
2	2030	3	267
2	2030	1	267
2	2030	2	267
2	2030	4	267
2	2030	3	267
2	2030	0	267
2	2030	2	267
2	2030	0	267
2	2030	3	267
2	2030	0	267
2	2030	14	267
2	2030	2	267
2	2030	1	267
2	2030	1	267
2	2030	2	267
2	2030	4	267
2	2030	1	267
2	2030	3	267
0	1970	6	268
0	1970	2	268
1	2000	8	268
1	2000	7	268
1	2000	7	268
1	2000	2	268
1	2000	0	268
1	2000	1	268
1	2000	0	268
1	2000	1	268
2	2030	3	268
2	2030	0	268
2	2030	3	268
2	2030	1	268
2	2030	1	268
2	2030	2	268
2	2030	0	268
2	2030	0	268
2	2030	9	268
2	2030	2	268
2	2030	1	268
2	2030	0	268
2	2030	0	268
2	2030	1	268
2	2030	2	268
2	2030	3	268
2	2030	1	268
2	2030	1	268
2	2030	9	268
0	1970	2	269
1	2000	7	269
1	2000	1	269
2	2030	1	269
2	2030	0	269
2	2030	3	269
2	2030	1	269
2	2030	3	269
2	2030	1	269
2	2030	4	269
2	2030	3	269
0	1970	7	270
0	1970	1	270
1	2000	2	270
1	2000	0	270
1	2000	4	270
1	2000	1	270
1	2000	2	270
1	2000	1	270
1	2000	6	270
1	2000	2	270
2	2030	11	270
2	2030	1	270
2	2030	1	270
2	2030	2	270
2	2030	0	270
2	2030	0	270
2	2030	0	270
2	2030	1	270
2	2030	5	270
2	2030	6	270
2	2030	3	270
2	2030	1	270
2	2030	0	270
2	2030	2	270
2	2030	2	270
2	2030	0	270
0	1970	1	271
1	2000	1	271
2	2030	0	271
0	1970	3	272
1	2000	3	272
1	2000	3	272
1	2000	2	272
2	2030	0	272
2	2030	0	272
2	2030	1	272
2	2030	2	272
2	2030	1	272
2	2030	2	272
2	2030	1	272
2	2030	1	272
0	1970	1	273
1	2000	3	273
2	2030	2	273
2	2030	0	273
2	2030	4	273
0	1970	5	274
1	2000	1	274
1	2000	0	274
1	2000	2	274
1	2000	0	274
1	2000	6	274
2	2030	2	274
2	2030	1	274
2	2030	1	274
2	2030	2	274
2	2030	0	274
2	2030	2	274
2	2030	1	274
2	2030	1	274
2	2030	1	274
0	1970	5	275
1	2000	1	275
1	2000	0	275
1	2000	1	275
1	2000	4	275
1	2000	1	275
2	2030	1	275
2	2030	5	275
2	2030	2	275
2	2030	0	275
2	2030	7	275
2	2030	1	275
2	2030	1	275
0	1970	1	276
1	2000	5	276
2	2030	1	276
2	2030	0	276
2	2030	0	276
2	2030	5	276
2	2030	0	276
0	1970	4	277
1	2000	0	277
1	2000	3	277
1	2000	9	277
1	2000	1	277
2	2030	3	277
2	2030	4	277
2	2030	0	277
2	2030	3	277
2	2030	4	277
2	2030	0	277
2	2030	1	277
2	2030	0	277
2	2030	0	277
2	2030	4	277
2	2030	1	277
2	2030	2	277
2	2030	0	277
0	1970	4	278
0	1970	3	278
1	2000	0	278
1	2000	0	278
1	2000	13	278
1	2000	0	278
1	2000	0	278
1	2000	3	278
1	2000	13	278
2	2030	0	278
2	2030	0	278
2	2030	2	278
2	2030	0	278
2	2030	0	278
2	2030	2	278
2	2030	0	278
2	2030	4	278
2	2030	4	278
2	2030	2	278
2	2030	4	278
2	2030	5	278
2	2030	4	278
2	2030	0	278
2	2030	1	278
2	2030	1	278
0	1970	5	279
1	2000	3	279
1	2000	2	279
1	2000	4	279
1	2000	3	279
1	2000	0	279
2	2030	0	279
2	2030	1	279
2	2030	1	279
2	2030	0	279
2	2030	1	279
2	2030	0	279
2	2030	6	279
2	2030	1	279
2	2030	1	279
2	2030	0	279
2	2030	2	279
2	2030	1	279
0	1970	3	280
1	2000	1	280
1	2000	4	280
1	2000	1	280
2	2030	0	280
2	2030	1	280
2	2030	0	280
2	2030	1	280
2	2030	0	280
2	2030	4	280
0	1970	4	281
1	2000	2	281
1	2000	2	281
1	2000	3	281
1	2000	2	281
2	2030	4	281
2	2030	1	281
2	2030	0	281
2	2030	2	281
2	2030	1	281
2	2030	2	281
2	2030	1	281
2	2030	0	281
2	2030	2	281
0	1970	3	282
1	2000	6	282
1	2000	0	282
1	2000	5	282
2	2030	2	282
2	2030	0	282
2	2030	1	282
2	2030	6	282
2	2030	0	282
2	2030	0	282
2	2030	0	282
2	2030	0	282
2	2030	0	282
2	2030	7	282
2	2030	4	282
0	1970	3	283
1	2000	8	283
1	2000	4	283
1	2000	0	283
2	2030	2	283
2	2030	0	283
2	2030	3	283
2	2030	3	283
2	2030	2	283
2	2030	2	283
2	2030	2	283
2	2030	3	283
2	2030	0	283
2	2030	2	283
2	2030	0	283
2	2030	7	283
0	1970	3	284
1	2000	0	284
1	2000	3	284
1	2000	1	284
2	2030	1	284
2	2030	3	284
2	2030	6	284
2	2030	0	284
0	1970	11	285
1	2000	3	285
1	2000	4	285
1	2000	6	285
1	2000	0	285
1	2000	22	285
1	2000	1	285
1	2000	2	285
1	2000	1	285
1	2000	3	285
1	2000	2	285
1	2000	5	285
2	2030	2	285
2	2030	1	285
2	2030	0	285
2	2030	0	285
2	2030	0	285
2	2030	0	285
2	2030	0	285
2	2030	11	285
2	2030	6	285
2	2030	5	285
2	2030	0	285
2	2030	0	285
2	2030	2	285
2	2030	0	285
2	2030	2	285
2	2030	1	285
2	2030	0	285
2	2030	1	285
2	2030	0	285
2	2030	0	285
2	2030	0	285
2	2030	3	285
2	2030	1	285
2	2030	2	285
2	2030	5	285
2	2030	5	285
2	2030	0	285
2	2030	2	285
2	2030	2	285
2	2030	1	285
2	2030	2	285
2	2030	2	285
2	2030	0	285
2	2030	2	285
2	2030	2	285
2	2030	5	285
2	2030	0	285
2	2030	3	285
2	2030	2	285
2	2030	0	285
2	2030	3	285
2	2030	3	285
2	2030	1	285
2	2030	2	285
2	2030	0	285
2	2030	1	285
2	2030	2	285
2	2030	2	285
2	2030	2	285
0	1970	2	286
1	2000	0	286
1	2000	3	286
2	2030	2	286
2	2030	2	286
2	2030	2	286
0	1970	1	287
1	2000	8	287
2	2030	1	287
2	2030	1	287
2	2030	1	287
2	2030	0	287
2	2030	0	287
2	2030	1	287
2	2030	1	287
2	2030	0	287
0	1970	4	288
1	2000	8	288
1	2000	3	288
1	2000	6	288
1	2000	0	288
2	2030	0	288
2	2030	2	288
2	2030	0	288
2	2030	1	288
2	2030	1	288
2	2030	2	288
2	2030	4	288
2	2030	0	288
2	2030	0	288
2	2030	3	288
2	2030	1	288
2	2030	1	288
2	2030	1	288
2	2030	0	288
2	2030	1	288
2	2030	2	288
2	2030	0	288
0	1970	3	289
0	1970	1	289
1	2000	1	289
1	2000	1	289
1	2000	1	289
1	2000	1	289
2	2030	0	289
2	2030	0	289
2	2030	0	289
0	1970	3	290
1	2000	2	290
1	2000	0	290
1	2000	7	290
2	2030	0	290
2	2030	0	290
2	2030	5	290
2	2030	1	290
2	2030	3	290
2	2030	1	290
2	2030	1	290
2	2030	2	290
2	2030	1	290
0	1970	5	291
1	2000	2	291
1	2000	4	291
1	2000	1	291
1	2000	5	291
1	2000	2	291
2	2030	5	291
2	2030	2	291
2	2030	2	291
2	2030	1	291
2	2030	2	291
2	2030	7	291
2	2030	1	291
2	2030	1	291
2	2030	0	291
2	2030	3	291
2	2030	0	291
2	2030	1	291
2	2030	0	291
2	2030	3	291
0	1970	9	292
1	2000	7	292
1	2000	2	292
1	2000	2	292
1	2000	0	292
1	2000	3	292
1	2000	2	292
1	2000	1	292
1	2000	3	292
1	2000	8	292
2	2030	4	292
2	2030	1	292
2	2030	0	292
2	2030	0	292
2	2030	1	292
2	2030	1	292
2	2030	3	292
2	2030	4	292
2	2030	1	292
2	2030	0	292
2	2030	5	292
2	2030	0	292
2	2030	3	292
2	2030	5	292
2	2030	1	292
2	2030	0	292
2	2030	4	292
2	2030	3	292
2	2030	1	292
2	2030	2	292
2	2030	0	292
2	2030	0	292
2	2030	0	292
2	2030	1	292
2	2030	0	292
2	2030	1	292
2	2030	2	292
2	2030	3	292
0	1970	2	293
1	2000	2	293
1	2000	3	293
2	2030	2	293
2	2030	4	293
2	2030	0	293
2	2030	1	293
2	2030	0	293
0	1970	3	294
1	2000	9	294
1	2000	0	294
1	2000	4	294
2	2030	0	294
2	2030	3	294
2	2030	1	294
2	2030	2	294
2	2030	3	294
2	2030	1	294
2	2030	2	294
2	2030	0	294
2	2030	1	294
2	2030	2	294
2	2030	0	294
2	2030	2	294
2	2030	1	294
0	1970	2	295
1	2000	12	295
1	2000	1	295
2	2030	2	295
2	2030	2	295
2	2030	5	295
2	2030	3	295
2	2030	3	295
2	2030	0	295
2	2030	0	295
2	2030	0	295
2	2030	2	295
2	2030	0	295
2	2030	6	295
2	2030	0	295
2	2030	1	295
0	1970	3	296
1	2000	1	296
1	2000	1	296
1	2000	6	296
2	2030	1	296
2	2030	1	296
2	2030	2	296
2	2030	7	296
2	2030	0	296
2	2030	0	296
2	2030	2	296
2	2030	3	296
0	1970	6	297
1	2000	1	297
1	2000	8	297
1	2000	5	297
1	2000	1	297
1	2000	2	297
1	2000	4	297
2	2030	1	297
2	2030	1	297
2	2030	1	297
2	2030	0	297
2	2030	1	297
2	2030	1	297
2	2030	4	297
2	2030	5	297
2	2030	5	297
2	2030	1	297
2	2030	1	297
2	2030	2	297
2	2030	2	297
2	2030	4	297
2	2030	1	297
2	2030	0	297
2	2030	0	297
2	2030	4	297
2	2030	3	297
2	2030	1	297
2	2030	5	297
0	1970	8	298
1	2000	2	298
1	2000	5	298
1	2000	4	298
1	2000	2	298
1	2000	0	298
1	2000	2	298
1	2000	0	298
1	2000	4	298
2	2030	5	298
2	2030	0	298
2	2030	0	298
2	2030	1	298
2	2030	1	298
2	2030	0	298
2	2030	0	298
2	2030	2	298
2	2030	0	298
2	2030	2	298
2	2030	1	298
2	2030	1	298
2	2030	2	298
2	2030	0	298
2	2030	3	298
2	2030	1	298
2	2030	0	298
2	2030	3	298
2	2030	2	298
0	1970	1	299
1	2000	8	299
1	2000	8	299
2	2030	2	299
2	2030	3	299
2	2030	6	299
2	2030	0	299
2	2030	17	299
2	2030	4	299
2	2030	4	299
2	2030	0	299
0	1970	6	300
1	2000	5	300
1	2000	1	300
1	2000	0	300
1	2000	3	300
1	2000	2	300
1	2000	3	300
2	2030	0	300
2	2030	2	300
2	2030	1	300
2	2030	3	300
2	2030	4	300
2	2030	2	300
2	2030	1	300
2	2030	1	300
2	2030	0	300
2	2030	5	300
2	2030	1	300
2	2030	0	300
2	2030	0	300
2	2030	0	300
0	1970	2	301
1	2000	4	301
1	2000	1	301
2	2030	2	301
2	2030	1	301
2	2030	0	301
2	2030	2	301
2	2030	2	301
0	1970	3	302
1	2000	2	302
1	2000	1	302
1	2000	4	302
2	2030	3	302
2	2030	0	302
2	2030	3	302
2	2030	1	302
2	2030	0	302
2	2030	2	302
2	2030	2	302
0	1970	4	303
1	2000	0	303
1	2000	5	303
1	2000	1	303
1	2000	4	303
2	2030	2	303
2	2030	1	303
2	2030	2	303
2	2030	1	303
2	2030	2	303
2	2030	5	303
2	2030	1	303
2	2030	1	303
2	2030	0	303
2	2030	3	303
0	1970	2	304
1	2000	0	304
1	2000	4	304
1	2000	4	304
1	2000	0	304
2	2030	2	304
2	2030	0	304
2	2030	1	304
2	2030	1	304
0	1970	4	305
1	2000	1	305
1	2000	0	305
1	2000	2	305
1	2000	4	305
2	2030	0	305
2	2030	0	305
2	2030	3	305
2	2030	2	305
2	2030	1	305
2	2030	1	305
2	2030	1	305
0	1970	4	306
1	2000	4	306
1	2000	0	306
1	2000	1	306
1	2000	3	306
2	2030	2	306
2	2030	2	306
2	2030	0	306
2	2030	4	306
2	2030	0	306
2	2030	0	306
2	2030	1	306
2	2030	4	306
0	1970	4	307
1	2000	4	307
1	2000	1	307
1	2000	0	307
1	2000	2	307
2	2030	0	307
2	2030	1	307
2	2030	0	307
2	2030	0	307
2	2030	1	307
2	2030	5	307
2	2030	2	307
0	1970	11	308
1	2000	0	308
1	2000	1	308
1	2000	4	308
1	2000	3	308
1	2000	0	308
1	2000	4	308
1	2000	2	308
1	2000	7	308
1	2000	4	308
1	2000	1	308
1	2000	2	308
2	2030	0	308
2	2030	0	308
2	2030	0	308
2	2030	1	308
2	2030	1	308
2	2030	7	308
2	2030	2	308
2	2030	3	308
2	2030	2	308
2	2030	1	308
2	2030	2	308
2	2030	1	308
2	2030	0	308
2	2030	4	308
2	2030	0	308
2	2030	0	308
2	2030	4	308
2	2030	7	308
2	2030	0	308
2	2030	5	308
2	2030	2	308
2	2030	0	308
2	2030	0	308
2	2030	0	308
2	2030	4	308
2	2030	5	308
2	2030	5	308
2	2030	0	308
0	1970	15	309
1	2000	2	309
1	2000	0	309
1	2000	5	309
1	2000	3	309
1	2000	5	309
1	2000	3	309
1	2000	7	309
1	2000	1	309
1	2000	0	309
1	2000	5	309
1	2000	1	309
1	2000	5	309
1	2000	4	309
1	2000	3	309
1	2000	0	309
2	2030	0	309
2	2030	0	309
2	2030	0	309
2	2030	2	309
2	2030	1	309
2	2030	1	309
2	2030	2	309
2	2030	0	309
2	2030	2	309
2	2030	4	309
2	2030	3	309
2	2030	5	309
2	2030	1	309
2	2030	1	309
2	2030	1	309
2	2030	0	309
2	2030	0	309
2	2030	1	309
2	2030	0	309
2	2030	1	309
2	2030	2	309
2	2030	5	309
2	2030	3	309
2	2030	1	309
2	2030	1	309
2	2030	0	309
2	2030	0	309
2	2030	0	309
2	2030	1	309
2	2030	1	309
2	2030	0	309
2	2030	0	309
2	2030	1	309
2	2030	0	309
2	2030	2	309
2	2030	0	309
2	2030	3	309
2	2030	1	309
2	2030	1	309
2	2030	0	309
2	2030	1	309
2	2030	0	309
2	2030	0	309
2	2030	0	309
0	1970	1	310
1	2000	2	310
1	2000	2	310
1	2000	2	310
1	2000	2	310
2	2030	0	310
2	2030	1	310
2	2030	1	310
2	2030	2	310
0	1970	1	311
1	2000	11	311
2	2030	1	311
2	2030	1	311
2	2030	0	311
2	2030	5	311
2	2030	7	311
2	2030	0	311
2	2030	6	311
2	2030	10	311
2	2030	0	311
2	2030	1	311
2	2030	1	311
0	1970	6	312
0	1970	8	312
1	2000	1	312
1	2000	0	312
1	2000	0	312
1	2000	2	312
1	2000	2	312
1	2000	1	312
1	2000	7	312
1	2000	10	312
1	2000	6	312
1	2000	1	312
1	2000	4	312
1	2000	1	312
1	2000	4	312
1	2000	2	312
2	2030	0	312
2	2030	9	312
2	2030	0	312
2	2030	2	312
2	2030	0	312
2	2030	0	312
2	2030	3	312
2	2030	1	312
2	2030	0	312
2	2030	3	312
2	2030	1	312
2	2030	1	312
2	2030	3	312
2	2030	1	312
2	2030	1	312
2	2030	3	312
2	2030	0	312
2	2030	4	312
2	2030	3	312
2	2030	3	312
2	2030	3	312
2	2030	1	312
2	2030	3	312
2	2030	2	312
2	2030	1	312
2	2030	2	312
2	2030	0	312
2	2030	4	312
2	2030	3	312
2	2030	2	312
2	2030	0	312
2	2030	3	312
2	2030	0	312
2	2030	2	312
2	2030	0	312
2	2030	3	312
0	1970	2	313
0	1970	2	313
1	2000	7	313
1	2000	8	313
1	2000	3	313
1	2000	0	313
2	2030	0	313
2	2030	2	313
2	2030	0	313
2	2030	1	313
2	2030	2	313
2	2030	2	313
2	2030	0	313
2	2030	3	313
2	2030	1	313
2	2030	3	313
2	2030	2	313
2	2030	1	313
2	2030	1	313
2	2030	1	313
2	2030	1	313
2	2030	1	313
2	2030	2	313
2	2030	1	313
0	1970	3	314
1	2000	6	314
1	2000	3	314
1	2000	1	314
2	2030	0	314
2	2030	1	314
2	2030	0	314
2	2030	2	314
2	2030	6	314
2	2030	0	314
2	2030	2	314
2	2030	1	314
2	2030	1	314
2	2030	2	314
0	1970	0	315
0	1970	4	315
1	2000	2	315
1	2000	0	315
1	2000	1	315
1	2000	1	315
2	2030	0	315
2	2030	0	315
2	2030	6	315
2	2030	2	315
0	1970	5	316
1	2000	0	316
1	2000	2	316
1	2000	2	316
1	2000	2	316
1	2000	3	316
2	2030	0	316
2	2030	0	316
2	2030	3	316
2	2030	0	316
2	2030	2	316
2	2030	0	316
2	2030	2	316
2	2030	2	316
2	2030	4	316
0	1970	9	317
1	2000	2	317
1	2000	4	317
1	2000	8	317
1	2000	1	317
1	2000	0	317
1	2000	8	317
1	2000	1	317
1	2000	0	317
1	2000	1	317
2	2030	5	317
2	2030	2	317
2	2030	0	317
2	2030	2	317
2	2030	1	317
2	2030	5	317
2	2030	0	317
2	2030	2	317
2	2030	5	317
2	2030	0	317
2	2030	1	317
2	2030	0	317
2	2030	2	317
2	2030	0	317
2	2030	0	317
2	2030	1	317
2	2030	0	317
2	2030	0	317
2	2030	1	317
2	2030	2	317
2	2030	4	317
2	2030	7	317
2	2030	1	317
2	2030	0	317
2	2030	1	317
0	1970	2	318
1	2000	1	318
1	2000	1	318
2	2030	0	318
2	2030	2	318
0	1970	3	319
1	2000	3	319
1	2000	1	319
1	2000	2	319
2	2030	2	319
2	2030	0	319
2	2030	2	319
2	2030	4	319
2	2030	8	319
2	2030	1	319
0	1970	4	320
1	2000	1	320
1	2000	2	320
1	2000	1	320
1	2000	2	320
2	2030	5	320
2	2030	1	320
2	2030	1	320
2	2030	0	320
2	2030	2	320
2	2030	1	320
0	1970	3	321
1	2000	4	321
1	2000	0	321
1	2000	1	321
2	2030	1	321
2	2030	1	321
2	2030	1	321
2	2030	1	321
2	2030	1	321
0	1970	2	322
1	2000	0	322
1	2000	2	322
2	2030	0	322
2	2030	0	322
0	1970	4	323
1	2000	3	323
1	2000	0	323
1	2000	0	323
1	2000	0	323
2	2030	0	323
2	2030	1	323
2	2030	3	323
0	1970	1	324
1	2000	1	324
2	2030	1	324
0	1970	3	325
1	2000	1	325
1	2000	0	325
1	2000	2	325
2	2030	0	325
2	2030	0	325
2	2030	0	325
0	1970	4	326
1	2000	3	326
1	2000	5	326
1	2000	1	326
1	2000	5	326
2	2030	1	326
2	2030	0	326
2	2030	0	326
2	2030	6	326
2	2030	0	326
2	2030	2	326
2	2030	2	326
2	2030	0	326
2	2030	0	326
2	2030	2	326
2	2030	2	326
2	2030	2	326
2	2030	2	326
2	2030	0	326
0	1970	3	327
1	2000	1	327
1	2000	2	327
1	2000	0	327
2	2030	1	327
2	2030	0	327
2	2030	5	327
0	1970	15	328
1	2000	0	328
1	2000	4	328
1	2000	3	328
1	2000	0	328
1	2000	1	328
1	2000	1	328
1	2000	1	328
1	2000	4	328
1	2000	4	328
1	2000	7	328
1	2000	3	328
1	2000	0	328
1	2000	2	328
1	2000	1	328
1	2000	4	328
2	2030	0	328
2	2030	0	328
2	2030	1	328
2	2030	0	328
2	2030	3	328
2	2030	3	328
2	2030	0	328
2	2030	3	328
2	2030	0	328
2	2030	0	328
2	2030	0	328
2	2030	0	328
2	2030	3	328
2	2030	0	328
2	2030	0	328
2	2030	0	328
2	2030	1	328
2	2030	1	328
2	2030	1	328
2	2030	1	328
2	2030	0	328
2	2030	1	328
2	2030	0	328
2	2030	2	328
2	2030	2	328
2	2030	2	328
2	2030	0	328
2	2030	1	328
2	2030	0	328
2	2030	3	328
2	2030	1	328
2	2030	4	328
2	2030	1	328
2	2030	3	328
2	2030	0	328
0	1970	1	329
1	2000	1	329
1	2000	1	329
2	2030	3	329
0	1970	2	330
1	2000	2	330
1	2000	5	330
1	2000	5	330
1	2000	0	330
2	2030	0	330
2	2030	0	330
2	2030	1	330
2	2030	0	330
2	2030	1	330
2	2030	0	330
2	2030	1	330
0	1970	1	331
0	1970	0	331
1	2000	2	331
2	2030	3	331
2	2030	0	331
0	1970	1	332
1	2000	7	332
2	2030	3	332
2	2030	2	332
2	2030	3	332
2	2030	1	332
2	2030	0	332
2	2030	1	332
2	2030	1	332
0	1970	5	333
1	2000	1	333
1	2000	4	333
1	2000	5	333
1	2000	2	333
1	2000	0	333
2	2030	6	333
2	2030	8	333
2	2030	0	333
2	2030	1	333
2	2030	0	333
2	2030	1	333
2	2030	5	333
2	2030	2	333
2	2030	0	333
2	2030	2	333
2	2030	1	333
2	2030	0	333
0	1970	1	334
1	2000	8	334
1	2000	0	334
2	2030	1	334
2	2030	3	334
2	2030	2	334
2	2030	1	334
2	2030	4	334
2	2030	0	334
2	2030	1	334
2	2030	0	334
0	1970	3	335
1	2000	2	335
1	2000	1	335
1	2000	3	335
2	2030	1	335
2	2030	12	335
2	2030	0	335
2	2030	0	335
2	2030	2	335
2	2030	3	335
0	1970	6	336
1	2000	2	336
1	2000	2	336
1	2000	1	336
1	2000	2	336
1	2000	7	336
1	2000	1	336
2	2030	0	336
2	2030	3	336
2	2030	1	336
2	2030	0	336
2	2030	0	336
2	2030	1	336
2	2030	0	336
2	2030	1	336
2	2030	8	336
2	2030	0	336
2	2030	0	336
2	2030	0	336
2	2030	1	336
2	2030	1	336
2	2030	4	336
0	1970	1	337
0	1970	1	337
1	2000	4	337
1	2000	4	337
2	2030	0	337
2	2030	6	337
2	2030	6	337
2	2030	0	337
0	1970	5	338
1	2000	1	338
1	2000	4	338
1	2000	4	338
1	2000	1	338
1	2000	4	338
2	2030	1	338
2	2030	2	338
2	2030	3	338
2	2030	2	338
2	2030	4	338
2	2030	2	338
2	2030	1	338
2	2030	4	338
2	2030	3	338
2	2030	1	338
2	2030	0	338
2	2030	0	338
2	2030	4	338
2	2030	0	338
0	1970	1	339
1	2000	2	339
1	2000	2	339
2	2030	5	339
2	2030	5	339
2	2030	5	339
2	2030	5	339
0	1970	5	340
1	2000	0	340
1	2000	2	340
1	2000	0	340
1	2000	0	340
1	2000	2	340
2	2030	1	340
2	2030	2	340
2	2030	1	340
2	2030	2	340
0	1970	2	341
1	2000	0	341
1	2000	1	341
2	2030	1	341
0	1970	6	342
1	2000	6	342
1	2000	3	342
1	2000	10	342
1	2000	2	342
1	2000	0	342
1	2000	4	342
2	2030	4	342
2	2030	0	342
2	2030	0	342
2	2030	1	342
2	2030	3	342
2	2030	7	342
2	2030	4	342
2	2030	2	342
2	2030	1	342
2	2030	0	342
2	2030	0	342
2	2030	4	342
2	2030	0	342
2	2030	1	342
2	2030	2	342
2	2030	1	342
2	2030	2	342
2	2030	1	342
2	2030	0	342
2	2030	2	342
2	2030	0	342
2	2030	0	342
2	2030	2	342
2	2030	0	342
2	2030	2	342
0	1970	1	343
1	2000	1	343
2	2030	0	343
0	1970	2	344
1	2000	1	344
1	2000	3	344
2	2030	1	344
2	2030	0	344
2	2030	5	344
2	2030	0	344
0	1970	1	345
1	2000	7	345
2	2030	0	345
2	2030	0	345
2	2030	1	345
2	2030	0	345
2	2030	2	345
2	2030	1	345
2	2030	1	345
0	1970	1	346
1	2000	5	346
1	2000	2	346
2	2030	2	346
2	2030	6	346
2	2030	3	346
2	2030	6	346
2	2030	3	346
2	2030	0	346
2	2030	1	346
0	1970	1	347
1	2000	2	347
2	2030	0	347
2	2030	1	347
0	1970	14	348
1	2000	8	348
1	2000	1	348
1	2000	0	348
1	2000	3	348
1	2000	3	348
1	2000	1	348
1	2000	1	348
1	2000	15	348
1	2000	2	348
1	2000	12	348
1	2000	1	348
1	2000	0	348
1	2000	1	348
1	2000	2	348
2	2030	3	348
2	2030	1	348
2	2030	1	348
2	2030	0	348
2	2030	0	348
2	2030	3	348
2	2030	2	348
2	2030	0	348
2	2030	0	348
2	2030	2	348
2	2030	3	348
2	2030	0	348
2	2030	0	348
2	2030	0	348
2	2030	0	348
2	2030	7	348
2	2030	0	348
2	2030	0	348
2	2030	2	348
2	2030	0	348
2	2030	1	348
2	2030	0	348
2	2030	0	348
2	2030	2	348
2	2030	1	348
2	2030	2	348
2	2030	0	348
2	2030	11	348
2	2030	1	348
2	2030	2	348
2	2030	1	348
2	2030	2	348
2	2030	2	348
2	2030	0	348
2	2030	10	348
2	2030	0	348
2	2030	0	348
2	2030	0	348
2	2030	0	348
2	2030	0	348
2	2030	0	348
2	2030	6	348
2	2030	2	348
2	2030	2	348
2	2030	2	348
2	2030	5	348
2	2030	5	348
2	2030	1	348
2	2030	1	348
2	2030	0	348
0	1970	3	349
1	2000	0	349
1	2000	4	349
1	2000	1	349
2	2030	2	349
2	2030	1	349
2	2030	0	349
2	2030	0	349
2	2030	3	349
0	1970	1	350
0	1970	0	350
1	2000	5	350
1	2000	5	350
2	2030	1	350
2	2030	1	350
2	2030	1	350
2	2030	0	350
2	2030	0	350
0	1970	4	351
1	2000	2	351
1	2000	3	351
1	2000	4	351
1	2000	13	351
2	2030	2	351
2	2030	2	351
2	2030	4	351
2	2030	7	351
2	2030	1	351
2	2030	0	351
2	2030	0	351
2	2030	0	351
2	2030	2	351
2	2030	1	351
2	2030	1	351
2	2030	1	351
2	2030	0	351
2	2030	1	351
2	2030	4	351
2	2030	0	351
2	2030	0	351
2	2030	1	351
2	2030	2	351
2	2030	2	351
2	2030	2	351
2	2030	2	351
0	1970	2	352
1	2000	3	352
1	2000	0	352
2	2030	5	352
2	2030	1	352
2	2030	2	352
0	1970	7	353
1	2000	0	353
1	2000	6	353
1	2000	2	353
1	2000	3	353
1	2000	2	353
1	2000	2	353
1	2000	0	353
2	2030	1	353
2	2030	12	353
2	2030	2	353
2	2030	1	353
2	2030	1	353
2	2030	2	353
2	2030	1	353
2	2030	3	353
2	2030	5	353
2	2030	0	353
2	2030	1	353
2	2030	0	353
2	2030	3	353
2	2030	2	353
2	2030	0	353
0	1970	1	354
1	2000	2	354
2	2030	2	354
2	2030	0	354
0	1970	3	355
1	2000	1	355
1	2000	4	355
1	2000	4	355
2	2030	1	355
2	2030	1	355
2	2030	0	355
2	2030	2	355
2	2030	1	355
2	2030	1	355
2	2030	1	355
2	2030	1	355
2	2030	1	355
0	1970	1	356
1	2000	1	356
2	2030	1	356
0	1970	3	357
1	2000	1	357
1	2000	3	357
1	2000	1	357
2	2030	3	357
2	2030	2	357
2	2030	1	357
2	2030	4	357
2	2030	0	357
0	1970	5	358
1	2000	0	358
1	2000	3	358
1	2000	2	358
1	2000	6	358
1	2000	3	358
2	2030	0	358
2	2030	2	358
2	2030	1	358
2	2030	0	358
2	2030	1	358
2	2030	1	358
2	2030	1	358
2	2030	1	358
2	2030	0	358
2	2030	1	358
2	2030	0	358
2	2030	2	358
2	2030	0	358
2	2030	0	358
0	1970	1	359
1	2000	20	359
1	2000	3	359
2	2030	0	359
2	2030	3	359
2	2030	4	359
2	2030	10	359
2	2030	2	359
2	2030	1	359
2	2030	1	359
2	2030	0	359
2	2030	2	359
2	2030	0	359
2	2030	1	359
2	2030	2	359
2	2030	1	359
2	2030	7	359
2	2030	2	359
2	2030	2	359
2	2030	8	359
2	2030	1	359
2	2030	1	359
2	2030	1	359
2	2030	0	359
2	2030	3	359
2	2030	0	359
0	1970	3	360
1	2000	4	360
1	2000	5	360
1	2000	3	360
2	2030	2	360
2	2030	2	360
2	2030	3	360
2	2030	0	360
2	2030	2	360
2	2030	2	360
2	2030	0	360
2	2030	0	360
2	2030	3	360
2	2030	1	360
2	2030	2	360
2	2030	0	360
0	1970	3	361
1	2000	1	361
1	2000	0	361
1	2000	3	361
2	2030	3	361
2	2030	1	361
2	2030	1	361
2	2030	0	361
0	1970	3	362
1	2000	4	362
1	2000	14	362
1	2000	9	362
2	2030	3	362
2	2030	0	362
2	2030	1	362
2	2030	9	362
2	2030	0	362
2	2030	0	362
2	2030	0	362
2	2030	0	362
2	2030	5	362
2	2030	2	362
2	2030	2	362
2	2030	2	362
2	2030	3	362
2	2030	4	362
2	2030	1	362
2	2030	0	362
2	2030	1	362
2	2030	1	362
2	2030	3	362
2	2030	2	362
2	2030	0	362
2	2030	9	362
2	2030	3	362
2	2030	3	362
2	2030	1	362
2	2030	2	362
2	2030	3	362
0	1970	1	363
1	2000	4	363
2	2030	3	363
2	2030	4	363
2	2030	0	363
2	2030	1	363
0	1970	3	364
1	2000	4	364
1	2000	5	364
1	2000	1	364
2	2030	1	364
2	2030	1	364
2	2030	3	364
2	2030	3	364
2	2030	0	364
2	2030	3	364
2	2030	1	364
2	2030	2	364
2	2030	1	364
2	2030	2	364
0	1970	2	365
1	2000	3	365
1	2000	6	365
1	2000	3	365
1	2000	6	365
2	2030	7	365
2	2030	0	365
2	2030	1	365
2	2030	0	365
2	2030	0	365
2	2030	2	365
2	2030	1	365
2	2030	2	365
2	2030	1	365
0	1970	1	366
1	2000	0	366
1	2000	3	366
2	2030	0	366
2	2030	1	366
2	2030	1	366
0	1970	7	367
1	2000	3	367
1	2000	9	367
1	2000	0	367
1	2000	2	367
1	2000	2	367
1	2000	3	367
1	2000	2	367
2	2030	0	367
2	2030	2	367
2	2030	2	367
2	2030	0	367
2	2030	1	367
2	2030	0	367
2	2030	1	367
2	2030	4	367
2	2030	0	367
2	2030	4	367
2	2030	1	367
2	2030	0	367
2	2030	0	367
2	2030	0	367
2	2030	0	367
2	2030	2	367
2	2030	1	367
2	2030	0	367
2	2030	0	367
2	2030	7	367
2	2030	2	367
0	1970	4	368
1	2000	0	368
1	2000	0	368
1	2000	3	368
1	2000	1	368
2	2030	0	368
2	2030	0	368
2	2030	1	368
2	2030	1	368
0	1970	11	369
1	2000	0	369
1	2000	2	369
1	2000	1	369
1	2000	0	369
1	2000	3	369
1	2000	0	369
1	2000	3	369
1	2000	1	369
1	2000	1	369
1	2000	5	369
1	2000	4	369
2	2030	0	369
2	2030	1	369
2	2030	0	369
2	2030	2	369
2	2030	1	369
2	2030	0	369
2	2030	0	369
2	2030	6	369
2	2030	1	369
2	2030	0	369
2	2030	0	369
2	2030	4	369
2	2030	1	369
2	2030	1	369
2	2030	6	369
2	2030	0	369
2	2030	4	369
2	2030	5	369
2	2030	2	369
2	2030	5	369
0	1970	2	370
1	2000	5	370
1	2000	1	370
1	2000	1	370
1	2000	4	370
2	2030	1	370
2	2030	3	370
2	2030	5	370
2	2030	0	370
2	2030	3	370
2	2030	1	370
2	2030	4	370
2	2030	0	370
2	2030	2	370
2	2030	1	370
2	2030	1	370
0	1970	6	371
1	2000	3	371
1	2000	2	371
1	2000	3	371
1	2000	1	371
1	2000	2	371
1	2000	0	371
2	2030	2	371
2	2030	7	371
2	2030	0	371
2	2030	0	371
2	2030	3	371
2	2030	1	371
2	2030	3	371
2	2030	0	371
2	2030	11	371
2	2030	0	371
2	2030	0	371
0	1970	2	372
1	2000	0	372
1	2000	5	372
2	2030	0	372
2	2030	1	372
2	2030	11	372
2	2030	1	372
2	2030	1	372
0	1970	3	373
1	2000	2	373
1	2000	2	373
1	2000	7	373
2	2030	0	373
2	2030	1	373
2	2030	0	373
2	2030	0	373
2	2030	0	373
2	2030	2	373
2	2030	1	373
2	2030	4	373
2	2030	1	373
2	2030	1	373
2	2030	3	373
0	1970	4	374
1	2000	0	374
1	2000	2	374
1	2000	0	374
1	2000	6	374
2	2030	0	374
2	2030	0	374
2	2030	1	374
2	2030	2	374
2	2030	2	374
2	2030	0	374
2	2030	3	374
2	2030	0	374
0	1970	11	375
1	2000	8	375
1	2000	0	375
1	2000	4	375
1	2000	2	375
1	2000	0	375
1	2000	1	375
1	2000	8	375
1	2000	0	375
1	2000	1	375
1	2000	6	375
1	2000	4	375
2	2030	2	375
2	2030	2	375
2	2030	2	375
2	2030	1	375
2	2030	1	375
2	2030	1	375
2	2030	3	375
2	2030	0	375
2	2030	3	375
2	2030	1	375
2	2030	1	375
2	2030	3	375
2	2030	9	375
2	2030	0	375
2	2030	1	375
2	2030	0	375
2	2030	0	375
2	2030	0	375
2	2030	1	375
2	2030	2	375
2	2030	2	375
2	2030	0	375
2	2030	0	375
2	2030	2	375
2	2030	0	375
2	2030	0	375
2	2030	0	375
2	2030	2	375
2	2030	2	375
2	2030	1	375
2	2030	4	375
2	2030	0	375
2	2030	3	375
2	2030	0	375
0	1970	0	376
0	1970	7	376
1	2000	4	376
1	2000	2	376
1	2000	2	376
1	2000	1	376
1	2000	2	376
1	2000	0	376
1	2000	0	376
2	2030	0	376
2	2030	2	376
2	2030	2	376
2	2030	0	376
2	2030	2	376
2	2030	1	376
2	2030	4	376
2	2030	1	376
2	2030	2	376
2	2030	1	376
2	2030	6	376
0	1970	4	377
1	2000	1	377
1	2000	0	377
1	2000	1	377
1	2000	1	377
2	2030	2	377
2	2030	4	377
2	2030	3	377
0	1970	3	378
1	2000	5	378
1	2000	3	378
1	2000	4	378
2	2030	1	378
2	2030	5	378
2	2030	0	378
2	2030	0	378
2	2030	1	378
2	2030	0	378
2	2030	1	378
2	2030	3	378
2	2030	0	378
2	2030	1	378
2	2030	5	378
2	2030	0	378
0	1970	4	379
1	2000	1	379
1	2000	7	379
1	2000	0	379
1	2000	4	379
2	2030	3	379
2	2030	0	379
2	2030	2	379
2	2030	1	379
2	2030	1	379
2	2030	0	379
2	2030	1	379
2	2030	1	379
2	2030	7	379
2	2030	0	379
2	2030	1	379
2	2030	2	379
0	1970	11	380
1	2000	3	380
1	2000	9	380
1	2000	0	380
1	2000	1	380
1	2000	2	380
1	2000	4	380
1	2000	0	380
1	2000	9	380
1	2000	0	380
1	2000	2	380
1	2000	2	380
2	2030	1	380
2	2030	4	380
2	2030	0	380
2	2030	0	380
2	2030	0	380
2	2030	1	380
2	2030	0	380
2	2030	4	380
2	2030	2	380
2	2030	2	380
2	2030	4	380
2	2030	3	380
2	2030	0	380
2	2030	0	380
2	2030	0	380
2	2030	1	380
2	2030	2	380
2	2030	2	380
2	2030	0	380
2	2030	1	380
2	2030	1	380
2	2030	6	380
2	2030	0	380
2	2030	0	380
2	2030	2	380
2	2030	3	380
2	2030	0	380
2	2030	0	380
2	2030	0	380
2	2030	3	380
2	2030	1	380
2	2030	0	380
0	1970	1	381
1	2000	4	381
2	2030	2	381
2	2030	1	381
2	2030	3	381
2	2030	0	381
0	1970	2	382
1	2000	3	382
1	2000	0	382
2	2030	0	382
2	2030	4	382
2	2030	1	382
0	1970	3	383
1	2000	3	383
1	2000	3	383
1	2000	0	383
2	2030	0	383
2	2030	0	383
2	2030	2	383
2	2030	2	383
2	2030	0	383
2	2030	0	383
0	1970	9	384
1	2000	9	384
1	2000	6	384
1	2000	5	384
1	2000	2	384
1	2000	3	384
1	2000	0	384
1	2000	4	384
1	2000	1	384
1	2000	1	384
2	2030	2	384
2	2030	0	384
2	2030	4	384
2	2030	0	384
2	2030	1	384
2	2030	0	384
2	2030	0	384
2	2030	3	384
2	2030	1	384
2	2030	1	384
2	2030	2	384
2	2030	2	384
2	2030	6	384
2	2030	1	384
2	2030	2	384
2	2030	3	384
2	2030	1	384
2	2030	0	384
2	2030	0	384
2	2030	2	384
2	2030	0	384
2	2030	4	384
2	2030	4	384
2	2030	5	384
2	2030	1	384
2	2030	2	384
2	2030	1	384
2	2030	4	384
2	2030	2	384
2	2030	0	384
2	2030	2	384
0	1970	3	385
1	2000	0	385
1	2000	1	385
1	2000	3	385
2	2030	5	385
2	2030	0	385
2	2030	1	385
2	2030	4	385
0	1970	5	386
1	2000	2	386
1	2000	2	386
1	2000	4	386
1	2000	0	386
1	2000	2	386
2	2030	0	386
2	2030	1	386
2	2030	1	386
2	2030	1	386
2	2030	8	386
2	2030	4	386
2	2030	1	386
2	2030	0	386
2	2030	2	386
2	2030	0	386
0	1970	1	387
1	2000	2	387
1	2000	2	387
2	2030	1	387
2	2030	0	387
0	1970	10	388
1	2000	4	388
1	2000	0	388
1	2000	1	388
1	2000	4	388
1	2000	0	388
1	2000	3	388
1	2000	2	388
1	2000	5	388
1	2000	1	388
1	2000	1	388
2	2030	0	388
2	2030	0	388
2	2030	0	388
2	2030	1	388
2	2030	1	388
2	2030	1	388
2	2030	7	388
2	2030	2	388
2	2030	0	388
2	2030	2	388
2	2030	1	388
2	2030	2	388
2	2030	1	388
2	2030	9	388
2	2030	3	388
2	2030	2	388
2	2030	1	388
2	2030	2	388
2	2030	0	388
2	2030	0	388
2	2030	0	388
0	1970	9	389
1	2000	3	389
1	2000	5	389
1	2000	4	389
1	2000	7	389
1	2000	0	389
1	2000	3	389
1	2000	5	389
1	2000	4	389
1	2000	7	389
2	2030	4	389
2	2030	2	389
2	2030	4	389
2	2030	1	389
2	2030	1	389
2	2030	0	389
2	2030	1	389
2	2030	4	389
2	2030	0	389
2	2030	0	389
2	2030	1	389
2	2030	1	389
2	2030	1	389
2	2030	3	389
2	2030	0	389
2	2030	1	389
2	2030	0	389
2	2030	0	389
2	2030	1	389
2	2030	2	389
2	2030	2	389
2	2030	0	389
2	2030	2	389
2	2030	0	389
2	2030	0	389
2	2030	2	389
2	2030	0	389
2	2030	1	389
2	2030	0	389
2	2030	0	389
2	2030	0	389
2	2030	0	389
2	2030	4	389
2	2030	1	389
2	2030	1	389
2	2030	1	389
2	2030	0	389
2	2030	5	389
0	1970	4	390
1	2000	2	390
1	2000	2	390
1	2000	2	390
1	2000	1	390
2	2030	3	390
2	2030	0	390
2	2030	0	390
2	2030	2	390
2	2030	1	390
2	2030	2	390
2	2030	2	390
0	1970	8	391
1	2000	4	391
1	2000	0	391
1	2000	2	391
1	2000	0	391
1	2000	2	391
1	2000	0	391
1	2000	1	391
1	2000	3	391
2	2030	1	391
2	2030	0	391
2	2030	2	391
2	2030	0	391
2	2030	4	391
2	2030	0	391
2	2030	1	391
2	2030	0	391
2	2030	0	391
2	2030	1	391
2	2030	4	391
2	2030	1	391
0	1970	2	392
1	2000	3	392
1	2000	5	392
2	2030	0	392
2	2030	2	392
2	2030	0	392
2	2030	0	392
2	2030	1	392
2	2030	0	392
2	2030	2	392
2	2030	1	392
0	1970	7	393
1	2000	14	393
1	2000	2	393
1	2000	3	393
1	2000	3	393
1	2000	0	393
1	2000	1	393
1	2000	6	393
2	2030	0	393
2	2030	0	393
2	2030	0	393
2	2030	1	393
2	2030	0	393
2	2030	0	393
2	2030	2	393
2	2030	3	393
2	2030	1	393
2	2030	2	393
2	2030	1	393
2	2030	6	393
2	2030	0	393
2	2030	1	393
2	2030	1	393
2	2030	3	393
2	2030	0	393
2	2030	0	393
2	2030	3	393
2	2030	1	393
2	2030	3	393
2	2030	3	393
2	2030	5	393
2	2030	0	393
2	2030	1	393
2	2030	3	393
2	2030	0	393
2	2030	8	393
2	2030	0	393
0	1970	1	394
1	2000	2	394
2	2030	0	394
2	2030	3	394
0	1970	5	395
1	2000	3	395
1	2000	3	395
1	2000	0	395
1	2000	1	395
1	2000	3	395
2	2030	1	395
2	2030	0	395
2	2030	0	395
2	2030	2	395
2	2030	0	395
2	2030	0	395
2	2030	0	395
2	2030	0	395
2	2030	0	395
2	2030	1	395
0	1970	3	396
1	2000	0	396
1	2000	5	396
1	2000	0	396
2	2030	0	396
2	2030	0	396
2	2030	0	396
2	2030	4	396
2	2030	6	396
0	1970	8	397
1	2000	14	397
1	2000	2	397
1	2000	1	397
1	2000	5	397
1	2000	2	397
1	2000	2	397
1	2000	13	397
1	2000	0	397
2	2030	3	397
2	2030	2	397
2	2030	1	397
2	2030	1	397
2	2030	8	397
2	2030	2	397
2	2030	1	397
2	2030	0	397
2	2030	1	397
2	2030	10	397
2	2030	1	397
2	2030	5	397
2	2030	11	397
2	2030	1	397
2	2030	3	397
2	2030	1	397
2	2030	2	397
2	2030	3	397
2	2030	0	397
2	2030	4	397
2	2030	0	397
2	2030	0	397
2	2030	1	397
2	2030	0	397
2	2030	1	397
2	2030	1	397
2	2030	1	397
2	2030	0	397
2	2030	2	397
2	2030	2	397
2	2030	2	397
2	2030	2	397
2	2030	2	397
2	2030	0	397
2	2030	1	397
2	2030	2	397
2	2030	0	397
2	2030	3	397
2	2030	0	397
0	1970	5	398
1	2000	0	398
1	2000	1	398
1	2000	0	398
1	2000	1	398
1	2000	2	398
2	2030	1	398
2	2030	2	398
2	2030	1	398
2	2030	0	398
0	1970	1	399
1	2000	6	399
2	2030	0	399
2	2030	0	399
2	2030	3	399
2	2030	3	399
2	2030	2	399
2	2030	1	399
0	1970	2	400
1	2000	0	400
1	2000	1	400
2	2030	5	400
0	1970	6	401
1	2000	0	401
1	2000	1	401
1	2000	2	401
1	2000	5	401
1	2000	5	401
1	2000	0	401
2	2030	2	401
2	2030	0	401
2	2030	0	401
2	2030	1	401
2	2030	1	401
2	2030	0	401
2	2030	1	401
2	2030	1	401
2	2030	2	401
2	2030	1	401
2	2030	0	401
2	2030	0	401
2	2030	1	401
0	1970	6	402
1	2000	1	402
1	2000	0	402
1	2000	5	402
1	2000	7	402
1	2000	6	402
1	2000	8	402
2	2030	2	402
2	2030	3	402
2	2030	0	402
2	2030	2	402
2	2030	0	402
2	2030	0	402
2	2030	1	402
2	2030	9	402
2	2030	1	402
2	2030	1	402
2	2030	0	402
2	2030	5	402
2	2030	1	402
2	2030	0	402
2	2030	0	402
2	2030	1	402
2	2030	3	402
2	2030	3	402
2	2030	4	402
2	2030	0	402
2	2030	4	402
2	2030	1	402
2	2030	2	402
2	2030	0	402
2	2030	2	402
2	2030	4	402
2	2030	0	402
0	1970	2	403
1	2000	0	403
1	2000	3	403
2	2030	1	403
2	2030	3	403
2	2030	0	403
0	1970	5	404
1	2000	1	404
1	2000	0	404
1	2000	1	404
1	2000	10	404
1	2000	1	404
2	2030	4	404
2	2030	7	404
2	2030	6	404
2	2030	0	404
2	2030	3	404
2	2030	2	404
2	2030	2	404
2	2030	5	404
2	2030	5	404
2	2030	1	404
2	2030	2	404
2	2030	0	404
2	2030	4	404
0	1970	4	405
1	2000	4	405
1	2000	4	405
1	2000	0	405
1	2000	0	405
2	2030	0	405
2	2030	0	405
2	2030	1	405
2	2030	0	405
2	2030	0	405
2	2030	1	405
2	2030	0	405
2	2030	4	405
0	1970	3	406
1	2000	8	406
1	2000	5	406
1	2000	0	406
2	2030	1	406
2	2030	2	406
2	2030	0	406
2	2030	1	406
2	2030	4	406
2	2030	2	406
2	2030	2	406
2	2030	3	406
2	2030	1	406
2	2030	2	406
2	2030	1	406
2	2030	1	406
2	2030	1	406
0	1970	1	407
1	2000	2	407
2	2030	1	407
2	2030	1	407
0	1970	46	408
1	2000	4	408
1	2000	1	408
1	2000	9	408
1	2000	1	408
1	2000	5	408
1	2000	2	408
1	2000	5	408
1	2000	1	408
1	2000	2	408
1	2000	2	408
1	2000	0	408
1	2000	4	408
1	2000	2	408
1	2000	7	408
1	2000	1	408
1	2000	0	408
1	2000	1	408
1	2000	7	408
1	2000	4	408
1	2000	1	408
1	2000	10	408
1	2000	4	408
1	2000	6	408
1	2000	2	408
1	2000	6	408
1	2000	3	408
1	2000	3	408
1	2000	6	408
1	2000	5	408
1	2000	2	408
1	2000	1	408
1	2000	1	408
1	2000	3	408
1	2000	3	408
1	2000	12	408
1	2000	1	408
1	2000	4	408
1	2000	4	408
1	2000	1	408
1	2000	20	408
1	2000	2	408
1	2000	5	408
1	2000	2	408
1	2000	2	408
1	2000	1	408
1	2000	3	408
2	2030	1	408
2	2030	0	408
2	2030	0	408
2	2030	1	408
2	2030	1	408
2	2030	3	408
2	2030	0	408
2	2030	0	408
2	2030	0	408
2	2030	0	408
2	2030	0	408
2	2030	4	408
2	2030	1	408
2	2030	0	408
2	2030	0	408
2	2030	3	408
2	2030	4	408
2	2030	4	408
2	2030	2	408
2	2030	2	408
2	2030	1	408
2	2030	0	408
2	2030	0	408
2	2030	0	408
2	2030	3	408
2	2030	0	408
2	2030	4	408
2	2030	1	408
2	2030	1	408
2	2030	0	408
2	2030	3	408
2	2030	0	408
2	2030	0	408
2	2030	0	408
2	2030	2	408
2	2030	0	408
2	2030	0	408
2	2030	0	408
2	2030	2	408
2	2030	1	408
2	2030	2	408
2	2030	4	408
2	2030	4	408
2	2030	2	408
2	2030	0	408
2	2030	2	408
2	2030	3	408
2	2030	0	408
2	2030	0	408
2	2030	0	408
2	2030	1	408
2	2030	2	408
2	2030	0	408
2	2030	1	408
2	2030	2	408
2	2030	1	408
2	2030	5	408
2	2030	0	408
2	2030	12	408
2	2030	5	408
2	2030	1	408
2	2030	0	408
2	2030	1	408
2	2030	4	408
2	2030	1	408
2	2030	1	408
2	2030	0	408
2	2030	1	408
2	2030	0	408
2	2030	0	408
2	2030	4	408
2	2030	0	408
2	2030	1	408
2	2030	2	408
2	2030	1	408
2	2030	9	408
2	2030	0	408
2	2030	2	408
2	2030	1	408
2	2030	0	408
2	2030	6	408
2	2030	0	408
2	2030	2	408
2	2030	3	408
2	2030	1	408
2	2030	2	408
2	2030	0	408
2	2030	0	408
2	2030	0	408
2	2030	2	408
2	2030	0	408
2	2030	4	408
2	2030	1	408
2	2030	0	408
2	2030	12	408
2	2030	0	408
2	2030	1	408
2	2030	1	408
2	2030	2	408
2	2030	1	408
2	2030	1	408
2	2030	10	408
2	2030	2	408
2	2030	8	408
2	2030	3	408
2	2030	2	408
2	2030	3	408
2	2030	2	408
2	2030	0	408
2	2030	0	408
2	2030	2	408
2	2030	1	408
2	2030	2	408
2	2030	0	408
2	2030	1	408
2	2030	1	408
2	2030	5	408
2	2030	1	408
2	2030	5	408
2	2030	1	408
2	2030	0	408
2	2030	0	408
2	2030	3	408
2	2030	4	408
2	2030	1	408
2	2030	2	408
2	2030	2	408
2	2030	2	408
2	2030	0	408
2	2030	2	408
2	2030	3	408
2	2030	1	408
2	2030	0	408
2	2030	7	408
2	2030	0	408
2	2030	1	408
2	2030	4	408
2	2030	1	408
2	2030	0	408
2	2030	2	408
2	2030	1	408
2	2030	1	408
2	2030	3	408
2	2030	0	408
2	2030	2	408
2	2030	0	408
2	2030	1	408
2	2030	1	408
2	2030	4	408
2	2030	3	408
2	2030	0	408
2	2030	2	408
2	2030	2	408
2	2030	0	408
2	2030	2	408
2	2030	2	408
2	2030	6	408
2	2030	0	408
2	2030	2	408
2	2030	1	408
2	2030	1	408
2	2030	2	408
2	2030	0	408
2	2030	0	408
2	2030	1	408
2	2030	3	408
2	2030	0	408
2	2030	2	408
2	2030	0	408
2	2030	1	408
2	2030	0	408
0	1970	3	409
0	1970	0	409
1	2000	1	409
1	2000	1	409
1	2000	1	409
2	2030	0	409
2	2030	1	409
2	2030	0	409
0	1970	2	410
1	2000	2	410
1	2000	5	410
2	2030	0	410
2	2030	0	410
2	2030	0	410
2	2030	2	410
2	2030	3	410
2	2030	1	410
2	2030	4	410
0	1970	2	411
1	2000	4	411
1	2000	1	411
2	2030	3	411
2	2030	4	411
2	2030	0	411
2	2030	3	411
2	2030	4	411
0	1970	4	412
1	2000	3	412
1	2000	4	412
1	2000	1	412
1	2000	3	412
2	2030	0	412
2	2030	6	412
2	2030	5	412
2	2030	0	412
2	2030	0	412
2	2030	0	412
2	2030	0	412
2	2030	1	412
2	2030	1	412
2	2030	1	412
2	2030	0	412
0	1970	0	413
0	1970	3	413
1	2000	1	413
1	2000	0	413
1	2000	0	413
2	2030	3	413
0	1970	1	414
1	2000	0	414
1	2000	16	414
1	2000	16	414
1	2000	16	414
2	2030	2	414
2	2030	0	414
2	2030	0	414
2	2030	0	414
2	2030	2	414
2	2030	2	414
2	2030	2	414
2	2030	2	414
2	2030	0	414
2	2030	2	414
2	2030	0	414
2	2030	0	414
2	2030	1	414
2	2030	1	414
2	2030	0	414
2	2030	2	414
0	1970	2	415
1	2000	0	415
1	2000	1	415
2	2030	1	415
0	1970	6	416
1	2000	15	416
1	2000	0	416
1	2000	3	416
1	2000	7	416
1	2000	2	416
1	2000	4	416
2	2030	1	416
2	2030	4	416
2	2030	2	416
2	2030	2	416
2	2030	2	416
2	2030	0	416
2	2030	1	416
2	2030	2	416
2	2030	0	416
2	2030	0	416
2	2030	4	416
2	2030	7	416
2	2030	3	416
2	2030	2	416
2	2030	1	416
2	2030	5	416
2	2030	0	416
2	2030	0	416
2	2030	1	416
2	2030	3	416
2	2030	2	416
2	2030	0	416
2	2030	1	416
2	2030	1	416
2	2030	1	416
2	2030	1	416
2	2030	1	416
2	2030	1	416
2	2030	1	416
2	2030	0	416
2	2030	0	416
0	1970	7	417
1	2000	0	417
1	2000	4	417
1	2000	2	417
1	2000	1	417
1	2000	1	417
1	2000	2	417
1	2000	2	417
2	2030	2	417
2	2030	4	417
2	2030	1	417
2	2030	6	417
2	2030	5	417
2	2030	3	417
2	2030	0	417
2	2030	3	417
2	2030	0	417
2	2030	0	417
2	2030	1	417
2	2030	0	417
0	1970	2	418
1	2000	1	418
1	2000	1	418
2	2030	2	418
2	2030	2	418
0	1970	2	419
1	2000	3	419
1	2000	2	419
2	2030	2	419
2	2030	0	419
2	2030	8	419
2	2030	1	419
2	2030	1	419
0	1970	1	420
1	2000	8	420
2	2030	12	420
2	2030	6	420
2	2030	0	420
2	2030	1	420
2	2030	6	420
2	2030	3	420
2	2030	4	420
2	2030	4	420
0	1970	1	421
1	2000	1	421
1	2000	1	421
2	2030	0	421
0	1970	3	422
1	2000	4	422
1	2000	4	422
1	2000	1	422
2	2030	1	422
2	2030	2	422
2	2030	4	422
2	2030	1	422
2	2030	3	422
2	2030	2	422
2	2030	0	422
2	2030	3	422
2	2030	2	422
0	1970	5	423
1	2000	8	423
1	2000	6	423
1	2000	0	423
1	2000	1	423
1	2000	4	423
2	2030	0	423
2	2030	0	423
2	2030	1	423
2	2030	1	423
2	2030	2	423
2	2030	0	423
2	2030	6	423
2	2030	0	423
2	2030	6	423
2	2030	2	423
2	2030	5	423
2	2030	0	423
2	2030	1	423
2	2030	3	423
2	2030	3	423
2	2030	0	423
2	2030	1	423
2	2030	1	423
2	2030	2	423
0	1970	3	424
1	2000	2	424
1	2000	1	424
1	2000	12	424
2	2030	0	424
2	2030	1	424
2	2030	1	424
2	2030	1	424
2	2030	1	424
2	2030	1	424
2	2030	5	424
2	2030	1	424
2	2030	3	424
2	2030	3	424
2	2030	1	424
2	2030	3	424
2	2030	5	424
2	2030	5	424
2	2030	1	424
0	1970	2	425
1	2000	9	425
1	2000	1	425
2	2030	4	425
2	2030	4	425
2	2030	1	425
2	2030	0	425
2	2030	1	425
2	2030	0	425
2	2030	0	425
2	2030	0	425
2	2030	0	425
2	2030	0	425
0	1970	1	426
1	2000	2	426
2	2030	0	426
2	2030	1	426
0	1970	1	427
1	2000	8	427
1	2000	8	427
2	2030	0	427
2	2030	0	427
2	2030	2	427
2	2030	0	427
2	2030	0	427
2	2030	0	427
2	2030	0	427
2	2030	9	427
0	1970	6	428
1	2000	2	428
1	2000	1	428
1	2000	4	428
1	2000	5	428
1	2000	3	428
1	2000	0	428
2	2030	1	428
2	2030	1	428
2	2030	1	428
2	2030	3	428
2	2030	2	428
2	2030	3	428
2	2030	0	428
2	2030	0	428
2	2030	0	428
2	2030	1	428
2	2030	4	428
2	2030	0	428
2	2030	0	428
2	2030	0	428
2	2030	1	428
0	1970	7	429
1	2000	2	429
1	2000	2	429
1	2000	0	429
1	2000	1	429
1	2000	0	429
1	2000	2	429
1	2000	19	429
2	2030	0	429
2	2030	4	429
2	2030	0	429
2	2030	1	429
2	2030	1	429
2	2030	0	429
2	2030	0	429
2	2030	0	429
2	2030	0	429
2	2030	3	429
2	2030	2	429
2	2030	0	429
2	2030	1	429
2	2030	1	429
2	2030	1	429
2	2030	0	429
2	2030	4	429
2	2030	1	429
2	2030	0	429
2	2030	17	429
2	2030	1	429
2	2030	3	429
2	2030	4	429
2	2030	2	429
2	2030	1	429
2	2030	0	429
0	1970	4	430
1	2000	1	430
1	2000	8	430
1	2000	7	430
1	2000	3	430
2	2030	2	430
2	2030	2	430
2	2030	1	430
2	2030	0	430
2	2030	2	430
2	2030	1	430
2	2030	0	430
2	2030	1	430
2	2030	2	430
2	2030	0	430
2	2030	1	430
2	2030	1	430
2	2030	1	430
2	2030	1	430
2	2030	1	430
2	2030	0	430
2	2030	4	430
2	2030	3	430
2	2030	1	430
0	1970	1	431
1	2000	3	431
2	2030	1	431
2	2030	0	431
2	2030	0	431
0	1970	1	432
1	2000	5	432
2	2030	0	432
2	2030	0	432
2	2030	5	432
2	2030	1	432
2	2030	1	432
0	1970	7	433
1	2000	6	433
1	2000	0	433
1	2000	4	433
1	2000	2	433
1	2000	0	433
1	2000	5	433
1	2000	8	433
2	2030	0	433
2	2030	1	433
2	2030	0	433
2	2030	0	433
2	2030	4	433
2	2030	0	433
2	2030	3	433
2	2030	1	433
2	2030	0	433
2	2030	2	433
2	2030	0	433
2	2030	0	433
2	2030	1	433
2	2030	0	433
2	2030	2	433
2	2030	1	433
2	2030	0	433
2	2030	1	433
2	2030	2	433
2	2030	3	433
2	2030	5	433
2	2030	0	433
2	2030	1	433
2	2030	0	433
2	2030	1	433
0	1970	8	434
0	1970	9	434
1	2000	2	434
1	2000	2	434
1	2000	7	434
1	2000	4	434
1	2000	5	434
1	2000	2	434
1	2000	1	434
1	2000	5	434
1	2000	5	434
1	2000	9	434
1	2000	1	434
1	2000	9	434
1	2000	9	434
1	2000	6	434
1	2000	0	434
1	2000	1	434
1	2000	9	434
2	2030	1	434
2	2030	0	434
2	2030	2	434
2	2030	0	434
2	2030	0	434
2	2030	3	434
2	2030	1	434
2	2030	3	434
2	2030	2	434
2	2030	1	434
2	2030	4	434
2	2030	2	434
2	2030	1	434
2	2030	2	434
2	2030	1	434
2	2030	3	434
2	2030	0	434
2	2030	1	434
2	2030	3	434
2	2030	1	434
2	2030	0	434
2	2030	1	434
2	2030	4	434
2	2030	1	434
2	2030	2	434
2	2030	3	434
2	2030	2	434
2	2030	2	434
2	2030	16	434
2	2030	1	434
2	2030	3	434
2	2030	1	434
2	2030	7	434
2	2030	0	434
2	2030	1	434
2	2030	3	434
2	2030	3	434
2	2030	1	434
2	2030	4	434
2	2030	2	434
2	2030	16	434
2	2030	1	434
2	2030	0	434
2	2030	2	434
2	2030	4	434
2	2030	1	434
2	2030	0	434
2	2030	1	434
2	2030	0	434
2	2030	0	434
2	2030	2	434
2	2030	4	434
2	2030	2	434
0	1970	3	435
0	1970	15	435
1	2000	1	435
1	2000	6	435
1	2000	5	435
1	2000	1	435
1	2000	3	435
1	2000	1	435
1	2000	0	435
1	2000	2	435
1	2000	0	435
1	2000	6	435
1	2000	4	435
1	2000	4	435
1	2000	0	435
1	2000	0	435
1	2000	7	435
1	2000	1	435
1	2000	1	435
1	2000	2	435
2	2030	1	435
2	2030	0	435
2	2030	1	435
2	2030	1	435
2	2030	1	435
2	2030	2	435
2	2030	1	435
2	2030	1	435
2	2030	1	435
2	2030	0	435
2	2030	6	435
2	2030	6	435
2	2030	2	435
2	2030	1	435
2	2030	1	435
2	2030	4	435
2	2030	0	435
2	2030	0	435
2	2030	0	435
2	2030	1	435
2	2030	2	435
2	2030	2	435
2	2030	5	435
2	2030	3	435
2	2030	0	435
2	2030	1	435
2	2030	0	435
2	2030	0	435
2	2030	1	435
2	2030	1	435
2	2030	1	435
2	2030	1	435
2	2030	7	435
2	2030	0	435
0	1970	15	436
1	2000	3	436
1	2000	7	436
1	2000	0	436
1	2000	1	436
1	2000	2	436
1	2000	1	436
1	2000	2	436
1	2000	8	436
1	2000	1	436
1	2000	8	436
1	2000	2	436
1	2000	5	436
1	2000	2	436
1	2000	4	436
1	2000	9	436
2	2030	0	436
2	2030	1	436
2	2030	3	436
2	2030	1	436
2	2030	1	436
2	2030	1	436
2	2030	1	436
2	2030	0	436
2	2030	1	436
2	2030	1	436
2	2030	5	436
2	2030	2	436
2	2030	0	436
2	2030	0	436
2	2030	1	436
2	2030	0	436
2	2030	0	436
2	2030	1	436
2	2030	1	436
2	2030	3	436
2	2030	0	436
2	2030	2	436
2	2030	1	436
2	2030	4	436
2	2030	0	436
2	2030	4	436
2	2030	1	436
2	2030	1	436
2	2030	2	436
2	2030	2	436
2	2030	3	436
2	2030	1	436
2	2030	2	436
2	2030	3	436
2	2030	0	436
2	2030	3	436
2	2030	8	436
2	2030	1	436
2	2030	1	436
2	2030	3	436
2	2030	1	436
2	2030	1	436
2	2030	4	436
2	2030	0	436
2	2030	1	436
2	2030	1	436
2	2030	0	436
2	2030	10	436
2	2030	1	436
2	2030	6	436
2	2030	0	436
2	2030	3	436
2	2030	1	436
2	2030	0	436
2	2030	1	436
0	1970	11	437
1	2000	3	437
1	2000	2	437
1	2000	0	437
1	2000	5	437
1	2000	6	437
1	2000	2	437
1	2000	2	437
1	2000	1	437
1	2000	1	437
1	2000	4	437
1	2000	3	437
2	2030	0	437
2	2030	0	437
2	2030	0	437
2	2030	1	437
2	2030	1	437
2	2030	0	437
2	2030	0	437
2	2030	0	437
2	2030	3	437
2	2030	1	437
2	2030	0	437
2	2030	4	437
2	2030	0	437
2	2030	0	437
2	2030	0	437
2	2030	0	437
2	2030	1	437
2	2030	3	437
2	2030	3	437
2	2030	1	437
2	2030	0	437
2	2030	0	437
2	2030	0	437
2	2030	0	437
2	2030	1	437
2	2030	0	437
2	2030	0	437
2	2030	1	437
2	2030	5	437
0	1970	2	438
1	2000	1	438
1	2000	1	438
2	2030	1	438
2	2030	0	438
0	1970	3	439
1	2000	0	439
1	2000	1	439
1	2000	3	439
2	2030	2	439
2	2030	5	439
2	2030	2	439
2	2030	5	439
0	1970	0	440
0	1970	1	440
1	2000	2	440
2	2030	2	440
2	2030	1	440
0	1970	8	441
1	2000	4	441
1	2000	2	441
1	2000	3	441
1	2000	3	441
1	2000	2	441
1	2000	5	441
1	2000	4	441
1	2000	1	441
2	2030	0	441
2	2030	1	441
2	2030	1	441
2	2030	0	441
2	2030	1	441
2	2030	2	441
2	2030	2	441
2	2030	1	441
2	2030	1	441
2	2030	2	441
2	2030	2	441
2	2030	0	441
2	2030	0	441
2	2030	1	441
2	2030	2	441
2	2030	1	441
2	2030	3	441
2	2030	1	441
2	2030	2	441
2	2030	3	441
2	2030	2	441
2	2030	8	441
2	2030	0	441
2	2030	2	441
0	1970	7	442
1	2000	3	442
1	2000	0	442
1	2000	2	442
1	2000	0	442
1	2000	5	442
1	2000	5	442
1	2000	1	442
2	2030	0	442
2	2030	4	442
2	2030	2	442
2	2030	2	442
2	2030	0	442
2	2030	1	442
2	2030	0	442
2	2030	9	442
2	2030	1	442
2	2030	0	442
2	2030	4	442
2	2030	4	442
2	2030	0	442
2	2030	2	442
2	2030	5	442
2	2030	0	442
0	1970	11	443
1	2000	1	443
1	2000	1	443
1	2000	0	443
1	2000	3	443
1	2000	2	443
1	2000	4	443
1	2000	2	443
1	2000	1	443
1	2000	3	443
1	2000	7	443
1	2000	10	443
2	2030	3	443
2	2030	2	443
2	2030	0	443
2	2030	1	443
2	2030	2	443
2	2030	1	443
2	2030	6	443
2	2030	0	443
2	2030	2	443
2	2030	1	443
2	2030	0	443
2	2030	3	443
2	2030	0	443
2	2030	0	443
2	2030	2	443
2	2030	1	443
2	2030	1	443
2	2030	0	443
2	2030	0	443
2	2030	0	443
2	2030	0	443
2	2030	0	443
2	2030	0	443
2	2030	1	443
2	2030	0	443
2	2030	0	443
2	2030	0	443
2	2030	1	443
2	2030	6	443
2	2030	2	443
2	2030	0	443
2	2030	2	443
2	2030	0	443
2	2030	0	443
0	1970	2	444
1	2000	1	444
1	2000	1	444
2	2030	1	444
2	2030	1	444
0	1970	4	445
0	1970	3	445
1	2000	5	445
1	2000	0	445
1	2000	1	445
1	2000	2	445
1	2000	3	445
1	2000	3	445
1	2000	3	445
2	2030	1	445
2	2030	2	445
2	2030	2	445
2	2030	0	445
2	2030	3	445
2	2030	0	445
2	2030	3	445
2	2030	2	445
2	2030	5	445
2	2030	3	445
2	2030	5	445
2	2030	2	445
2	2030	1	445
2	2030	2	445
0	1970	3	446
1	2000	2	446
1	2000	1	446
1	2000	3	446
2	2030	0	446
2	2030	3	446
2	2030	0	446
2	2030	5	446
2	2030	1	446
2	2030	4	446
0	1970	4	447
1	2000	2	447
1	2000	0	447
1	2000	0	447
1	2000	6	447
2	2030	2	447
2	2030	2	447
2	2030	0	447
2	2030	1	447
2	2030	1	447
2	2030	0	447
2	2030	0	447
2	2030	0	447
0	1970	13	448
1	2000	0	448
1	2000	7	448
1	2000	0	448
1	2000	4	448
1	2000	1	448
1	2000	2	448
1	2000	0	448
1	2000	2	448
1	2000	0	448
1	2000	0	448
1	2000	5	448
1	2000	0	448
1	2000	1	448
2	2030	3	448
2	2030	1	448
2	2030	0	448
2	2030	1	448
2	2030	3	448
2	2030	1	448
2	2030	7	448
2	2030	0	448
2	2030	0	448
2	2030	3	448
2	2030	2	448
2	2030	0	448
2	2030	0	448
2	2030	0	448
2	2030	1	448
2	2030	0	448
2	2030	0	448
2	2030	2	448
2	2030	0	448
2	2030	2	448
2	2030	0	448
2	2030	1	448
0	1970	1	449
1	2000	1	449
2	2030	3	449
0	1970	3	450
0	1970	0	450
1	2000	1	450
1	2000	6	450
1	2000	0	450
2	2030	1	450
2	2030	1	450
2	2030	3	450
2	2030	1	450
2	2030	0	450
2	2030	3	450
2	2030	3	450
0	1970	3	451
1	2000	1	451
1	2000	2	451
1	2000	0	451
2	2030	2	451
2	2030	0	451
2	2030	1	451
0	1970	2	452
1	2000	1	452
1	2000	2	452
2	2030	0	452
2	2030	0	452
2	2030	2	452
0	1970	2	453
1	2000	3	453
1	2000	5	453
2	2030	1	453
2	2030	2	453
2	2030	0	453
2	2030	1	453
2	2030	1	453
2	2030	0	453
2	2030	0	453
2	2030	0	453
0	1970	12	454
1	2000	6	454
1	2000	2	454
1	2000	2	454
1	2000	2	454
1	2000	1	454
1	2000	0	454
1	2000	2	454
1	2000	2	454
1	2000	0	454
1	2000	1	454
1	2000	0	454
1	2000	0	454
2	2030	1	454
2	2030	0	454
2	2030	1	454
2	2030	0	454
2	2030	0	454
2	2030	2	454
2	2030	3	454
2	2030	1	454
2	2030	1	454
2	2030	2	454
2	2030	2	454
2	2030	2	454
2	2030	0	454
2	2030	1	454
2	2030	1	454
2	2030	0	454
2	2030	0	454
2	2030	1	454
0	1970	2	455
1	2000	2	455
1	2000	1	455
2	2030	0	455
2	2030	0	455
2	2030	3	455
0	1970	17	456
1	2000	5	456
1	2000	4	456
1	2000	3	456
1	2000	3	456
1	2000	5	456
1	2000	2	456
1	2000	3	456
1	2000	3	456
1	2000	0	456
1	2000	0	456
1	2000	0	456
1	2000	0	456
1	2000	0	456
1	2000	1	456
1	2000	3	456
1	2000	2	456
1	2000	3	456
2	2030	0	456
2	2030	0	456
2	2030	9	456
2	2030	4	456
2	2030	3	456
2	2030	0	456
2	2030	0	456
2	2030	0	456
2	2030	0	456
2	2030	0	456
2	2030	3	456
2	2030	0	456
2	2030	1	456
2	2030	1	456
2	2030	1	456
2	2030	0	456
2	2030	2	456
2	2030	4	456
2	2030	0	456
2	2030	4	456
2	2030	0	456
2	2030	0	456
2	2030	3	456
2	2030	0	456
2	2030	0	456
2	2030	4	456
2	2030	4	456
2	2030	1	456
2	2030	0	456
2	2030	2	456
2	2030	1	456
2	2030	0	456
2	2030	1	456
2	2030	8	456
2	2030	0	456
2	2030	1	456
2	2030	1	456
0	1970	3	457
1	2000	2	457
1	2000	1	457
1	2000	4	457
2	2030	2	457
2	2030	2	457
2	2030	1	457
2	2030	1	457
2	2030	0	457
2	2030	0	457
2	2030	2	457
0	1970	5	458
1	2000	1	458
1	2000	0	458
1	2000	1	458
1	2000	1	458
1	2000	0	458
2	2030	0	458
2	2030	1	458
2	2030	0	458
0	1970	12	459
1	2000	2	459
1	2000	1	459
1	2000	8	459
1	2000	2	459
1	2000	0	459
1	2000	4	459
1	2000	0	459
1	2000	0	459
1	2000	0	459
1	2000	4	459
1	2000	6	459
1	2000	2	459
2	2030	1	459
2	2030	2	459
2	2030	0	459
2	2030	2	459
2	2030	1	459
2	2030	1	459
2	2030	1	459
2	2030	4	459
2	2030	0	459
2	2030	1	459
2	2030	0	459
2	2030	3	459
2	2030	2	459
2	2030	3	459
2	2030	0	459
2	2030	2	459
2	2030	2	459
2	2030	3	459
2	2030	3	459
2	2030	0	459
2	2030	11	459
2	2030	3	459
2	2030	2	459
2	2030	2	459
2	2030	2	459
2	2030	4	459
2	2030	1	459
2	2030	4	459
2	2030	1	459
0	1970	1	460
1	2000	2	460
2	2030	0	460
2	2030	2	460
0	1970	0	461
0	1970	1	461
1	2000	1	461
1	2000	1	461
2	2030	0	461
0	1970	3	462
1	2000	1	462
1	2000	2	462
1	2000	1	462
2	2030	3	462
2	2030	1	462
2	2030	0	462
2	2030	2	462
0	1970	2	463
1	2000	0	463
1	2000	2	463
2	2030	0	463
2	2030	2	463
0	1970	3	464
1	2000	1	464
1	2000	1	464
1	2000	0	464
2	2030	0	464
2	2030	5	464
0	1970	2	465
1	2000	3	465
1	2000	1	465
2	2030	0	465
2	2030	1	465
2	2030	1	465
2	2030	1	465
0	1970	1	466
1	2000	0	466
1	2000	1	466
2	2030	1	466
0	1970	5	467
1	2000	2	467
1	2000	9	467
1	2000	1	467
1	2000	3	467
1	2000	2	467
2	2030	1	467
2	2030	7	467
2	2030	2	467
2	2030	1	467
2	2030	0	467
2	2030	2	467
2	2030	0	467
2	2030	2	467
2	2030	4	467
2	2030	2	467
2	2030	0	467
2	2030	3	467
2	2030	0	467
2	2030	0	467
2	2030	0	467
2	2030	2	467
2	2030	0	467
0	1970	10	468
1	2000	3	468
1	2000	3	468
1	2000	4	468
1	2000	1	468
1	2000	0	468
1	2000	2	468
1	2000	2	468
1	2000	17	468
1	2000	2	468
1	2000	0	468
2	2030	2	468
2	2030	0	468
2	2030	0	468
2	2030	0	468
2	2030	1	468
2	2030	0	468
2	2030	0	468
2	2030	1	468
2	2030	4	468
2	2030	2	468
2	2030	2	468
2	2030	3	468
2	2030	1	468
2	2030	1	468
2	2030	0	468
2	2030	0	468
2	2030	0	468
2	2030	0	468
2	2030	2	468
2	2030	0	468
2	2030	1	468
2	2030	2	468
2	2030	3	468
2	2030	2	468
2	2030	4	468
2	2030	4	468
2	2030	3	468
2	2030	0	468
2	2030	0	468
2	2030	3	468
2	2030	0	468
2	2030	2	468
2	2030	6	468
2	2030	3	468
0	1970	4	469
1	2000	0	469
1	2000	5	469
1	2000	0	469
1	2000	0	469
2	2030	0	469
2	2030	0	469
2	2030	0	469
2	2030	0	469
2	2030	1	469
0	1970	1	470
1	2000	5	470
2	2030	0	470
2	2030	0	470
2	2030	1	470
2	2030	1	470
2	2030	0	470
0	1970	10	471
1	2000	1	471
1	2000	3	471
1	2000	3	471
1	2000	1	471
1	2000	3	471
1	2000	7	471
1	2000	4	471
1	2000	0	471
1	2000	4	471
1	2000	2	471
2	2030	1	471
2	2030	0	471
2	2030	0	471
2	2030	4	471
2	2030	0	471
2	2030	0	471
2	2030	1	471
2	2030	0	471
2	2030	1	471
2	2030	0	471
2	2030	1	471
2	2030	1	471
2	2030	0	471
2	2030	2	471
2	2030	0	471
2	2030	2	471
2	2030	0	471
2	2030	2	471
2	2030	4	471
2	2030	5	471
2	2030	0	471
2	2030	3	471
2	2030	0	471
2	2030	1	471
2	2030	1	471
2	2030	0	471
2	2030	0	471
2	2030	4	471
0	1970	4	472
1	2000	1	472
1	2000	2	472
1	2000	1	472
1	2000	0	472
2	2030	4	472
2	2030	0	472
2	2030	0	472
2	2030	1	472
0	1970	4	473
1	2000	2	473
1	2000	1	473
1	2000	3	473
1	2000	3	473
2	2030	1	473
2	2030	1	473
2	2030	0	473
2	2030	2	473
2	2030	1	473
2	2030	1	473
2	2030	5	473
2	2030	3	473
2	2030	0	473
0	1970	4	474
1	2000	1	474
1	2000	1	474
1	2000	1	474
1	2000	8	474
2	2030	3	474
2	2030	3	474
2	2030	0	474
2	2030	1	474
2	2030	1	474
2	2030	5	474
2	2030	1	474
2	2030	2	474
2	2030	0	474
2	2030	6	474
2	2030	0	474
0	1970	6	475
1	2000	1	475
1	2000	1	475
1	2000	1	475
1	2000	1	475
1	2000	2	475
1	2000	8	475
2	2030	1	475
2	2030	1	475
2	2030	0	475
2	2030	3	475
2	2030	0	475
2	2030	2	475
2	2030	3	475
2	2030	3	475
2	2030	1	475
2	2030	0	475
2	2030	2	475
2	2030	1	475
2	2030	1	475
2	2030	0	475
0	1970	2	476
1	2000	6	476
1	2000	3	476
1	2000	6	476
1	2000	3	476
2	2030	1	476
2	2030	2	476
2	2030	0	476
2	2030	1	476
2	2030	0	476
2	2030	4	476
2	2030	1	476
2	2030	0	476
2	2030	0	476
0	1970	3	477
1	2000	0	477
1	2000	3	477
1	2000	6	477
2	2030	0	477
2	2030	2	477
2	2030	0	477
2	2030	1	477
2	2030	0	477
2	2030	0	477
2	2030	1	477
2	2030	4	477
2	2030	0	477
0	1970	4	478
1	2000	4	478
1	2000	2	478
1	2000	8	478
1	2000	4	478
2	2030	1	478
2	2030	16	478
2	2030	2	478
2	2030	1	478
2	2030	1	478
2	2030	0	478
2	2030	0	478
2	2030	0	478
2	2030	2	478
2	2030	2	478
2	2030	2	478
2	2030	2	478
2	2030	3	478
2	2030	1	478
2	2030	0	478
2	2030	1	478
2	2030	1	478
2	2030	0	478
0	1970	2	479
1	2000	14	479
1	2000	1	479
2	2030	10	479
2	2030	1	479
2	2030	2	479
2	2030	4	479
2	2030	10	479
2	2030	3	479
2	2030	1	479
2	2030	3	479
2	2030	2	479
2	2030	0	479
2	2030	0	479
2	2030	0	479
2	2030	0	479
2	2030	2	479
2	2030	5	479
0	1970	6	480
1	2000	2	480
1	2000	3	480
1	2000	1	480
1	2000	1	480
1	2000	2	480
1	2000	0	480
2	2030	1	480
2	2030	3	480
2	2030	2	480
2	2030	0	480
2	2030	0	480
2	2030	1	480
2	2030	5	480
2	2030	0	480
2	2030	0	480
0	1970	2	481
1	2000	2	481
1	2000	13	481
2	2030	4	481
2	2030	2	481
2	2030	0	481
2	2030	1	481
2	2030	2	481
2	2030	0	481
2	2030	0	481
2	2030	0	481
2	2030	1	481
2	2030	2	481
2	2030	1	481
2	2030	1	481
2	2030	3	481
2	2030	2	481
2	2030	1	481
0	1970	2	482
1	2000	3	482
1	2000	2	482
2	2030	0	482
2	2030	1	482
2	2030	2	482
2	2030	0	482
2	2030	2	482
0	1970	1	483
0	1970	1	483
1	2000	1	483
1	2000	1	483
2	2030	0	483
0	1970	4	484
1	2000	0	484
1	2000	1	484
1	2000	1	484
1	2000	5	484
2	2030	1	484
2	2030	0	484
2	2030	0	484
2	2030	2	484
2	2030	2	484
2	2030	3	484
2	2030	1	484
0	1970	1	485
1	2000	2	485
2	2030	3	485
2	2030	1	485
0	1970	6	486
1	2000	4	486
1	2000	0	486
1	2000	5	486
1	2000	1	486
1	2000	0	486
1	2000	7	486
2	2030	0	486
2	2030	1	486
2	2030	1	486
2	2030	3	486
2	2030	0	486
2	2030	3	486
2	2030	5	486
2	2030	0	486
2	2030	0	486
2	2030	2	486
2	2030	0	486
2	2030	2	486
2	2030	0	486
2	2030	1	486
2	2030	1	486
2	2030	1	486
2	2030	1	486
0	1970	5	487
1	2000	1	487
1	2000	3	487
1	2000	4	487
1	2000	2	487
1	2000	1	487
2	2030	3	487
2	2030	1	487
2	2030	3	487
2	2030	1	487
2	2030	1	487
2	2030	2	487
2	2030	1	487
2	2030	2	487
2	2030	1	487
2	2030	2	487
2	2030	1	487
0	1970	1	488
1	2000	4	488
2	2030	7	488
2	2030	1	488
2	2030	0	488
2	2030	4	488
0	1970	5	489
1	2000	2	489
1	2000	13	489
1	2000	0	489
1	2000	11	489
1	2000	1	489
2	2030	2	489
2	2030	0	489
2	2030	1	489
2	2030	6	489
2	2030	2	489
2	2030	3	489
2	2030	1	489
2	2030	0	489
2	2030	3	489
2	2030	1	489
2	2030	0	489
2	2030	2	489
2	2030	12	489
2	2030	2	489
2	2030	1	489
2	2030	0	489
2	2030	4	489
2	2030	1	489
2	2030	0	489
2	2030	0	489
2	2030	0	489
2	2030	4	489
2	2030	0	489
2	2030	1	489
2	2030	0	489
2	2030	2	489
2	2030	1	489
0	1970	6	490
1	2000	1	490
1	2000	0	490
1	2000	0	490
1	2000	4	490
1	2000	1	490
1	2000	5	490
2	2030	3	490
2	2030	3	490
2	2030	0	490
2	2030	3	490
2	2030	3	490
2	2030	1	490
2	2030	2	490
2	2030	0	490
2	2030	2	490
2	2030	3	490
2	2030	0	490
0	1970	2	491
0	1970	8	491
1	2000	4	491
1	2000	3	491
1	2000	0	491
1	2000	1	491
1	2000	1	491
1	2000	2	491
1	2000	0	491
1	2000	2	491
1	2000	4	491
1	2000	1	491
2	2030	1	491
2	2030	1	491
2	2030	0	491
2	2030	1	491
2	2030	1	491
2	2030	3	491
2	2030	1	491
2	2030	0	491
2	2030	0	491
2	2030	3	491
2	2030	3	491
2	2030	0	491
2	2030	1	491
2	2030	1	491
2	2030	0	491
2	2030	3	491
2	2030	3	491
0	1970	3	492
1	2000	0	492
1	2000	4	492
1	2000	1	492
2	2030	1	492
2	2030	0	492
2	2030	2	492
2	2030	1	492
2	2030	7	492
0	1970	4	493
0	1970	10	493
1	2000	1	493
1	2000	2	493
1	2000	6	493
1	2000	6	493
1	2000	0	493
1	2000	12	493
1	2000	5	493
1	2000	0	493
1	2000	3	493
1	2000	6	493
1	2000	3	493
1	2000	6	493
1	2000	12	493
1	2000	1	493
2	2030	1	493
2	2030	1	493
2	2030	1	493
2	2030	1	493
2	2030	0	493
2	2030	2	493
2	2030	2	493
2	2030	3	493
2	2030	2	493
2	2030	0	493
2	2030	3	493
2	2030	3	493
2	2030	4	493
2	2030	0	493
2	2030	0	493
2	2030	7	493
2	2030	0	493
2	2030	1	493
2	2030	1	493
2	2030	5	493
2	2030	2	493
2	2030	0	493
2	2030	1	493
2	2030	0	493
2	2030	1	493
2	2030	0	493
2	2030	7	493
2	2030	5	493
2	2030	0	493
2	2030	2	493
2	2030	0	493
2	2030	4	493
2	2030	2	493
2	2030	0	493
2	2030	1	493
2	2030	0	493
2	2030	4	493
2	2030	0	493
2	2030	1	493
2	2030	4	493
2	2030	0	493
2	2030	1	493
2	2030	2	493
2	2030	4	493
2	2030	2	493
0	1970	3	494
1	2000	0	494
1	2000	2	494
1	2000	1	494
2	2030	1	494
2	2030	0	494
2	2030	0	494
0	1970	8	495
0	1970	3	495
1	2000	5	495
1	2000	0	495
1	2000	2	495
1	2000	0	495
1	2000	6	495
1	2000	3	495
1	2000	9	495
1	2000	3	495
1	2000	9	495
1	2000	6	495
1	2000	6	495
2	2030	0	495
2	2030	0	495
2	2030	1	495
2	2030	0	495
2	2030	0	495
2	2030	1	495
2	2030	0	495
2	2030	0	495
2	2030	0	495
2	2030	0	495
2	2030	0	495
2	2030	1	495
2	2030	9	495
2	2030	0	495
2	2030	3	495
2	2030	3	495
2	2030	2	495
2	2030	0	495
2	2030	1	495
2	2030	7	495
2	2030	9	495
2	2030	3	495
2	2030	2	495
2	2030	0	495
2	2030	1	495
2	2030	5	495
2	2030	0	495
2	2030	2	495
2	2030	2	495
2	2030	1	495
2	2030	4	495
2	2030	1	495
2	2030	1	495
2	2030	1	495
2	2030	2	495
2	2030	3	495
2	2030	1	495
0	1970	5	496
0	1970	0	496
1	2000	5	496
1	2000	1	496
1	2000	2	496
1	2000	2	496
1	2000	0	496
2	2030	2	496
2	2030	0	496
2	2030	9	496
2	2030	4	496
2	2030	0	496
2	2030	1	496
2	2030	4	496
2	2030	5	496
2	2030	1	496
2	2030	4	496
0	1970	1	497
0	1970	0	497
1	2000	11	497
1	2000	11	497
2	2030	0	497
2	2030	3	497
2	2030	3	497
2	2030	1	497
2	2030	4	497
2	2030	2	497
2	2030	5	497
2	2030	1	497
2	2030	4	497
2	2030	6	497
2	2030	3	497
0	1970	3	498
0	1970	2	498
1	2000	2	498
1	2000	0	498
1	2000	1	498
1	2000	5	498
1	2000	5	498
2	2030	0	498
2	2030	0	498
2	2030	0	498
2	2030	1	498
2	2030	3	498
2	2030	1	498
2	2030	5	498
2	2030	3	498
0	1970	6	499
1	2000	4	499
1	2000	0	499
1	2000	3	499
1	2000	1	499
1	2000	3	499
1	2000	3	499
2	2030	3	499
2	2030	1	499
2	2030	2	499
2	2030	1	499
2	2030	0	499
2	2030	0	499
2	2030	3	499
2	2030	0	499
2	2030	0	499
2	2030	0	499
2	2030	0	499
2	2030	1	499
2	2030	0	499
2	2030	2	499
0	1970	5	500
1	2000	5	500
1	2000	11	500
1	2000	0	500
1	2000	4	500
1	2000	1	500
2	2030	3	500
2	2030	2	500
2	2030	1	500
2	2030	3	500
2	2030	0	500
2	2030	5	500
2	2030	2	500
2	2030	1	500
2	2030	4	500
2	2030	2	500
2	2030	9	500
2	2030	2	500
2	2030	0	500
2	2030	0	500
2	2030	1	500
2	2030	1	500
2	2030	1	500
2	2030	0	500
2	2030	0	500
2	2030	3	500
2	2030	1	500
0	1970	3	501
1	2000	6	501
1	2000	1	501
1	2000	0	501
2	2030	2	501
2	2030	1	501
2	2030	3	501
2	2030	4	501
2	2030	0	501
2	2030	1	501
2	2030	2	501
0	1970	7	502
1	2000	0	502
1	2000	0	502
1	2000	0	502
1	2000	8	502
1	2000	1	502
1	2000	0	502
1	2000	1	502
2	2030	0	502
2	2030	1	502
2	2030	2	502
2	2030	0	502
2	2030	0	502
2	2030	0	502
2	2030	2	502
2	2030	1	502
2	2030	0	502
2	2030	1	502
0	1970	8	503
1	2000	0	503
1	2000	3	503
1	2000	10	503
1	2000	0	503
1	2000	6	503
1	2000	1	503
1	2000	2	503
1	2000	1	503
2	2030	5	503
2	2030	0	503
2	2030	0	503
2	2030	3	503
2	2030	5	503
2	2030	1	503
2	2030	0	503
2	2030	4	503
2	2030	0	503
2	2030	1	503
2	2030	0	503
2	2030	1	503
2	2030	5	503
2	2030	0	503
2	2030	1	503
2	2030	1	503
2	2030	0	503
2	2030	0	503
2	2030	0	503
2	2030	1	503
2	2030	4	503
2	2030	0	503
2	2030	0	503
0	1970	3	504
1	2000	0	504
1	2000	0	504
1	2000	8	504
2	2030	5	504
2	2030	2	504
2	2030	0	504
2	2030	6	504
2	2030	0	504
2	2030	6	504
2	2030	0	504
2	2030	2	504
0	1970	1	505
0	1970	1	505
1	2000	6	505
1	2000	6	505
2	2030	5	505
2	2030	1	505
2	2030	0	505
2	2030	2	505
2	2030	5	505
2	2030	1	505
0	1970	3	506
1	2000	0	506
1	2000	1	506
1	2000	3	506
2	2030	3	506
2	2030	1	506
2	2030	0	506
2	2030	1	506
0	1970	5	507
1	2000	3	507
1	2000	4	507
1	2000	0	507
1	2000	7	507
1	2000	2	507
2	2030	2	507
2	2030	1	507
2	2030	1	507
2	2030	3	507
2	2030	0	507
2	2030	0	507
2	2030	0	507
2	2030	1	507
2	2030	0	507
2	2030	0	507
2	2030	0	507
2	2030	0	507
2	2030	1	507
2	2030	1	507
2	2030	0	507
2	2030	3	507
0	1970	8	508
1	2000	1	508
1	2000	2	508
1	2000	0	508
1	2000	3	508
1	2000	1	508
1	2000	1	508
1	2000	2	508
1	2000	3	508
2	2030	2	508
2	2030	5	508
2	2030	5	508
2	2030	0	508
2	2030	4	508
2	2030	2	508
2	2030	0	508
2	2030	6	508
2	2030	6	508
2	2030	0	508
2	2030	1	508
2	2030	0	508
2	2030	0	508
0	1970	9	509
1	2000	4	509
1	2000	0	509
1	2000	5	509
1	2000	1	509
1	2000	4	509
1	2000	9	509
1	2000	0	509
1	2000	4	509
1	2000	2	509
2	2030	2	509
2	2030	1	509
2	2030	0	509
2	2030	4	509
2	2030	3	509
2	2030	1	509
2	2030	1	509
2	2030	0	509
2	2030	5	509
2	2030	7	509
2	2030	0	509
2	2030	1	509
2	2030	1	509
2	2030	1	509
2	2030	1	509
2	2030	1	509
2	2030	3	509
2	2030	1	509
2	2030	0	509
2	2030	1	509
2	2030	3	509
2	2030	0	509
2	2030	3	509
2	2030	3	509
2	2030	0	509
2	2030	1	509
2	2030	5	509
2	2030	0	509
2	2030	1	509
0	1970	1	510
1	2000	1	510
2	2030	5	510
0	1970	8	511
1	2000	6	511
1	2000	1	511
1	2000	2	511
1	2000	1	511
1	2000	1	511
1	2000	1	511
1	2000	2	511
1	2000	1	511
2	2030	0	511
2	2030	6	511
2	2030	0	511
2	2030	2	511
2	2030	1	511
2	2030	0	511
2	2030	0	511
2	2030	5	511
2	2030	0	511
2	2030	0	511
2	2030	1	511
2	2030	3	511
2	2030	0	511
2	2030	0	511
2	2030	1	511
0	1970	5	512
1	2000	1	512
1	2000	0	512
1	2000	6	512
1	2000	4	512
1	2000	0	512
2	2030	0	512
2	2030	0	512
2	2030	5	512
2	2030	5	512
2	2030	0	512
2	2030	2	512
2	2030	2	512
2	2030	2	512
2	2030	8	512
2	2030	1	512
2	2030	0	512
0	1970	10	513
1	2000	12	513
1	2000	1	513
1	2000	2	513
1	2000	7	513
1	2000	6	513
1	2000	2	513
1	2000	1	513
1	2000	9	513
1	2000	2	513
1	2000	2	513
2	2030	0	513
2	2030	1	513
2	2030	1	513
2	2030	1	513
2	2030	4	513
2	2030	4	513
2	2030	2	513
2	2030	0	513
2	2030	1	513
2	2030	1	513
2	2030	2	513
2	2030	3	513
2	2030	0	513
2	2030	2	513
2	2030	1	513
2	2030	3	513
2	2030	1	513
2	2030	5	513
2	2030	2	513
2	2030	1	513
2	2030	0	513
2	2030	2	513
2	2030	1	513
2	2030	2	513
2	2030	1	513
2	2030	1	513
2	2030	0	513
2	2030	1	513
2	2030	2	513
2	2030	1	513
2	2030	0	513
2	2030	0	513
2	2030	2	513
2	2030	0	513
2	2030	3	513
2	2030	2	513
2	2030	3	513
2	2030	0	513
2	2030	0	513
2	2030	1	513
2	2030	1	513
2	2030	0	513
2	2030	0	513
2	2030	0	513
0	1970	3	514
1	2000	0	514
1	2000	2	514
1	2000	6	514
2	2030	2	514
2	2030	0	514
2	2030	0	514
2	2030	2	514
2	2030	1	514
2	2030	2	514
2	2030	0	514
2	2030	1	514
0	1970	1	515
1	2000	1	515
2	2030	7	515
0	1970	2	516
1	2000	2	516
1	2000	1	516
2	2030	0	516
2	2030	0	516
2	2030	3	516
0	1970	1	517
1	2000	6	517
2	2030	0	517
2	2030	4	517
2	2030	2	517
2	2030	1	517
2	2030	7	517
2	2030	0	517
0	1970	2	518
1	2000	1	518
1	2000	0	518
2	2030	2	518
0	1970	7	519
1	2000	7	519
1	2000	4	519
1	2000	6	519
1	2000	5	519
1	2000	2	519
1	2000	2	519
1	2000	0	519
2	2030	0	519
2	2030	0	519
2	2030	4	519
2	2030	0	519
2	2030	1	519
2	2030	3	519
2	2030	2	519
2	2030	1	519
2	2030	4	519
2	2030	1	519
2	2030	1	519
2	2030	1	519
2	2030	1	519
2	2030	0	519
2	2030	1	519
2	2030	1	519
2	2030	0	519
2	2030	0	519
2	2030	0	519
2	2030	0	519
2	2030	2	519
2	2030	2	519
2	2030	3	519
2	2030	0	519
2	2030	5	519
2	2030	1	519
0	1970	9	520
1	2000	1	520
1	2000	0	520
1	2000	3	520
1	2000	1	520
1	2000	0	520
1	2000	2	520
1	2000	6	520
1	2000	2	520
1	2000	1	520
2	2030	0	520
2	2030	0	520
2	2030	0	520
2	2030	0	520
2	2030	1	520
2	2030	1	520
2	2030	3	520
2	2030	1	520
2	2030	0	520
2	2030	2	520
2	2030	0	520
2	2030	1	520
2	2030	0	520
2	2030	1	520
2	2030	0	520
2	2030	1	520
0	1970	6	521
1	2000	1	521
1	2000	1	521
1	2000	2	521
1	2000	0	521
1	2000	1	521
1	2000	1	521
2	2030	1	521
2	2030	2	521
2	2030	0	521
2	2030	0	521
2	2030	1	521
2	2030	3	521
0	1970	11	522
1	2000	1	522
1	2000	1	522
1	2000	0	522
1	2000	2	522
1	2000	4	522
1	2000	2	522
1	2000	2	522
1	2000	1	522
1	2000	1	522
1	2000	1	522
1	2000	3	522
2	2030	0	522
2	2030	3	522
2	2030	0	522
2	2030	0	522
2	2030	4	522
2	2030	0	522
2	2030	3	522
2	2030	0	522
2	2030	5	522
2	2030	0	522
2	2030	0	522
2	2030	1	522
2	2030	0	522
2	2030	1	522
2	2030	3	522
2	2030	6	522
2	2030	1	522
2	2030	0	522
0	1970	0	523
0	1970	2	523
1	2000	2	523
1	2000	8	523
1	2000	8	523
1	2000	2	523
2	2030	1	523
2	2030	2	523
2	2030	1	523
2	2030	1	523
2	2030	1	523
2	2030	0	523
2	2030	0	523
2	2030	2	523
2	2030	1	523
2	2030	1	523
0	1970	5	524
1	2000	6	524
1	2000	2	524
1	2000	3	524
1	2000	0	524
1	2000	5	524
2	2030	0	524
2	2030	0	524
2	2030	2	524
2	2030	10	524
2	2030	2	524
2	2030	1	524
2	2030	4	524
2	2030	0	524
2	2030	0	524
2	2030	0	524
2	2030	0	524
2	2030	1	524
2	2030	6	524
2	2030	0	524
2	2030	1	524
2	2030	2	524
0	1970	4	525
0	1970	1	525
1	2000	0	525
1	2000	4	525
1	2000	1	525
1	2000	2	525
1	2000	4	525
2	2030	1	525
2	2030	2	525
2	2030	0	525
2	2030	3	525
2	2030	0	525
2	2030	3	525
2	2030	1	525
0	1970	3	526
0	1970	3	526
1	2000	1	526
1	2000	1	526
1	2000	1	526
1	2000	7	526
1	2000	1	526
1	2000	7	526
2	2030	0	526
2	2030	0	526
2	2030	3	526
2	2030	1	526
2	2030	2	526
2	2030	0	526
2	2030	0	526
2	2030	2	526
2	2030	0	526
0	1970	1	527
1	2000	2	527
2	2030	0	527
2	2030	1	527
0	1970	2	528
1	2000	6	528
1	2000	0	528
2	2030	3	528
2	2030	0	528
2	2030	3	528
2	2030	1	528
2	2030	5	528
2	2030	3	528
0	1970	5	529
1	2000	1	529
1	2000	0	529
1	2000	2	529
1	2000	2	529
1	2000	4	529
2	2030	5	529
2	2030	1	529
2	2030	1	529
2	2030	0	529
2	2030	0	529
2	2030	1	529
2	2030	0	529
2	2030	5	529
2	2030	1	529
0	1970	6	530
0	1970	1	530
1	2000	0	530
1	2000	5	530
1	2000	0	530
1	2000	3	530
1	2000	0	530
1	2000	2	530
1	2000	5	530
2	2030	0	530
2	2030	6	530
2	2030	2	530
2	2030	7	530
2	2030	6	530
2	2030	2	530
2	2030	3	530
2	2030	3	530
2	2030	3	530
2	2030	0	530
0	1970	1	531
1	2000	2	531
2	2030	1	531
2	2030	0	531
0	1970	6	532
1	2000	1	532
1	2000	0	532
1	2000	2	532
1	2000	0	532
1	2000	5	532
1	2000	1	532
2	2030	0	532
2	2030	0	532
2	2030	1	532
2	2030	0	532
2	2030	0	532
2	2030	4	532
2	2030	3	532
2	2030	5	532
2	2030	1	532
0	1970	3	533
1	2000	0	533
1	2000	0	533
1	2000	3	533
2	2030	0	533
2	2030	0	533
2	2030	0	533
0	1970	2	534
1	2000	1	534
1	2000	5	534
2	2030	4	534
2	2030	1	534
2	2030	2	534
2	2030	2	534
2	2030	4	534
2	2030	0	534
0	1970	2	535
1	2000	0	535
1	2000	3	535
1	2000	3	535
1	2000	0	535
2	2030	0	535
2	2030	0	535
2	2030	0	535
0	1970	7	536
1	2000	2	536
1	2000	0	536
1	2000	4	536
1	2000	4	536
1	2000	7	536
1	2000	0	536
1	2000	9	536
2	2030	0	536
2	2030	5	536
2	2030	2	536
2	2030	5	536
2	2030	6	536
2	2030	0	536
2	2030	0	536
2	2030	3	536
2	2030	2	536
2	2030	1	536
2	2030	1	536
2	2030	3	536
2	2030	1	536
2	2030	1	536
2	2030	0	536
2	2030	0	536
2	2030	6	536
2	2030	1	536
2	2030	0	536
2	2030	6	536
2	2030	0	536
2	2030	1	536
2	2030	1	536
2	2030	1	536
2	2030	1	536
2	2030	3	536
0	1970	3	537
1	2000	2	537
1	2000	8	537
1	2000	5	537
2	2030	6	537
2	2030	2	537
2	2030	0	537
2	2030	3	537
2	2030	2	537
2	2030	1	537
2	2030	0	537
2	2030	1	537
2	2030	0	537
2	2030	3	537
2	2030	0	537
2	2030	2	537
2	2030	3	537
2	2030	0	537
2	2030	0	537
0	1970	5	538
1	2000	6	538
1	2000	1	538
1	2000	1	538
1	2000	1	538
1	2000	1	538
2	2030	1	538
2	2030	0	538
2	2030	0	538
2	2030	0	538
2	2030	0	538
2	2030	1	538
2	2030	1	538
2	2030	2	538
2	2030	0	538
2	2030	1	538
0	1970	1	539
1	2000	11	539
2	2030	0	539
2	2030	1	539
2	2030	2	539
2	2030	2	539
2	2030	5	539
2	2030	6	539
2	2030	0	539
2	2030	0	539
2	2030	1	539
2	2030	1	539
2	2030	0	539
0	1970	13	540
1	2000	2	540
1	2000	3	540
1	2000	3	540
1	2000	0	540
1	2000	2	540
1	2000	4	540
1	2000	0	540
1	2000	5	540
1	2000	2	540
1	2000	0	540
1	2000	1	540
1	2000	0	540
1	2000	3	540
2	2030	0	540
2	2030	0	540
2	2030	3	540
2	2030	3	540
2	2030	7	540
2	2030	0	540
2	2030	0	540
2	2030	4	540
2	2030	0	540
2	2030	0	540
2	2030	3	540
2	2030	2	540
2	2030	2	540
2	2030	1	540
2	2030	0	540
2	2030	4	540
2	2030	2	540
2	2030	5	540
2	2030	3	540
2	2030	0	540
2	2030	1	540
2	2030	0	540
2	2030	2	540
2	2030	0	540
2	2030	1	540
0	1970	1	541
1	2000	3	541
2	2030	2	541
2	2030	1	541
2	2030	0	541
0	1970	5	542
1	2000	3	542
1	2000	3	542
1	2000	3	542
1	2000	2	542
1	2000	2	542
2	2030	2	542
2	2030	0	542
2	2030	0	542
2	2030	1	542
2	2030	0	542
2	2030	2	542
2	2030	0	542
2	2030	2	542
2	2030	1	542
2	2030	7	542
2	2030	0	542
2	2030	1	542
2	2030	1	542
0	1970	1	543
1	2000	2	543
2	2030	2	543
2	2030	1	543
0	1970	7	544
1	2000	1	544
1	2000	1	544
1	2000	0	544
1	2000	1	544
1	2000	0	544
1	2000	1	544
1	2000	3	544
2	2030	1	544
2	2030	3	544
2	2030	1	544
2	2030	1	544
2	2030	0	544
2	2030	2	544
2	2030	0	544
0	1970	4	545
1	2000	0	545
1	2000	1	545
1	2000	0	545
1	2000	1	545
2	2030	2	545
2	2030	1	545
0	1970	1	546
1	2000	1	546
2	2030	0	546
0	1970	1	547
1	2000	6	547
1	2000	6	547
2	2030	4	547
2	2030	1	547
2	2030	0	547
2	2030	2	547
2	2030	4	547
2	2030	1	547
0	1970	9	548
1	2000	2	548
1	2000	4	548
1	2000	7	548
1	2000	6	548
1	2000	0	548
1	2000	2	548
1	2000	1	548
1	2000	0	548
1	2000	0	548
2	2030	1	548
2	2030	5	548
2	2030	1	548
2	2030	2	548
2	2030	1	548
2	2030	1	548
2	2030	0	548
2	2030	1	548
2	2030	0	548
2	2030	9	548
2	2030	2	548
2	2030	2	548
2	2030	4	548
2	2030	0	548
2	2030	3	548
2	2030	1	548
2	2030	2	548
2	2030	2	548
2	2030	1	548
2	2030	1	548
2	2030	1	548
2	2030	0	548
0	1970	1	549
1	2000	6	549
2	2030	1	549
2	2030	2	549
2	2030	0	549
2	2030	2	549
2	2030	1	549
2	2030	0	549
0	1970	2	550
1	2000	0	550
1	2000	2	550
2	2030	1	550
2	2030	2	550
0	1970	2	551
1	2000	4	551
1	2000	0	551
2	2030	1	551
2	2030	1	551
2	2030	4	551
2	2030	4	551
0	1970	3	552
1	2000	2	552
1	2000	0	552
1	2000	3	552
2	2030	0	552
2	2030	1	552
2	2030	0	552
2	2030	0	552
2	2030	1	552
0	1970	5	553
1	2000	1	553
1	2000	5	553
1	2000	0	553
1	2000	0	553
1	2000	3	553
2	2030	1	553
2	2030	1	553
2	2030	1	553
2	2030	0	553
2	2030	2	553
2	2030	1	553
2	2030	0	553
2	2030	2	553
2	2030	1	553
0	1970	6	554
1	2000	0	554
1	2000	8	554
1	2000	2	554
1	2000	1	554
1	2000	2	554
1	2000	5	554
2	2030	3	554
2	2030	2	554
2	2030	0	554
2	2030	1	554
2	2030	0	554
2	2030	0	554
2	2030	2	554
2	2030	1	554
2	2030	2	554
2	2030	0	554
2	2030	1	554
2	2030	5	554
2	2030	0	554
2	2030	0	554
2	2030	2	554
2	2030	4	554
2	2030	2	554
2	2030	7	554
0	1970	5	555
1	2000	3	555
1	2000	2	555
1	2000	11	555
1	2000	2	555
1	2000	5	555
2	2030	0	555
2	2030	4	555
2	2030	2	555
2	2030	3	555
2	2030	3	555
2	2030	1	555
2	2030	5	555
2	2030	1	555
2	2030	0	555
2	2030	0	555
2	2030	2	555
2	2030	2	555
2	2030	1	555
2	2030	2	555
2	2030	0	555
2	2030	5	555
2	2030	17	555
2	2030	1	555
2	2030	6	555
2	2030	1	555
2	2030	1	555
2	2030	0	555
2	2030	0	555
0	1970	2	556
1	2000	1	556
1	2000	1	556
2	2030	1	556
2	2030	0	556
0	1970	3	557
1	2000	2	557
1	2000	2	557
1	2000	1	557
2	2030	6	557
2	2030	2	557
2	2030	5	557
2	2030	1	557
2	2030	3	557
0	1970	2	558
1	2000	0	558
1	2000	5	558
2	2030	0	558
2	2030	0	558
2	2030	1	558
2	2030	2	558
2	2030	0	558
0	1970	0	559
0	1970	5	559
1	2000	1	559
1	2000	3	559
1	2000	0	559
1	2000	0	559
1	2000	1	559
2	2030	5	559
2	2030	1	559
2	2030	2	559
2	2030	0	559
2	2030	0	559
0	1970	3	560
1	2000	1	560
1	2000	6	560
1	2000	5	560
2	2030	1	560
2	2030	1	560
2	2030	0	560
2	2030	0	560
2	2030	0	560
2	2030	2	560
2	2030	0	560
2	2030	2	560
2	2030	1	560
2	2030	7	560
2	2030	2	560
2	2030	0	560
0	1970	3	561
0	1970	2	561
1	2000	4	561
1	2000	0	561
1	2000	4	561
1	2000	2	561
1	2000	0	561
2	2030	0	561
2	2030	0	561
2	2030	1	561
2	2030	3	561
2	2030	3	561
2	2030	1	561
0	1970	12	562
0	1970	2	562
1	2000	6	562
1	2000	2	562
1	2000	2	562
1	2000	1	562
1	2000	0	562
1	2000	2	562
1	2000	0	562
1	2000	6	562
1	2000	1	562
1	2000	0	562
1	2000	4	562
1	2000	4	562
1	2000	3	562
1	2000	3	562
2	2030	4	562
2	2030	2	562
2	2030	2	562
2	2030	1	562
2	2030	1	562
2	2030	0	562
2	2030	0	562
2	2030	7	562
2	2030	1	562
2	2030	2	562
2	2030	3	562
2	2030	0	562
2	2030	3	562
2	2030	3	562
2	2030	1	562
2	2030	0	562
2	2030	1	562
2	2030	0	562
2	2030	3	562
2	2030	1	562
2	2030	1	562
2	2030	2	562
2	2030	0	562
2	2030	2	562
2	2030	1	562
2	2030	1	562
2	2030	7	562
2	2030	2	562
2	2030	0	562
2	2030	3	562
2	2030	0	562
2	2030	2	562
2	2030	0	562
2	2030	3	562
0	1970	5	563
0	1970	1	563
1	2000	0	563
1	2000	6	563
1	2000	1	563
1	2000	3	563
1	2000	0	563
1	2000	2	563
2	2030	1	563
2	2030	0	563
2	2030	1	563
2	2030	2	563
2	2030	4	563
2	2030	2	563
2	2030	0	563
2	2030	4	563
2	2030	0	563
2	2030	2	563
2	2030	3	563
2	2030	1	563
0	1970	9	564
1	2000	2	564
1	2000	6	564
1	2000	5	564
1	2000	4	564
1	2000	3	564
1	2000	3	564
1	2000	1	564
1	2000	2	564
1	2000	0	564
2	2030	1	564
2	2030	0	564
2	2030	2	564
2	2030	0	564
2	2030	0	564
2	2030	0	564
2	2030	2	564
2	2030	6	564
2	2030	0	564
2	2030	0	564
2	2030	0	564
2	2030	2	564
2	2030	0	564
2	2030	0	564
2	2030	1	564
2	2030	1	564
2	2030	4	564
2	2030	1	564
2	2030	1	564
2	2030	0	564
2	2030	0	564
2	2030	4	564
2	2030	2	564
2	2030	1	564
2	2030	0	564
2	2030	0	564
0	1970	23	565
1	2000	4	565
1	2000	3	565
1	2000	0	565
1	2000	0	565
1	2000	9	565
1	2000	2	565
1	2000	1	565
1	2000	2	565
1	2000	3	565
1	2000	2	565
1	2000	4	565
1	2000	1	565
1	2000	5	565
1	2000	10	565
1	2000	6	565
1	2000	0	565
1	2000	1	565
1	2000	0	565
1	2000	5	565
1	2000	0	565
1	2000	0	565
1	2000	5	565
1	2000	4	565
2	2030	0	565
2	2030	0	565
2	2030	1	565
2	2030	0	565
2	2030	1	565
2	2030	1	565
2	2030	1	565
2	2030	1	565
2	2030	0	565
2	2030	2	565
2	2030	2	565
2	2030	0	565
2	2030	3	565
2	2030	2	565
2	2030	1	565
2	2030	4	565
2	2030	2	565
2	2030	0	565
2	2030	0	565
2	2030	2	565
2	2030	1	565
2	2030	0	565
2	2030	2	565
2	2030	4	565
2	2030	2	565
2	2030	5	565
2	2030	1	565
2	2030	0	565
2	2030	0	565
2	2030	2	565
2	2030	4	565
2	2030	1	565
2	2030	1	565
2	2030	1	565
2	2030	4	565
2	2030	1	565
2	2030	0	565
2	2030	2	565
2	2030	3	565
2	2030	0	565
2	2030	3	565
2	2030	0	565
2	2030	0	565
2	2030	4	565
2	2030	1	565
2	2030	1	565
2	2030	2	565
2	2030	0	565
2	2030	2	565
2	2030	4	565
2	2030	0	565
2	2030	0	565
2	2030	3	565
2	2030	0	565
2	2030	0	565
2	2030	0	565
2	2030	3	565
2	2030	2	565
2	2030	2	565
2	2030	1	565
2	2030	1	565
2	2030	1	565
2	2030	4	565
2	2030	3	565
2	2030	3	565
2	2030	2	565
2	2030	2	565
0	1970	1	566
1	2000	4	566
2	2030	0	566
2	2030	1	566
2	2030	7	566
2	2030	1	566
0	1970	4	567
1	2000	1	567
1	2000	0	567
1	2000	0	567
1	2000	3	567
2	2030	2	567
2	2030	2	567
2	2030	1	567
2	2030	0	567
0	1970	8	568
1	2000	0	568
1	2000	1	568
1	2000	1	568
1	2000	4	568
1	2000	7	568
1	2000	2	568
1	2000	6	568
1	2000	6	568
2	2030	1	568
2	2030	1	568
2	2030	0	568
2	2030	0	568
2	2030	1	568
2	2030	0	568
2	2030	2	568
2	2030	1	568
2	2030	2	568
2	2030	1	568
2	2030	1	568
2	2030	4	568
2	2030	0	568
2	2030	0	568
2	2030	1	568
2	2030	1	568
2	2030	2	568
2	2030	2	568
2	2030	2	568
2	2030	1	568
2	2030	0	568
2	2030	1	568
2	2030	0	568
2	2030	0	568
2	2030	0	568
2	2030	6	568
2	2030	5	568
0	1970	2	569
1	2000	1	569
1	2000	2	569
2	2030	6	569
2	2030	4	569
2	2030	5	569
0	1970	2	570
1	2000	0	570
1	2000	6	570
2	2030	0	570
2	2030	0	570
2	2030	2	570
2	2030	2	570
2	2030	1	570
2	2030	0	570
0	1970	1	571
0	1970	0	571
1	2000	5	571
2	2030	1	571
2	2030	0	571
2	2030	2	571
2	2030	1	571
2	2030	0	571
0	1970	18	572
1	2000	6	572
1	2000	0	572
1	2000	1	572
1	2000	0	572
1	2000	2	572
1	2000	5	572
1	2000	1	572
1	2000	0	572
1	2000	2	572
1	2000	6	572
1	2000	0	572
1	2000	0	572
1	2000	1	572
1	2000	5	572
1	2000	5	572
1	2000	2	572
1	2000	2	572
1	2000	5	572
2	2030	0	572
2	2030	0	572
2	2030	1	572
2	2030	1	572
2	2030	0	572
2	2030	2	572
2	2030	1	572
2	2030	0	572
2	2030	12	572
2	2030	3	572
2	2030	7	572
2	2030	7	572
2	2030	4	572
2	2030	2	572
2	2030	0	572
2	2030	0	572
2	2030	4	572
2	2030	1	572
2	2030	3	572
2	2030	0	572
2	2030	3	572
2	2030	2	572
2	2030	4	572
2	2030	2	572
2	2030	1	572
2	2030	3	572
2	2030	1	572
2	2030	4	572
2	2030	1	572
2	2030	0	572
2	2030	1	572
2	2030	2	572
2	2030	2	572
2	2030	0	572
2	2030	3	572
2	2030	7	572
2	2030	0	572
2	2030	0	572
2	2030	1	572
2	2030	1	572
2	2030	1	572
2	2030	2	572
2	2030	2	572
0	1970	13	573
1	2000	3	573
1	2000	6	573
1	2000	2	573
1	2000	7	573
1	2000	1	573
1	2000	3	573
1	2000	0	573
1	2000	0	573
1	2000	1	573
1	2000	1	573
1	2000	1	573
1	2000	1	573
1	2000	9	573
2	2030	0	573
2	2030	3	573
2	2030	0	573
2	2030	6	573
2	2030	0	573
2	2030	1	573
2	2030	0	573
2	2030	1	573
2	2030	0	573
2	2030	1	573
2	2030	1	573
2	2030	0	573
2	2030	2	573
2	2030	0	573
2	2030	0	573
2	2030	0	573
2	2030	0	573
2	2030	0	573
2	2030	1	573
2	2030	1	573
2	2030	0	573
2	2030	4	573
2	2030	2	573
2	2030	0	573
2	2030	2	573
2	2030	3	573
2	2030	0	573
2	2030	0	573
2	2030	0	573
2	2030	10	573
2	2030	0	573
2	2030	8	573
2	2030	3	573
2	2030	1	573
2	2030	2	573
0	1970	1	574
0	1970	3	574
1	2000	6	574
1	2000	3	574
1	2000	0	574
1	2000	1	574
2	2030	0	574
2	2030	0	574
2	2030	1	574
2	2030	2	574
2	2030	2	574
2	2030	0	574
2	2030	0	574
2	2030	5	574
2	2030	0	574
2	2030	5	574
0	1970	2	575
0	1970	6	575
1	2000	4	575
1	2000	1	575
1	2000	1	575
1	2000	4	575
1	2000	1	575
1	2000	3	575
1	2000	2	575
1	2000	4	575
2	2030	1	575
2	2030	0	575
2	2030	0	575
2	2030	3	575
2	2030	0	575
2	2030	0	575
2	2030	0	575
2	2030	1	575
2	2030	4	575
2	2030	0	575
2	2030	1	575
2	2030	3	575
2	2030	0	575
2	2030	1	575
2	2030	0	575
2	2030	2	575
2	2030	1	575
2	2030	1	575
2	2030	1	575
2	2030	2	575
0	1970	7	576
1	2000	1	576
1	2000	1	576
1	2000	1	576
1	2000	1	576
1	2000	4	576
1	2000	3	576
1	2000	2	576
2	2030	1	576
2	2030	4	576
2	2030	2	576
2	2030	0	576
2	2030	0	576
2	2030	5	576
2	2030	0	576
2	2030	1	576
2	2030	0	576
2	2030	2	576
2	2030	1	576
2	2030	0	576
2	2030	0	576
0	1970	4	577
0	1970	5	577
1	2000	7	577
1	2000	5	577
1	2000	2	577
1	2000	3	577
1	2000	2	577
1	2000	5	577
1	2000	6	577
1	2000	5	577
1	2000	2	577
2	2030	0	577
2	2030	0	577
2	2030	1	577
2	2030	0	577
2	2030	1	577
2	2030	3	577
2	2030	2	577
2	2030	1	577
2	2030	0	577
2	2030	2	577
2	2030	0	577
2	2030	3	577
2	2030	1	577
2	2030	2	577
2	2030	0	577
2	2030	4	577
2	2030	5	577
2	2030	2	577
2	2030	0	577
2	2030	1	577
2	2030	2	577
2	2030	1	577
2	2030	0	577
2	2030	0	577
2	2030	4	577
2	2030	5	577
2	2030	2	577
2	2030	2	577
2	2030	2	577
2	2030	1	577
0	1970	11	578
0	1970	2	578
1	2000	2	578
1	2000	3	578
1	2000	3	578
1	2000	4	578
1	2000	2	578
1	2000	10	578
1	2000	9	578
1	2000	4	578
1	2000	1	578
1	2000	2	578
1	2000	3	578
1	2000	1	578
1	2000	10	578
2	2030	2	578
2	2030	0	578
2	2030	3	578
2	2030	1	578
2	2030	0	578
2	2030	2	578
2	2030	2	578
2	2030	0	578
2	2030	4	578
2	2030	1	578
2	2030	1	578
2	2030	2	578
2	2030	2	578
2	2030	2	578
2	2030	0	578
2	2030	1	578
2	2030	0	578
2	2030	4	578
2	2030	1	578
2	2030	4	578
2	2030	4	578
2	2030	8	578
2	2030	0	578
2	2030	0	578
2	2030	0	578
2	2030	0	578
2	2030	0	578
2	2030	0	578
2	2030	2	578
2	2030	0	578
2	2030	1	578
2	2030	4	578
2	2030	1	578
2	2030	0	578
2	2030	0	578
2	2030	0	578
2	2030	5	578
2	2030	1	578
2	2030	0	578
2	2030	5	578
2	2030	0	578
2	2030	2	578
2	2030	4	578
2	2030	1	578
0	1970	5	579
1	2000	2	579
1	2000	0	579
1	2000	5	579
1	2000	0	579
1	2000	0	579
2	2030	1	579
2	2030	1	579
2	2030	3	579
2	2030	2	579
2	2030	0	579
2	2030	1	579
2	2030	0	579
0	1970	5	580
1	2000	5	580
1	2000	2	580
1	2000	0	580
1	2000	0	580
1	2000	2	580
2	2030	0	580
2	2030	0	580
2	2030	0	580
2	2030	2	580
2	2030	1	580
2	2030	1	580
2	2030	0	580
2	2030	0	580
2	2030	1	580
0	1970	1	581
1	2000	2	581
1	2000	2	581
2	2030	4	581
2	2030	2	581
2	2030	4	581
2	2030	4	581
0	1970	4	582
1	2000	3	582
1	2000	0	582
1	2000	1	582
1	2000	0	582
2	2030	2	582
2	2030	0	582
2	2030	0	582
2	2030	0	582
0	1970	4	583
1	2000	2	583
1	2000	4	583
1	2000	2	583
1	2000	1	583
2	2030	0	583
2	2030	1	583
2	2030	3	583
2	2030	0	583
2	2030	0	583
2	2030	1	583
2	2030	0	583
2	2030	0	583
2	2030	3	583
0	1970	4	584
1	2000	0	584
1	2000	2	584
1	2000	0	584
1	2000	8	584
2	2030	1	584
2	2030	0	584
2	2030	0	584
2	2030	0	584
2	2030	5	584
2	2030	0	584
2	2030	1	584
2	2030	1	584
2	2030	1	584
2	2030	0	584
0	1970	8	585
0	1970	10	585
1	2000	1	585
1	2000	1	585
1	2000	3	585
1	2000	4	585
1	2000	8	585
1	2000	8	585
1	2000	5	585
1	2000	0	585
1	2000	2	585
1	2000	4	585
1	2000	6	585
1	2000	8	585
1	2000	3	585
1	2000	8	585
1	2000	5	585
1	2000	3	585
1	2000	6	585
1	2000	3	585
2	2030	0	585
2	2030	0	585
2	2030	0	585
2	2030	0	585
2	2030	6	585
2	2030	0	585
2	2030	0	585
2	2030	1	585
2	2030	1	585
2	2030	11	585
2	2030	4	585
2	2030	2	585
2	2030	6	585
2	2030	0	585
2	2030	1	585
2	2030	0	585
2	2030	2	585
2	2030	0	585
2	2030	0	585
2	2030	4	585
2	2030	1	585
2	2030	11	585
2	2030	0	585
2	2030	4	585
2	2030	5	585
2	2030	8	585
2	2030	5	585
2	2030	0	585
2	2030	5	585
2	2030	2	585
2	2030	4	585
2	2030	4	585
2	2030	4	585
2	2030	2	585
2	2030	0	585
2	2030	1	585
2	2030	0	585
2	2030	4	585
2	2030	0	585
2	2030	5	585
2	2030	8	585
2	2030	1	585
2	2030	5	585
2	2030	3	585
0	1970	10	586
1	2000	2	586
1	2000	1	586
1	2000	3	586
1	2000	0	586
1	2000	1	586
1	2000	1	586
1	2000	7	586
1	2000	2	586
1	2000	0	586
1	2000	4	586
2	2030	1	586
2	2030	1	586
2	2030	0	586
2	2030	0	586
2	2030	0	586
2	2030	1	586
2	2030	0	586
2	2030	0	586
2	2030	5	586
2	2030	0	586
2	2030	0	586
2	2030	2	586
2	2030	0	586
2	2030	0	586
2	2030	4	586
2	2030	3	586
2	2030	0	586
2	2030	2	586
2	2030	0	586
2	2030	0	586
2	2030	3	586
0	1970	5	587
1	2000	4	587
1	2000	1	587
1	2000	1	587
1	2000	2	587
1	2000	6	587
2	2030	3	587
2	2030	0	587
2	2030	3	587
2	2030	2	587
2	2030	1	587
2	2030	2	587
2	2030	1	587
2	2030	1	587
2	2030	0	587
2	2030	2	587
2	2030	0	587
2	2030	1	587
2	2030	2	587
2	2030	2	587
0	1970	1	588
1	2000	3	588
1	2000	3	588
2	2030	1	588
2	2030	1	588
2	2030	2	588
2	2030	6	588
2	2030	0	588
2	2030	6	588
0	1970	5	589
1	2000	1	589
1	2000	5	589
1	2000	2	589
1	2000	1	589
1	2000	8	589
2	2030	2	589
2	2030	0	589
2	2030	0	589
2	2030	1	589
2	2030	0	589
2	2030	5	589
2	2030	4	589
2	2030	2	589
2	2030	0	589
2	2030	1	589
2	2030	0	589
2	2030	0	589
2	2030	0	589
2	2030	1	589
2	2030	3	589
2	2030	0	589
2	2030	1	589
0	1970	1	590
1	2000	2	590
2	2030	5	590
2	2030	2	590
0	1970	6	591
0	1970	4	591
1	2000	5	591
1	2000	0	591
1	2000	4	591
1	2000	2	591
1	2000	4	591
1	2000	4	591
1	2000	0	591
1	2000	0	591
1	2000	9	591
1	2000	0	591
2	2030	4	591
2	2030	0	591
2	2030	0	591
2	2030	2	591
2	2030	1	591
2	2030	2	591
2	2030	1	591
2	2030	1	591
2	2030	0	591
2	2030	0	591
2	2030	2	591
2	2030	4	591
2	2030	2	591
2	2030	1	591
2	2030	2	591
2	2030	0	591
2	2030	2	591
2	2030	2	591
2	2030	4	591
2	2030	0	591
2	2030	2	591
2	2030	2	591
2	2030	0	591
2	2030	6	591
0	1970	4	592
1	2000	1	592
1	2000	0	592
1	2000	2	592
1	2000	1	592
2	2030	0	592
2	2030	1	592
2	2030	2	592
2	2030	1	592
0	1970	7	593
1	2000	0	593
1	2000	6	593
1	2000	1	593
1	2000	2	593
1	2000	6	593
1	2000	2	593
1	2000	1	593
2	2030	1	593
2	2030	0	593
2	2030	0	593
2	2030	1	593
2	2030	2	593
2	2030	0	593
2	2030	4	593
2	2030	3	593
2	2030	0	593
2	2030	0	593
2	2030	6	593
2	2030	1	593
2	2030	0	593
2	2030	1	593
2	2030	2	593
2	2030	3	593
2	2030	1	593
2	2030	0	593
0	1970	17	594
1	2000	0	594
1	2000	4	594
1	2000	0	594
1	2000	3	594
1	2000	7	594
1	2000	7	594
1	2000	1	594
1	2000	1	594
1	2000	3	594
1	2000	7	594
1	2000	1	594
1	2000	1	594
1	2000	6	594
1	2000	4	594
1	2000	3	594
1	2000	0	594
1	2000	4	594
2	2030	3	594
2	2030	0	594
2	2030	1	594
2	2030	0	594
2	2030	2	594
2	2030	0	594
2	2030	5	594
2	2030	1	594
2	2030	0	594
2	2030	0	594
2	2030	0	594
2	2030	3	594
2	2030	2	594
2	2030	0	594
2	2030	1	594
2	2030	0	594
2	2030	4	594
2	2030	0	594
2	2030	3	594
2	2030	0	594
2	2030	2	594
2	2030	2	594
2	2030	0	594
2	2030	4	594
2	2030	0	594
2	2030	0	594
2	2030	0	594
2	2030	1	594
2	2030	0	594
2	2030	1	594
2	2030	0	594
2	2030	1	594
2	2030	7	594
2	2030	3	594
2	2030	1	594
2	2030	0	594
2	2030	0	594
2	2030	6	594
2	2030	6	594
2	2030	3	594
2	2030	1	594
2	2030	0	594
2	2030	3	594
2	2030	1	594
2	2030	0	594
2	2030	0	594
2	2030	0	594
2	2030	1	594
2	2030	2	594
2	2030	0	594
2	2030	1	594
2	2030	4	594
0	1970	2	595
1	2000	7	595
1	2000	2	595
2	2030	1	595
2	2030	2	595
2	2030	0	595
2	2030	2	595
2	2030	0	595
2	2030	4	595
2	2030	1	595
2	2030	2	595
2	2030	3	595
0	1970	3	596
1	2000	2	596
1	2000	1	596
1	2000	0	596
2	2030	2	596
2	2030	4	596
2	2030	1	596
0	1970	3	597
1	2000	2	597
1	2000	9	597
1	2000	0	597
2	2030	0	597
2	2030	2	597
2	2030	0	597
2	2030	0	597
2	2030	5	597
2	2030	5	597
2	2030	1	597
2	2030	1	597
2	2030	6	597
2	2030	2	597
2	2030	1	597
0	1970	1	598
1	2000	1	598
2	2030	0	598
0	1970	5	599
1	2000	3	599
1	2000	1	599
1	2000	1	599
1	2000	4	599
1	2000	1	599
2	2030	1	599
2	2030	1	599
2	2030	1	599
2	2030	3	599
2	2030	1	599
2	2030	1	599
2	2030	0	599
2	2030	1	599
2	2030	0	599
2	2030	1	599
0	1970	4	600
1	2000	0	600
1	2000	2	600
1	2000	6	600
1	2000	0	600
2	2030	1	600
2	2030	0	600
2	2030	2	600
2	2030	2	600
2	2030	3	600
2	2030	2	600
2	2030	0	600
2	2030	2	600
0	1970	7	601
1	2000	2	601
1	2000	1	601
1	2000	2	601
1	2000	1	601
1	2000	7	601
1	2000	3	601
1	2000	2	601
2	2030	5	601
2	2030	1	601
2	2030	0	601
2	2030	1	601
2	2030	1	601
2	2030	1	601
2	2030	1	601
2	2030	0	601
2	2030	1	601
2	2030	2	601
2	2030	0	601
2	2030	0	601
2	2030	5	601
2	2030	1	601
2	2030	2	601
2	2030	1	601
2	2030	5	601
2	2030	3	601
0	1970	1	602
0	1970	3	602
1	2000	2	602
1	2000	2	602
1	2000	2	602
1	2000	5	602
2	2030	4	602
2	2030	2	602
2	2030	0	602
2	2030	4	602
2	2030	2	602
2	2030	0	602
2	2030	1	602
2	2030	3	602
2	2030	2	602
2	2030	2	602
2	2030	1	602
0	1970	1	603
1	2000	2	603
1	2000	2	603
2	2030	0	603
2	2030	0	603
0	1970	2	604
1	2000	1	604
1	2000	0	604
2	2030	1	604
0	1970	6	605
1	2000	1	605
1	2000	6	605
1	2000	2	605
1	2000	9	605
1	2000	2	605
1	2000	2	605
2	2030	4	605
2	2030	2	605
2	2030	6	605
2	2030	0	605
2	2030	1	605
2	2030	1	605
2	2030	2	605
2	2030	3	605
2	2030	0	605
2	2030	1	605
2	2030	5	605
2	2030	1	605
2	2030	2	605
2	2030	0	605
2	2030	3	605
2	2030	1	605
2	2030	1	605
2	2030	0	605
2	2030	4	605
2	2030	1	605
2	2030	0	605
2	2030	4	605
0	1970	2	606
1	2000	4	606
1	2000	0	606
2	2030	0	606
2	2030	2	606
2	2030	0	606
2	2030	3	606
0	1970	2	607
1	2000	11	607
1	2000	0	607
2	2030	1	607
2	2030	0	607
2	2030	1	607
2	2030	4	607
2	2030	4	607
2	2030	1	607
2	2030	1	607
2	2030	0	607
2	2030	0	607
2	2030	1	607
2	2030	2	607
0	1970	1	608
1	2000	2	608
2	2030	0	608
2	2030	0	608
0	1970	19	609
1	2000	6	609
1	2000	1	609
1	2000	13	609
1	2000	0	609
1	2000	4	609
1	2000	0	609
1	2000	2	609
1	2000	3	609
1	2000	1	609
1	2000	20	609
1	2000	2	609
1	2000	2	609
1	2000	1	609
1	2000	4	609
1	2000	0	609
1	2000	1	609
1	2000	8	609
1	2000	1	609
1	2000	2	609
2	2030	3	609
2	2030	0	609
2	2030	0	609
2	2030	0	609
2	2030	1	609
2	2030	3	609
2	2030	0	609
2	2030	0	609
2	2030	3	609
2	2030	2	609
2	2030	0	609
2	2030	0	609
2	2030	0	609
2	2030	1	609
2	2030	2	609
2	2030	4	609
2	2030	1	609
2	2030	3	609
2	2030	3	609
2	2030	1	609
2	2030	0	609
2	2030	0	609
2	2030	1	609
2	2030	4	609
2	2030	3	609
2	2030	3	609
2	2030	0	609
2	2030	0	609
2	2030	2	609
2	2030	0	609
2	2030	1	609
2	2030	0	609
2	2030	2	609
2	2030	2	609
2	2030	2	609
2	2030	2	609
2	2030	5	609
2	2030	1	609
2	2030	0	609
2	2030	2	609
2	2030	1	609
2	2030	0	609
2	2030	0	609
2	2030	2	609
2	2030	1	609
2	2030	0	609
2	2030	1	609
2	2030	1	609
2	2030	3	609
2	2030	0	609
2	2030	3	609
2	2030	0	609
2	2030	0	609
2	2030	1	609
2	2030	7	609
2	2030	0	609
2	2030	1	609
2	2030	0	609
2	2030	2	609
2	2030	0	609
2	2030	3	609
2	2030	2	609
2	2030	1	609
2	2030	0	609
2	2030	3	609
2	2030	2	609
2	2030	3	609
2	2030	0	609
2	2030	3	609
2	2030	0	609
2	2030	1	609
0	1970	3	610
1	2000	5	610
1	2000	5	610
1	2000	12	610
2	2030	1	610
2	2030	1	610
2	2030	1	610
2	2030	2	610
2	2030	0	610
2	2030	1	610
2	2030	1	610
2	2030	1	610
2	2030	1	610
2	2030	1	610
2	2030	1	610
2	2030	3	610
2	2030	1	610
2	2030	0	610
2	2030	1	610
2	2030	0	610
2	2030	0	610
2	2030	2	610
2	2030	3	610
2	2030	1	610
2	2030	2	610
2	2030	1	610
0	1970	3	611
1	2000	5	611
1	2000	4	611
1	2000	6	611
2	2030	3	611
2	2030	2	611
2	2030	4	611
2	2030	2	611
2	2030	4	611
2	2030	0	611
2	2030	2	611
2	2030	1	611
2	2030	2	611
2	2030	3	611
2	2030	2	611
2	2030	2	611
2	2030	1	611
2	2030	0	611
2	2030	1	611
0	1970	2	612
1	2000	0	612
1	2000	3	612
2	2030	0	612
2	2030	3	612
2	2030	1	612
0	1970	6	613
1	2000	1	613
1	2000	0	613
1	2000	1	613
1	2000	1	613
1	2000	1	613
1	2000	4	613
2	2030	1	613
2	2030	3	613
2	2030	2	613
2	2030	0	613
2	2030	2	613
2	2030	2	613
2	2030	0	613
2	2030	0	613
0	1970	2	614
1	2000	1	614
1	2000	2	614
2	2030	1	614
2	2030	3	614
2	2030	0	614
0	1970	4	615
0	1970	0	615
1	2000	0	615
1	2000	0	615
1	2000	0	615
1	2000	7	615
2	2030	2	615
2	2030	2	615
2	2030	0	615
2	2030	1	615
2	2030	1	615
2	2030	1	615
2	2030	4	615
0	1970	18	616
1	2000	2	616
1	2000	1	616
1	2000	3	616
1	2000	0	616
1	2000	7	616
1	2000	2	616
1	2000	0	616
1	2000	0	616
1	2000	2	616
1	2000	2	616
1	2000	6	616
1	2000	10	616
1	2000	1	616
1	2000	0	616
1	2000	1	616
1	2000	2	616
1	2000	1	616
1	2000	0	616
2	2030	0	616
2	2030	0	616
2	2030	1	616
2	2030	1	616
2	2030	1	616
2	2030	0	616
2	2030	1	616
2	2030	2	616
2	2030	0	616
2	2030	0	616
2	2030	5	616
2	2030	3	616
2	2030	4	616
2	2030	0	616
2	2030	5	616
2	2030	5	616
2	2030	6	616
2	2030	0	616
2	2030	0	616
2	2030	1	616
2	2030	0	616
2	2030	0	616
2	2030	2	616
2	2030	3	616
2	2030	7	616
2	2030	1	616
2	2030	0	616
2	2030	1	616
2	2030	1	616
2	2030	3	616
2	2030	0	616
2	2030	4	616
2	2030	5	616
2	2030	1	616
2	2030	0	616
2	2030	0	616
2	2030	0	616
2	2030	1	616
2	2030	0	616
2	2030	4	616
0	1970	1	617
1	2000	9	617
2	2030	0	617
2	2030	2	617
2	2030	0	617
2	2030	0	617
2	2030	0	617
2	2030	2	617
2	2030	1	617
2	2030	2	617
2	2030	2	617
0	1970	8	618
1	2000	1	618
1	2000	5	618
1	2000	0	618
1	2000	1	618
1	2000	1	618
1	2000	1	618
1	2000	0	618
1	2000	1	618
2	2030	3	618
2	2030	3	618
2	2030	0	618
2	2030	0	618
2	2030	0	618
2	2030	0	618
2	2030	0	618
2	2030	1	618
2	2030	1	618
2	2030	3	618
0	1970	4	619
1	2000	0	619
1	2000	0	619
1	2000	2	619
1	2000	7	619
2	2030	1	619
2	2030	0	619
2	2030	1	619
2	2030	3	619
2	2030	7	619
2	2030	3	619
2	2030	2	619
2	2030	1	619
2	2030	7	619
0	1970	4	620
1	2000	4	620
1	2000	0	620
1	2000	3	620
1	2000	1	620
2	2030	0	620
2	2030	1	620
2	2030	2	620
2	2030	0	620
2	2030	7	620
2	2030	1	620
2	2030	0	620
2	2030	0	620
0	1970	5	621
0	1970	0	621
1	2000	3	621
1	2000	2	621
1	2000	2	621
1	2000	1	621
1	2000	2	621
2	2030	2	621
2	2030	1	621
2	2030	1	621
2	2030	1	621
2	2030	3	621
2	2030	0	621
2	2030	0	621
2	2030	3	621
2	2030	1	621
2	2030	1	621
0	1970	5	622
0	1970	5	622
1	2000	7	622
1	2000	3	622
1	2000	9	622
1	2000	3	622
1	2000	9	622
1	2000	3	622
1	2000	1	622
1	2000	2	622
1	2000	1	622
1	2000	1	622
2	2030	0	622
2	2030	0	622
2	2030	1	622
2	2030	10	622
2	2030	0	622
2	2030	0	622
2	2030	5	622
2	2030	1	622
2	2030	4	622
2	2030	12	622
2	2030	1	622
2	2030	2	622
2	2030	7	622
2	2030	2	622
2	2030	1	622
2	2030	1	622
2	2030	4	622
2	2030	12	622
2	2030	0	622
2	2030	7	622
2	2030	0	622
2	2030	1	622
2	2030	1	622
2	2030	0	622
2	2030	0	622
2	2030	1	622
0	1970	3	623
1	2000	6	623
1	2000	1	623
1	2000	10	623
2	2030	0	623
2	2030	0	623
2	2030	2	623
2	2030	1	623
2	2030	3	623
2	2030	1	623
2	2030	4	623
2	2030	1	623
2	2030	2	623
2	2030	0	623
2	2030	1	623
2	2030	0	623
2	2030	2	623
2	2030	0	623
2	2030	0	623
2	2030	1	623
2	2030	0	623
0	1970	3	624
1	2000	0	624
1	2000	3	624
1	2000	1	624
2	2030	5	624
2	2030	5	624
2	2030	0	624
2	2030	1	624
0	1970	20	625
1	2000	3	625
1	2000	11	625
1	2000	0	625
1	2000	4	625
1	2000	7	625
1	2000	0	625
1	2000	5	625
1	2000	12	625
1	2000	6	625
1	2000	6	625
1	2000	6	625
1	2000	6	625
1	2000	0	625
1	2000	5	625
1	2000	3	625
1	2000	3	625
1	2000	1	625
1	2000	2	625
1	2000	2	625
1	2000	2	625
2	2030	0	625
2	2030	11	625
2	2030	0	625
2	2030	2	625
2	2030	0	625
2	2030	0	625
2	2030	0	625
2	2030	0	625
2	2030	6	625
2	2030	1	625
2	2030	1	625
2	2030	1	625
2	2030	4	625
2	2030	0	625
2	2030	5	625
2	2030	0	625
2	2030	1	625
2	2030	10	625
2	2030	2	625
2	2030	1	625
2	2030	3	625
2	2030	0	625
2	2030	3	625
2	2030	2	625
2	2030	1	625
2	2030	0	625
2	2030	1	625
2	2030	3	625
2	2030	1	625
2	2030	0	625
2	2030	0	625
2	2030	1	625
2	2030	4	625
2	2030	1	625
2	2030	2	625
2	2030	0	625
2	2030	1	625
2	2030	2	625
2	2030	0	625
2	2030	3	625
2	2030	0	625
2	2030	0	625
2	2030	0	625
2	2030	3	625
2	2030	0	625
2	2030	0	625
2	2030	1	625
2	2030	1	625
2	2030	1	625
2	2030	1	625
2	2030	0	625
2	2030	7	625
2	2030	0	625
2	2030	0	625
2	2030	5	625
2	2030	0	625
2	2030	0	625
2	2030	0	625
2	2030	0	625
2	2030	3	625
2	2030	1	625
2	2030	0	625
2	2030	1	625
2	2030	1	625
2	2030	0	625
2	2030	4	625
2	2030	0	625
2	2030	1	625
2	2030	3	625
2	2030	4	625
2	2030	1	625
2	2030	0	625
2	2030	2	625
2	2030	1	625
2	2030	1	625
2	2030	0	625
2	2030	5	625
2	2030	3	625
2	2030	2	625
2	2030	1	625
2	2030	1	625
2	2030	6	625
2	2030	1	625
2	2030	3	625
0	1970	3	626
1	2000	5	626
1	2000	4	626
1	2000	0	626
2	2030	2	626
2	2030	1	626
2	2030	0	626
2	2030	2	626
2	2030	2	626
2	2030	0	626
2	2030	4	626
2	2030	1	626
2	2030	3	626
0	1970	3	627
1	2000	0	627
1	2000	1	627
1	2000	1	627
2	2030	0	627
2	2030	0	627
0	1970	3	628
1	2000	0	628
1	2000	3	628
1	2000	4	628
2	2030	4	628
2	2030	0	628
2	2030	0	628
2	2030	5	628
2	2030	0	628
2	2030	1	628
2	2030	0	628
0	1970	3	629
0	1970	4	629
1	2000	3	629
1	2000	9	629
1	2000	4	629
1	2000	3	629
1	2000	6	629
1	2000	19	629
1	2000	3	629
2	2030	0	629
2	2030	0	629
2	2030	3	629
2	2030	1	629
2	2030	7	629
2	2030	1	629
2	2030	0	629
2	2030	2	629
2	2030	4	629
2	2030	2	629
2	2030	5	629
2	2030	0	629
2	2030	0	629
2	2030	4	629
2	2030	0	629
2	2030	4	629
2	2030	4	629
2	2030	2	629
2	2030	3	629
2	2030	2	629
2	2030	0	629
2	2030	3	629
2	2030	1	629
2	2030	0	629
2	2030	4	629
2	2030	4	629
2	2030	0	629
2	2030	2	629
2	2030	4	629
2	2030	4	629
2	2030	0	629
2	2030	4	629
2	2030	2	629
2	2030	0	629
2	2030	3	629
2	2030	1	629
2	2030	2	629
2	2030	0	629
2	2030	2	629
2	2030	8	629
2	2030	2	629
2	2030	1	629
2	2030	1	629
2	2030	3	629
0	1970	16	630
1	2000	2	630
1	2000	4	630
1	2000	3	630
1	2000	1	630
1	2000	1	630
1	2000	0	630
1	2000	7	630
1	2000	0	630
1	2000	6	630
1	2000	1	630
1	2000	0	630
1	2000	1	630
1	2000	3	630
1	2000	2	630
1	2000	0	630
1	2000	3	630
2	2030	0	630
2	2030	4	630
2	2030	0	630
2	2030	1	630
2	2030	3	630
2	2030	1	630
2	2030	1	630
2	2030	1	630
2	2030	4	630
2	2030	2	630
2	2030	1	630
2	2030	1	630
2	2030	3	630
2	2030	3	630
2	2030	0	630
2	2030	0	630
2	2030	2	630
2	2030	0	630
2	2030	2	630
2	2030	3	630
2	2030	1	630
2	2030	4	630
2	2030	0	630
2	2030	2	630
2	2030	3	630
2	2030	0	630
2	2030	3	630
2	2030	0	630
2	2030	0	630
2	2030	0	630
2	2030	0	630
2	2030	0	630
2	2030	1	630
2	2030	1	630
0	1970	1	631
1	2000	1	631
1	2000	1	631
2	2030	2	631
2	2030	3	631
0	1970	6	632
0	1970	0	632
1	2000	1	632
1	2000	4	632
1	2000	3	632
1	2000	1	632
1	2000	1	632
1	2000	7	632
2	2030	4	632
2	2030	1	632
2	2030	2	632
2	2030	0	632
2	2030	3	632
2	2030	1	632
2	2030	0	632
2	2030	2	632
2	2030	2	632
2	2030	0	632
2	2030	0	632
2	2030	1	632
2	2030	2	632
2	2030	0	632
2	2030	4	632
2	2030	0	632
2	2030	2	632
0	1970	4	633
0	1970	2	633
1	2000	0	633
1	2000	7	633
1	2000	6	633
1	2000	0	633
1	2000	7	633
1	2000	6	633
2	2030	1	633
2	2030	1	633
2	2030	0	633
2	2030	9	633
2	2030	0	633
2	2030	2	633
2	2030	0	633
2	2030	9	633
2	2030	0	633
2	2030	0	633
2	2030	1	633
2	2030	2	633
2	2030	0	633
0	1970	5	634
1	2000	3	634
1	2000	0	634
1	2000	0	634
1	2000	3	634
1	2000	3	634
2	2030	4	634
2	2030	2	634
2	2030	2	634
2	2030	1	634
2	2030	0	634
2	2030	4	634
2	2030	1	634
2	2030	4	634
2	2030	5	634
0	1970	0	635
0	1970	4	635
1	2000	5	635
1	2000	1	635
1	2000	2	635
1	2000	3	635
2	2030	0	635
2	2030	0	635
2	2030	1	635
2	2030	2	635
2	2030	0	635
2	2030	1	635
2	2030	0	635
2	2030	0	635
2	2030	2	635
2	2030	1	635
2	2030	0	635
0	1970	12	636
1	2000	0	636
1	2000	5	636
1	2000	10	636
1	2000	1	636
1	2000	9	636
1	2000	0	636
1	2000	0	636
1	2000	2	636
1	2000	0	636
1	2000	3	636
1	2000	1	636
1	2000	7	636
2	2030	1	636
2	2030	2	636
2	2030	1	636
2	2030	1	636
2	2030	1	636
2	2030	1	636
2	2030	1	636
2	2030	3	636
2	2030	2	636
2	2030	0	636
2	2030	1	636
2	2030	0	636
2	2030	0	636
2	2030	0	636
2	2030	2	636
2	2030	1	636
2	2030	1	636
2	2030	2	636
2	2030	4	636
2	2030	1	636
2	2030	1	636
2	2030	1	636
2	2030	0	636
2	2030	4	636
2	2030	0	636
2	2030	6	636
2	2030	2	636
2	2030	2	636
2	2030	5	636
2	2030	1	636
2	2030	0	636
2	2030	5	636
2	2030	0	636
2	2030	0	636
2	2030	0	636
2	2030	1	636
2	2030	3	636
2	2030	2	636
0	1970	9	637
0	1970	1	637
1	2000	0	637
1	2000	2	637
1	2000	5	637
1	2000	5	637
1	2000	1	637
1	2000	0	637
1	2000	5	637
1	2000	4	637
1	2000	4	637
1	2000	0	637
2	2030	0	637
2	2030	0	637
2	2030	0	637
2	2030	7	637
2	2030	0	637
2	2030	2	637
2	2030	1	637
2	2030	0	637
2	2030	1	637
2	2030	1	637
2	2030	1	637
2	2030	1	637
2	2030	5	637
2	2030	1	637
2	2030	2	637
2	2030	7	637
2	2030	4	637
2	2030	4	637
2	2030	2	637
2	2030	0	637
2	2030	1	637
2	2030	1	637
2	2030	0	637
2	2030	2	637
2	2030	0	637
2	2030	1	637
0	1970	4	638
1	2000	2	638
1	2000	2	638
1	2000	0	638
1	2000	10	638
2	2030	0	638
2	2030	0	638
2	2030	0	638
2	2030	1	638
2	2030	1	638
2	2030	1	638
2	2030	0	638
2	2030	0	638
2	2030	4	638
2	2030	0	638
2	2030	6	638
2	2030	2	638
2	2030	4	638
2	2030	2	638
0	1970	8	639
1	2000	4	639
1	2000	0	639
1	2000	3	639
1	2000	7	639
1	2000	4	639
1	2000	1	639
1	2000	1	639
1	2000	3	639
2	2030	2	639
2	2030	1	639
2	2030	2	639
2	2030	1	639
2	2030	1	639
2	2030	0	639
2	2030	1	639
2	2030	1	639
2	2030	1	639
2	2030	2	639
2	2030	0	639
2	2030	0	639
2	2030	3	639
2	2030	0	639
2	2030	0	639
2	2030	2	639
2	2030	2	639
2	2030	0	639
2	2030	1	639
2	2030	0	639
2	2030	0	639
2	2030	0	639
2	2030	1	639
0	1970	4	640
1	2000	3	640
1	2000	2	640
1	2000	3	640
1	2000	6	640
2	2030	0	640
2	2030	1	640
2	2030	0	640
2	2030	3	640
2	2030	2	640
2	2030	4	640
2	2030	0	640
2	2030	9	640
2	2030	0	640
2	2030	0	640
2	2030	6	640
2	2030	1	640
2	2030	1	640
2	2030	1	640
0	1970	8	641
1	2000	3	641
1	2000	3	641
1	2000	5	641
1	2000	5	641
1	2000	0	641
1	2000	12	641
1	2000	0	641
1	2000	0	641
2	2030	2	641
2	2030	3	641
2	2030	2	641
2	2030	5	641
2	2030	1	641
2	2030	0	641
2	2030	0	641
2	2030	1	641
2	2030	0	641
2	2030	1	641
2	2030	2	641
2	2030	1	641
2	2030	0	641
2	2030	1	641
2	2030	0	641
2	2030	0	641
2	2030	3	641
2	2030	1	641
2	2030	3	641
2	2030	4	641
2	2030	1	641
2	2030	0	641
2	2030	5	641
2	2030	3	641
2	2030	0	641
2	2030	2	641
2	2030	2	641
2	2030	0	641
0	1970	2	642
0	1970	4	642
1	2000	0	642
1	2000	0	642
1	2000	0	642
1	2000	5	642
1	2000	0	642
1	2000	0	642
2	2030	0	642
2	2030	5	642
2	2030	2	642
2	2030	0	642
2	2030	0	642
0	1970	3	643
0	1970	4	643
1	2000	0	643
1	2000	2	643
1	2000	0	643
1	2000	11	643
1	2000	2	643
1	2000	11	643
1	2000	0	643
2	2030	0	643
2	2030	0	643
2	2030	4	643
2	2030	0	643
2	2030	2	643
2	2030	1	643
2	2030	0	643
2	2030	3	643
2	2030	0	643
2	2030	2	643
2	2030	2	643
2	2030	2	643
2	2030	0	643
0	1970	1	644
1	2000	2	644
1	2000	0	644
2	2030	1	644
2	2030	7	644
0	1970	2	645
1	2000	11	645
1	2000	0	645
2	2030	1	645
2	2030	0	645
2	2030	3	645
2	2030	0	645
2	2030	0	645
2	2030	3	645
2	2030	4	645
2	2030	2	645
2	2030	1	645
2	2030	3	645
2	2030	4	645
0	1970	14	646
1	2000	1	646
1	2000	7	646
1	2000	2	646
1	2000	1	646
1	2000	0	646
1	2000	0	646
1	2000	12	646
1	2000	0	646
1	2000	0	646
1	2000	3	646
1	2000	1	646
1	2000	1	646
1	2000	0	646
1	2000	4	646
2	2030	1	646
2	2030	3	646
2	2030	1	646
2	2030	0	646
2	2030	8	646
2	2030	2	646
2	2030	4	646
2	2030	2	646
2	2030	0	646
2	2030	1	646
2	2030	1	646
2	2030	0	646
2	2030	0	646
2	2030	5	646
2	2030	4	646
2	2030	0	646
2	2030	0	646
2	2030	2	646
2	2030	0	646
2	2030	0	646
2	2030	1	646
2	2030	2	646
2	2030	2	646
2	2030	1	646
2	2030	3	646
2	2030	1	646
2	2030	3	646
2	2030	1	646
2	2030	1	646
2	2030	2	646
2	2030	5	646
2	2030	5	646
0	1970	1	647
1	2000	2	647
1	2000	2	647
1	2000	2	647
1	2000	2	647
2	2030	2	647
2	2030	1	647
0	1970	3	648
1	2000	7	648
1	2000	2	648
1	2000	0	648
2	2030	3	648
2	2030	4	648
2	2030	0	648
2	2030	2	648
2	2030	2	648
2	2030	0	648
2	2030	1	648
2	2030	1	648
2	2030	0	648
0	1970	9	649
0	1970	2	649
1	2000	1	649
1	2000	1	649
1	2000	2	649
1	2000	3	649
1	2000	2	649
1	2000	9	649
1	2000	1	649
1	2000	1	649
1	2000	1	649
1	2000	1	649
1	2000	0	649
2	2030	0	649
2	2030	3	649
2	2030	0	649
2	2030	1	649
2	2030	0	649
2	2030	2	649
2	2030	7	649
2	2030	1	649
2	2030	0	649
2	2030	2	649
2	2030	0	649
2	2030	2	649
2	2030	10	649
2	2030	1	649
2	2030	1	649
2	2030	3	649
2	2030	3	649
2	2030	4	649
2	2030	1	649
2	2030	3	649
2	2030	1	649
0	1970	3	650
1	2000	2	650
1	2000	1	650
1	2000	1	650
2	2030	3	650
2	2030	0	650
2	2030	2	650
2	2030	0	650
0	1970	8	651
1	2000	1	651
1	2000	0	651
1	2000	1	651
1	2000	3	651
1	2000	0	651
1	2000	0	651
1	2000	1	651
1	2000	8	651
2	2030	1	651
2	2030	0	651
2	2030	0	651
2	2030	1	651
2	2030	1	651
2	2030	0	651
2	2030	0	651
2	2030	0	651
2	2030	2	651
2	2030	1	651
2	2030	0	651
2	2030	2	651
2	2030	0	651
2	2030	0	651
0	1970	2	652
1	2000	3	652
1	2000	3	652
2	2030	0	652
2	2030	3	652
2	2030	2	652
2	2030	1	652
2	2030	1	652
2	2030	0	652
0	1970	10	653
1	2000	0	653
1	2000	0	653
1	2000	4	653
1	2000	5	653
1	2000	7	653
1	2000	4	653
1	2000	2	653
1	2000	0	653
1	2000	3	653
1	2000	1	653
2	2030	7	653
2	2030	4	653
2	2030	1	653
2	2030	0	653
2	2030	2	653
2	2030	2	653
2	2030	0	653
2	2030	0	653
2	2030	0	653
2	2030	6	653
2	2030	0	653
2	2030	1	653
2	2030	0	653
2	2030	3	653
2	2030	1	653
2	2030	4	653
2	2030	0	653
2	2030	1	653
2	2030	2	653
2	2030	2	653
2	2030	0	653
2	2030	3	653
2	2030	0	653
2	2030	1	653
2	2030	1	653
2	2030	0	653
0	1970	4	654
1	2000	2	654
1	2000	7	654
1	2000	3	654
1	2000	0	654
2	2030	2	654
2	2030	3	654
2	2030	2	654
2	2030	3	654
2	2030	4	654
2	2030	0	654
2	2030	0	654
2	2030	1	654
2	2030	2	654
2	2030	0	654
2	2030	0	654
2	2030	0	654
0	1970	1	655
1	2000	8	655
2	2030	1	655
2	2030	0	655
2	2030	3	655
2	2030	1	655
2	2030	2	655
2	2030	1	655
2	2030	2	655
2	2030	4	655
0	1970	3	656
1	2000	1	656
1	2000	2	656
1	2000	7	656
2	2030	0	656
2	2030	11	656
2	2030	1	656
2	2030	2	656
2	2030	0	656
2	2030	0	656
2	2030	1	656
2	2030	2	656
2	2030	1	656
2	2030	1	656
0	1970	3	657
1	2000	3	657
1	2000	0	657
1	2000	0	657
2	2030	2	657
2	2030	0	657
2	2030	1	657
0	1970	6	658
1	2000	1	658
1	2000	1	658
1	2000	15	658
1	2000	2	658
1	2000	3	658
1	2000	3	658
2	2030	2	658
2	2030	1	658
2	2030	0	658
2	2030	0	658
2	2030	0	658
2	2030	2	658
2	2030	2	658
2	2030	1	658
2	2030	7	658
2	2030	3	658
2	2030	3	658
2	2030	2	658
2	2030	2	658
2	2030	0	658
2	2030	2	658
2	2030	0	658
2	2030	3	658
2	2030	0	658
2	2030	0	658
2	2030	0	658
2	2030	0	658
2	2030	2	658
2	2030	1	658
2	2030	3	658
2	2030	4	658
0	1970	6	659
0	1970	2	659
1	2000	0	659
1	2000	1	659
1	2000	4	659
1	2000	0	659
1	2000	4	659
1	2000	4	659
1	2000	0	659
1	2000	4	659
2	2030	0	659
2	2030	5	659
2	2030	0	659
2	2030	0	659
2	2030	0	659
2	2030	2	659
2	2030	1	659
2	2030	1	659
2	2030	0	659
2	2030	0	659
2	2030	2	659
2	2030	0	659
2	2030	0	659
0	1970	2	660
1	2000	0	660
1	2000	2	660
2	2030	3	660
2	2030	0	660
0	1970	1	661
1	2000	10	661
1	2000	10	661
2	2030	2	661
2	2030	1	661
2	2030	1	661
2	2030	0	661
2	2030	3	661
2	2030	1	661
2	2030	1	661
2	2030	1	661
2	2030	1	661
2	2030	1	661
0	1970	1	662
1	2000	3	662
1	2000	3	662
2	2030	0	662
2	2030	3	662
2	2030	3	662
0	1970	1	663
1	2000	2	663
2	2030	2	663
2	2030	6	663
0	1970	6	664
0	1970	7	664
1	2000	2	664
1	2000	1	664
1	2000	2	664
1	2000	2	664
1	2000	7	664
1	2000	2	664
1	2000	9	664
1	2000	1	664
1	2000	3	664
1	2000	7	664
1	2000	9	664
1	2000	1	664
1	2000	3	664
2	2030	3	664
2	2030	0	664
2	2030	0	664
2	2030	3	664
2	2030	3	664
2	2030	2	664
2	2030	0	664
2	2030	0	664
2	2030	1	664
2	2030	2	664
2	2030	3	664
2	2030	3	664
2	2030	0	664
2	2030	1	664
2	2030	1	664
2	2030	2	664
2	2030	3	664
2	2030	4	664
2	2030	1	664
2	2030	1	664
2	2030	0	664
2	2030	0	664
2	2030	0	664
2	2030	3	664
2	2030	7	664
2	2030	0	664
2	2030	2	664
0	1970	1	665
1	2000	1	665
2	2030	7	665
0	1970	9	666
1	2000	3	666
1	2000	4	666
1	2000	4	666
1	2000	1	666
1	2000	3	666
1	2000	6	666
1	2000	3	666
1	2000	6	666
1	2000	2	666
2	2030	2	666
2	2030	0	666
2	2030	2	666
2	2030	2	666
2	2030	2	666
2	2030	2	666
2	2030	0	666
2	2030	0	666
2	2030	1	666
2	2030	1	666
2	2030	1	666
2	2030	2	666
2	2030	0	666
2	2030	1	666
2	2030	0	666
2	2030	2	666
2	2030	5	666
2	2030	0	666
2	2030	3	666
2	2030	1	666
2	2030	4	666
2	2030	0	666
2	2030	0	666
2	2030	2	666
2	2030	3	666
2	2030	2	666
2	2030	1	666
2	2030	3	666
2	2030	0	666
2	2030	0	666
2	2030	0	666
2	2030	0	666
0	1970	5	667
1	2000	6	667
1	2000	4	667
1	2000	1	667
1	2000	0	667
1	2000	2	667
2	2030	3	667
2	2030	3	667
2	2030	2	667
2	2030	1	667
2	2030	3	667
2	2030	1	667
2	2030	1	667
2	2030	5	667
2	2030	3	667
2	2030	3	667
2	2030	2	667
2	2030	12	667
2	2030	1	667
0	1970	4	668
1	2000	1	668
1	2000	1	668
1	2000	1	668
1	2000	0	668
2	2030	3	668
2	2030	3	668
2	2030	4	668
0	1970	2	669
1	2000	3	669
1	2000	7	669
2	2030	4	669
2	2030	1	669
2	2030	0	669
2	2030	0	669
2	2030	2	669
2	2030	0	669
2	2030	2	669
2	2030	0	669
2	2030	0	669
2	2030	5	669
0	1970	1	670
0	1970	2	670
1	2000	6	670
1	2000	1	670
1	2000	6	670
2	2030	5	670
2	2030	3	670
2	2030	0	670
2	2030	4	670
2	2030	0	670
2	2030	2	670
2	2030	4	670
0	1970	4	671
1	2000	12	671
1	2000	0	671
1	2000	2	671
1	2000	4	671
2	2030	0	671
2	2030	0	671
2	2030	2	671
2	2030	3	671
2	2030	5	671
2	2030	3	671
2	2030	0	671
2	2030	4	671
2	2030	1	671
2	2030	1	671
2	2030	4	671
2	2030	0	671
2	2030	0	671
2	2030	0	671
2	2030	0	671
2	2030	2	671
2	2030	7	671
2	2030	11	671
0	1970	3	672
0	1970	11	672
1	2000	5	672
1	2000	2	672
1	2000	4	672
1	2000	13	672
1	2000	1	672
1	2000	13	672
1	2000	1	672
1	2000	1	672
1	2000	1	672
1	2000	0	672
1	2000	1	672
1	2000	3	672
1	2000	1	672
1	2000	2	672
2	2030	1	672
2	2030	2	672
2	2030	1	672
2	2030	0	672
2	2030	1	672
2	2030	5	672
2	2030	0	672
2	2030	0	672
2	2030	3	672
2	2030	4	672
2	2030	1	672
2	2030	0	672
2	2030	5	672
2	2030	3	672
2	2030	2	672
2	2030	3	672
2	2030	2	672
2	2030	0	672
2	2030	0	672
2	2030	5	672
2	2030	3	672
2	2030	0	672
2	2030	0	672
2	2030	4	672
2	2030	0	672
2	2030	0	672
2	2030	4	672
2	2030	5	672
2	2030	2	672
2	2030	3	672
2	2030	0	672
2	2030	0	672
2	2030	3	672
2	2030	2	672
0	1970	17	673
1	2000	7	673
1	2000	0	673
1	2000	1	673
1	2000	1	673
1	2000	1	673
1	2000	0	673
1	2000	4	673
1	2000	1	673
1	2000	1	673
1	2000	1	673
1	2000	1	673
1	2000	0	673
1	2000	2	673
1	2000	4	673
1	2000	0	673
1	2000	0	673
1	2000	0	673
2	2030	0	673
2	2030	2	673
2	2030	1	673
2	2030	5	673
2	2030	6	673
2	2030	1	673
2	2030	1	673
2	2030	3	673
2	2030	0	673
2	2030	1	673
2	2030	4	673
2	2030	0	673
2	2030	0	673
2	2030	2	673
2	2030	1	673
2	2030	2	673
2	2030	1	673
2	2030	0	673
2	2030	9	673
2	2030	0	673
2	2030	0	673
2	2030	1	673
2	2030	3	673
2	2030	2	673
0	1970	2	674
1	2000	2	674
1	2000	2	674
2	2030	0	674
2	2030	3	674
2	2030	1	674
2	2030	1	674
0	1970	18	675
1	2000	2	675
1	2000	3	675
1	2000	1	675
1	2000	0	675
1	2000	0	675
1	2000	3	675
1	2000	3	675
1	2000	0	675
1	2000	2	675
1	2000	0	675
1	2000	3	675
1	2000	3	675
1	2000	4	675
1	2000	5	675
1	2000	2	675
1	2000	4	675
1	2000	0	675
1	2000	7	675
2	2030	4	675
2	2030	1	675
2	2030	2	675
2	2030	2	675
2	2030	2	675
2	2030	0	675
2	2030	2	675
2	2030	2	675
2	2030	2	675
2	2030	0	675
2	2030	0	675
2	2030	2	675
2	2030	0	675
2	2030	0	675
2	2030	2	675
2	2030	0	675
2	2030	1	675
2	2030	1	675
2	2030	3	675
2	2030	1	675
2	2030	0	675
2	2030	2	675
2	2030	0	675
2	2030	0	675
2	2030	0	675
2	2030	2	675
2	2030	5	675
2	2030	0	675
2	2030	0	675
2	2030	3	675
2	2030	1	675
2	2030	4	675
2	2030	0	675
2	2030	5	675
2	2030	0	675
2	2030	1	675
2	2030	2	675
2	2030	1	675
2	2030	2	675
2	2030	4	675
2	2030	2	675
2	2030	2	675
0	1970	2	676
0	1970	6	676
1	2000	3	676
1	2000	0	676
1	2000	4	676
1	2000	6	676
1	2000	3	676
1	2000	3	676
1	2000	3	676
1	2000	3	676
2	2030	2	676
2	2030	0	676
2	2030	9	676
2	2030	1	676
2	2030	1	676
2	2030	0	676
2	2030	0	676
2	2030	5	676
2	2030	0	676
2	2030	5	676
2	2030	0	676
2	2030	1	676
2	2030	1	676
2	2030	2	676
2	2030	0	676
2	2030	0	676
2	2030	0	676
2	2030	0	676
2	2030	0	676
0	1970	3	677
1	2000	3	677
1	2000	6	677
1	2000	2	677
2	2030	0	677
2	2030	0	677
2	2030	1	677
2	2030	1	677
2	2030	0	677
2	2030	0	677
2	2030	0	677
2	2030	1	677
2	2030	5	677
2	2030	1	677
2	2030	0	677
0	1970	2	678
1	2000	0	678
1	2000	3	678
2	2030	0	678
2	2030	2	678
2	2030	1	678
0	1970	5	679
0	1970	4	679
1	2000	1	679
1	2000	0	679
1	2000	3	679
1	2000	5	679
1	2000	1	679
1	2000	3	679
1	2000	3	679
1	2000	2	679
1	2000	5	679
2	2030	0	679
2	2030	1	679
2	2030	6	679
2	2030	0	679
2	2030	2	679
2	2030	1	679
2	2030	2	679
2	2030	11	679
2	2030	0	679
2	2030	3	679
2	2030	0	679
2	2030	1	679
2	2030	1	679
2	2030	1	679
2	2030	2	679
0	1970	2	680
1	2000	5	680
1	2000	2	680
2	2030	0	680
2	2030	0	680
2	2030	1	680
2	2030	2	680
2	2030	1	680
2	2030	4	680
2	2030	0	680
0	1970	5	681
1	2000	5	681
1	2000	1	681
1	2000	0	681
1	2000	0	681
1	2000	2	681
2	2030	2	681
2	2030	0	681
2	2030	3	681
2	2030	0	681
2	2030	2	681
2	2030	1	681
2	2030	0	681
2	2030	1	681
0	1970	4	682
1	2000	0	682
1	2000	4	682
1	2000	12	682
1	2000	3	682
2	2030	5	682
2	2030	5	682
2	2030	0	682
2	2030	0	682
2	2030	6	682
2	2030	1	682
2	2030	1	682
2	2030	0	682
2	2030	3	682
2	2030	3	682
2	2030	0	682
2	2030	11	682
2	2030	5	682
2	2030	2	682
2	2030	3	682
2	2030	1	682
2	2030	1	682
2	2030	5	682
2	2030	0	682
0	1970	3	683
1	2000	3	683
1	2000	4	683
1	2000	1	683
2	2030	4	683
2	2030	1	683
2	2030	0	683
2	2030	1	683
2	2030	3	683
2	2030	3	683
2	2030	0	683
2	2030	0	683
0	1970	3	684
1	2000	0	684
1	2000	0	684
1	2000	6	684
2	2030	2	684
2	2030	3	684
2	2030	0	684
2	2030	2	684
2	2030	0	684
2	2030	1	684
0	1970	6	685
1	2000	0	685
1	2000	6	685
1	2000	0	685
1	2000	2	685
1	2000	0	685
1	2000	3	685
2	2030	3	685
2	2030	0	685
2	2030	1	685
2	2030	6	685
2	2030	10	685
2	2030	2	685
2	2030	0	685
2	2030	0	685
2	2030	3	685
2	2030	0	685
2	2030	2	685
0	1970	2	686
1	2000	0	686
1	2000	1	686
2	2030	1	686
0	1970	2	687
1	2000	7	687
1	2000	1	687
2	2030	0	687
2	2030	0	687
2	2030	1	687
2	2030	1	687
2	2030	0	687
2	2030	2	687
2	2030	0	687
2	2030	0	687
0	1970	5	688
0	1970	1	688
1	2000	9	688
1	2000	0	688
1	2000	3	688
1	2000	3	688
1	2000	4	688
1	2000	0	688
2	2030	4	688
2	2030	0	688
2	2030	8	688
2	2030	5	688
2	2030	0	688
2	2030	0	688
2	2030	1	688
2	2030	1	688
2	2030	1	688
2	2030	7	688
2	2030	1	688
2	2030	4	688
2	2030	7	688
2	2030	7	688
2	2030	0	688
2	2030	0	688
2	2030	0	688
2	2030	3	688
2	2030	4	688
0	1970	3	689
1	2000	0	689
1	2000	2	689
1	2000	0	689
2	2030	1	689
2	2030	0	689
0	1970	1	690
1	2000	10	690
1	2000	10	690
2	2030	1	690
2	2030	1	690
2	2030	1	690
2	2030	4	690
2	2030	1	690
2	2030	1	690
2	2030	3	690
2	2030	2	690
2	2030	1	690
2	2030	1	690
0	1970	3	691
1	2000	0	691
1	2000	2	691
1	2000	5	691
2	2030	4	691
2	2030	2	691
2	2030	1	691
2	2030	0	691
2	2030	0	691
2	2030	3	691
2	2030	2	691
0	1970	4	692
1	2000	1	692
1	2000	3	692
1	2000	3	692
1	2000	1	692
2	2030	0	692
2	2030	0	692
2	2030	2	692
2	2030	3	692
2	2030	3	692
2	2030	2	692
2	2030	1	692
2	2030	1	692
0	1970	1	693
0	1970	1	693
1	2000	9	693
1	2000	9	693
2	2030	0	693
2	2030	4	693
2	2030	0	693
2	2030	0	693
2	2030	2	693
2	2030	4	693
2	2030	0	693
2	2030	4	693
2	2030	4	693
0	1970	1	694
1	2000	4	694
1	2000	1	694
2	2030	3	694
2	2030	5	694
2	2030	2	694
2	2030	3	694
2	2030	2	694
0	1970	4	695
1	2000	1	695
1	2000	0	695
1	2000	10	695
1	2000	3	695
2	2030	0	695
2	2030	0	695
2	2030	1	695
2	2030	0	695
2	2030	4	695
2	2030	0	695
2	2030	1	695
2	2030	1	695
2	2030	6	695
2	2030	1	695
2	2030	2	695
2	2030	0	695
2	2030	3	695
2	2030	1	695
0	1970	6	696
1	2000	0	696
1	2000	1	696
1	2000	1	696
1	2000	2	696
1	2000	3	696
1	2000	4	696
2	2030	2	696
2	2030	6	696
2	2030	9	696
2	2030	2	696
2	2030	0	696
2	2030	0	696
2	2030	2	696
2	2030	0	696
2	2030	0	696
2	2030	1	696
2	2030	0	696
0	1970	2	697
0	1970	1	697
1	2000	1	697
1	2000	1	697
1	2000	1	697
2	2030	1	697
2	2030	0	697
0	1970	4	698
0	1970	1	698
1	2000	1	698
1	2000	0	698
1	2000	2	698
1	2000	8	698
1	2000	3	698
2	2030	0	698
2	2030	0	698
2	2030	3	698
2	2030	1	698
2	2030	0	698
2	2030	1	698
2	2030	1	698
2	2030	0	698
2	2030	2	698
2	2030	1	698
2	2030	2	698
2	2030	1	698
2	2030	2	698
2	2030	0	698
0	1970	4	699
1	2000	1	699
1	2000	9	699
1	2000	3	699
1	2000	10	699
2	2030	0	699
2	2030	3	699
2	2030	1	699
2	2030	2	699
2	2030	2	699
2	2030	0	699
2	2030	1	699
2	2030	7	699
2	2030	0	699
2	2030	0	699
2	2030	0	699
2	2030	2	699
2	2030	1	699
2	2030	3	699
2	2030	6	699
2	2030	1	699
2	2030	0	699
2	2030	0	699
2	2030	0	699
2	2030	0	699
2	2030	1	699
2	2030	8	699
2	2030	5	699
0	1970	5	700
1	2000	4	700
1	2000	2	700
1	2000	2	700
1	2000	0	700
1	2000	0	700
2	2030	1	700
2	2030	0	700
2	2030	4	700
2	2030	0	700
2	2030	1	700
2	2030	0	700
2	2030	2	700
2	2030	1	700
0	1970	1	701
1	2000	4	701
2	2030	0	701
2	2030	0	701
2	2030	0	701
2	2030	0	701
0	1970	10	702
1	2000	8	702
1	2000	1	702
1	2000	0	702
1	2000	5	702
1	2000	5	702
1	2000	4	702
1	2000	0	702
1	2000	1	702
1	2000	0	702
1	2000	1	702
2	2030	0	702
2	2030	2	702
2	2030	1	702
2	2030	0	702
2	2030	0	702
2	2030	0	702
2	2030	2	702
2	2030	1	702
2	2030	0	702
2	2030	4	702
2	2030	1	702
2	2030	2	702
2	2030	0	702
2	2030	1	702
2	2030	0	702
2	2030	3	702
2	2030	1	702
2	2030	0	702
2	2030	3	702
2	2030	4	702
2	2030	4	702
2	2030	2	702
2	2030	2	702
2	2030	0	702
2	2030	1	702
0	1970	4	703
1	2000	2	703
1	2000	1	703
1	2000	6	703
1	2000	4	703
2	2030	1	703
2	2030	0	703
2	2030	3	703
2	2030	0	703
2	2030	1	703
2	2030	2	703
2	2030	1	703
2	2030	0	703
2	2030	0	703
2	2030	0	703
2	2030	0	703
2	2030	2	703
2	2030	8	703
0	1970	3	704
1	2000	6	704
1	2000	2	704
1	2000	2	704
2	2030	4	704
2	2030	1	704
2	2030	0	704
2	2030	2	704
2	2030	0	704
2	2030	3	704
2	2030	2	704
2	2030	0	704
2	2030	0	704
2	2030	1	704
0	1970	1	705
1	2000	10	705
1	2000	3	705
1	2000	3	705
1	2000	3	705
2	2030	1	705
2	2030	0	705
2	2030	4	705
2	2030	3	705
2	2030	3	705
2	2030	2	705
2	2030	3	705
2	2030	2	705
2	2030	1	705
2	2030	2	705
2	2030	2	705
2	2030	0	705
2	2030	1	705
0	1970	1	706
1	2000	2	706
2	2030	3	706
2	2030	3	706
0	1970	2	707
1	2000	1	707
1	2000	0	707
2	2030	1	707
0	1970	1	708
1	2000	3	708
2	2030	0	708
2	2030	1	708
2	2030	2	708
0	1970	3	709
1	2000	2	709
1	2000	5	709
1	2000	6	709
2	2030	2	709
2	2030	2	709
2	2030	4	709
2	2030	0	709
2	2030	4	709
2	2030	0	709
2	2030	0	709
2	2030	3	709
2	2030	2	709
2	2030	0	709
2	2030	0	709
2	2030	2	709
2	2030	0	709
0	1970	3	710
1	2000	6	710
1	2000	1	710
1	2000	6	710
2	2030	1	710
2	2030	0	710
2	2030	0	710
2	2030	0	710
2	2030	0	710
2	2030	2	710
2	2030	1	710
2	2030	1	710
2	2030	3	710
2	2030	4	710
2	2030	2	710
2	2030	1	710
2	2030	2	710
0	1970	3	711
1	2000	9	711
1	2000	4	711
1	2000	0	711
2	2030	0	711
2	2030	5	711
2	2030	0	711
2	2030	4	711
2	2030	0	711
2	2030	0	711
2	2030	0	711
2	2030	9	711
2	2030	0	711
2	2030	1	711
2	2030	5	711
2	2030	2	711
2	2030	0	711
0	1970	2	712
1	2000	1	712
1	2000	0	712
2	2030	2	712
0	1970	1	713
1	2000	4	713
2	2030	2	713
2	2030	1	713
2	2030	1	713
2	2030	5	713
0	1970	4	714
1	2000	2	714
1	2000	2	714
1	2000	1	714
1	2000	3	714
2	2030	0	714
2	2030	1	714
2	2030	2	714
2	2030	1	714
2	2030	6	714
2	2030	3	714
2	2030	1	714
2	2030	11	714
0	1970	5	715
1	2000	8	715
1	2000	0	715
1	2000	4	715
1	2000	0	715
1	2000	1	715
2	2030	5	715
2	2030	0	715
2	2030	2	715
2	2030	2	715
2	2030	0	715
2	2030	2	715
2	2030	0	715
2	2030	0	715
2	2030	1	715
2	2030	1	715
2	2030	2	715
2	2030	2	715
2	2030	3	715
0	1970	1	716
1	2000	7	716
2	2030	1	716
2	2030	1	716
2	2030	0	716
2	2030	2	716
2	2030	1	716
2	2030	5	716
2	2030	2	716
0	1970	3	717
1	2000	12	717
1	2000	4	717
1	2000	4	717
2	2030	4	717
2	2030	1	717
2	2030	1	717
2	2030	0	717
2	2030	1	717
2	2030	1	717
2	2030	1	717
2	2030	0	717
2	2030	0	717
2	2030	6	717
2	2030	2	717
2	2030	2	717
2	2030	3	717
2	2030	1	717
2	2030	8	717
2	2030	3	717
2	2030	1	717
2	2030	1	717
2	2030	2	717
2	2030	2	717
0	1970	6	718
1	2000	0	718
1	2000	4	718
1	2000	0	718
1	2000	0	718
1	2000	0	718
1	2000	3	718
2	2030	2	718
2	2030	0	718
2	2030	0	718
2	2030	0	718
2	2030	0	718
2	2030	2	718
2	2030	1	718
0	1970	1	719
1	2000	13	719
1	2000	13	719
2	2030	3	719
2	2030	3	719
2	2030	1	719
2	2030	2	719
2	2030	4	719
2	2030	0	719
2	2030	1	719
2	2030	6	719
2	2030	2	719
2	2030	1	719
2	2030	1	719
2	2030	0	719
2	2030	3	719
0	1970	6	720
1	2000	0	720
1	2000	0	720
1	2000	1	720
1	2000	0	720
1	2000	5	720
1	2000	6	720
2	2030	1	720
2	2030	0	720
2	2030	5	720
2	2030	0	720
2	2030	1	720
2	2030	1	720
2	2030	0	720
2	2030	2	720
2	2030	1	720
2	2030	1	720
2	2030	3	720
2	2030	2	720
0	1970	7	721
1	2000	2	721
1	2000	2	721
1	2000	3	721
1	2000	0	721
1	2000	0	721
1	2000	3	721
1	2000	1	721
2	2030	1	721
2	2030	0	721
2	2030	0	721
2	2030	13	721
2	2030	3	721
2	2030	0	721
2	2030	0	721
2	2030	6	721
2	2030	2	721
2	2030	0	721
2	2030	0	721
0	1970	3	722
0	1970	4	722
1	2000	5	722
1	2000	4	722
1	2000	3	722
1	2000	7	722
1	2000	3	722
1	2000	7	722
1	2000	0	722
2	2030	1	722
2	2030	1	722
2	2030	3	722
2	2030	3	722
2	2030	1	722
2	2030	5	722
2	2030	5	722
2	2030	0	722
2	2030	0	722
2	2030	5	722
2	2030	0	722
2	2030	1	722
2	2030	0	722
2	2030	2	722
2	2030	2	722
2	2030	0	722
2	2030	1	722
2	2030	0	722
2	2030	0	722
0	1970	1	723
1	2000	1	723
2	2030	2	723
0	1970	2	724
1	2000	4	724
1	2000	2	724
2	2030	1	724
2	2030	1	724
2	2030	0	724
2	2030	2	724
2	2030	1	724
2	2030	0	724
0	1970	4	725
1	2000	2	725
1	2000	1	725
1	2000	2	725
1	2000	4	725
2	2030	2	725
2	2030	2	725
2	2030	3	725
2	2030	3	725
2	2030	2	725
2	2030	1	725
2	2030	1	725
2	2030	1	725
2	2030	5	725
0	1970	9	726
1	2000	3	726
1	2000	2	726
1	2000	1	726
1	2000	2	726
1	2000	7	726
1	2000	2	726
1	2000	2	726
1	2000	1	726
1	2000	1	726
2	2030	0	726
2	2030	0	726
2	2030	9	726
2	2030	0	726
2	2030	0	726
2	2030	2	726
2	2030	2	726
2	2030	0	726
2	2030	3	726
2	2030	9	726
2	2030	0	726
2	2030	2	726
2	2030	1	726
2	2030	2	726
2	2030	0	726
2	2030	1	726
2	2030	1	726
2	2030	0	726
2	2030	0	726
2	2030	0	726
2	2030	4	726
0	1970	2	727
1	2000	0	727
1	2000	3	727
2	2030	1	727
2	2030	1	727
2	2030	0	727
0	1970	2	728
1	2000	1	728
1	2000	3	728
2	2030	3	728
2	2030	0	728
2	2030	0	728
2	2030	2	728
0	1970	6	729
1	2000	3	729
1	2000	3	729
1	2000	2	729
1	2000	5	729
1	2000	3	729
1	2000	2	729
2	2030	0	729
2	2030	4	729
2	2030	0	729
2	2030	0	729
2	2030	1	729
2	2030	4	729
2	2030	4	729
2	2030	6	729
2	2030	1	729
2	2030	4	729
2	2030	1	729
2	2030	3	729
2	2030	0	729
2	2030	1	729
2	2030	0	729
2	2030	0	729
2	2030	2	729
2	2030	4	729
0	1970	1	730
1	2000	1	730
2	2030	2	730
0	1970	2	731
1	2000	0	731
1	2000	1	731
2	2030	2	731
0	1970	2	732
1	2000	1	732
1	2000	4	732
2	2030	2	732
2	2030	1	732
2	2030	7	732
2	2030	3	732
2	2030	1	732
0	1970	1	733
1	2000	7	733
2	2030	3	733
2	2030	0	733
2	2030	0	733
2	2030	2	733
2	2030	1	733
2	2030	0	733
2	2030	1	733
0	1970	13	734
0	1970	7	734
1	2000	0	734
1	2000	1	734
1	2000	6	734
1	2000	5	734
1	2000	3	734
1	2000	4	734
1	2000	4	734
1	2000	10	734
1	2000	3	734
1	2000	2	734
1	2000	4	734
1	2000	6	734
1	2000	16	734
1	2000	10	734
1	2000	2	734
1	2000	3	734
1	2000	3	734
1	2000	3	734
1	2000	6	734
1	2000	16	734
2	2030	4	734
2	2030	1	734
2	2030	0	734
2	2030	5	734
2	2030	0	734
2	2030	0	734
2	2030	8	734
2	2030	2	734
2	2030	1	734
2	2030	4	734
2	2030	2	734
2	2030	0	734
2	2030	2	734
2	2030	1	734
2	2030	4	734
2	2030	1	734
2	2030	0	734
2	2030	5	734
2	2030	3	734
2	2030	1	734
2	2030	0	734
2	2030	5	734
2	2030	2	734
2	2030	0	734
2	2030	1	734
2	2030	3	734
2	2030	0	734
2	2030	3	734
2	2030	0	734
2	2030	5	734
2	2030	2	734
2	2030	0	734
2	2030	3	734
2	2030	3	734
2	2030	0	734
2	2030	2	734
2	2030	2	734
2	2030	1	734
2	2030	3	734
2	2030	2	734
2	2030	1	734
2	2030	0	734
2	2030	3	734
2	2030	2	734
2	2030	0	734
2	2030	5	734
2	2030	1	734
2	2030	0	734
2	2030	0	734
2	2030	0	734
2	2030	3	734
2	2030	2	734
2	2030	1	734
2	2030	3	734
2	2030	5	734
2	2030	1	734
2	2030	1	734
2	2030	0	734
2	2030	3	734
2	2030	0	734
2	2030	0	734
2	2030	3	734
2	2030	2	734
2	2030	3	734
2	2030	2	734
2	2030	1	734
2	2030	1	734
2	2030	0	734
2	2030	5	734
0	1970	3	735
0	1970	2	735
1	2000	0	735
1	2000	4	735
1	2000	0	735
1	2000	2	735
1	2000	2	735
2	2030	0	735
2	2030	0	735
2	2030	0	735
2	2030	1	735
2	2030	6	735
2	2030	0	735
0	1970	7	736
1	2000	5	736
1	2000	5	736
1	2000	0	736
1	2000	0	736
1	2000	0	736
1	2000	0	736
1	2000	4	736
2	2030	0	736
2	2030	1	736
2	2030	1	736
2	2030	2	736
2	2030	8	736
2	2030	0	736
2	2030	2	736
2	2030	2	736
2	2030	5	736
2	2030	0	736
2	2030	1	736
2	2030	1	736
2	2030	1	736
2	2030	1	736
0	1970	6	737
1	2000	1	737
1	2000	0	737
1	2000	2	737
1	2000	6	737
1	2000	3	737
1	2000	6	737
2	2030	1	737
2	2030	3	737
2	2030	0	737
2	2030	1	737
2	2030	1	737
2	2030	3	737
2	2030	1	737
2	2030	0	737
2	2030	1	737
2	2030	0	737
2	2030	1	737
2	2030	4	737
2	2030	1	737
2	2030	2	737
2	2030	1	737
2	2030	2	737
2	2030	1	737
2	2030	1	737
0	1970	5	738
1	2000	3	738
1	2000	0	738
1	2000	5	738
1	2000	4	738
1	2000	4	738
2	2030	7	738
2	2030	0	738
2	2030	1	738
2	2030	0	738
2	2030	1	738
2	2030	1	738
2	2030	4	738
2	2030	0	738
2	2030	1	738
2	2030	0	738
2	2030	1	738
2	2030	4	738
2	2030	4	738
2	2030	3	738
2	2030	2	738
2	2030	1	738
0	1970	1	739
1	2000	1	739
2	2030	0	739
0	1970	6	740
1	2000	1	740
1	2000	2	740
1	2000	5	740
1	2000	3	740
1	2000	0	740
1	2000	5	740
2	2030	2	740
2	2030	2	740
2	2030	1	740
2	2030	0	740
2	2030	2	740
2	2030	0	740
2	2030	2	740
2	2030	2	740
2	2030	1	740
2	2030	0	740
2	2030	0	740
2	2030	0	740
2	2030	0	740
2	2030	5	740
2	2030	1	740
2	2030	0	740
0	1970	3	741
1	2000	2	741
1	2000	0	741
1	2000	5	741
2	2030	0	741
2	2030	3	741
2	2030	0	741
2	2030	0	741
2	2030	5	741
2	2030	0	741
2	2030	0	741
0	1970	12	742
1	2000	2	742
1	2000	1	742
1	2000	6	742
1	2000	1	742
1	2000	1	742
1	2000	6	742
1	2000	1	742
1	2000	0	742
1	2000	0	742
1	2000	2	742
1	2000	1	742
1	2000	4	742
2	2030	4	742
2	2030	0	742
2	2030	3	742
2	2030	0	742
2	2030	1	742
2	2030	3	742
2	2030	3	742
2	2030	2	742
2	2030	0	742
2	2030	0	742
2	2030	1	742
2	2030	3	742
2	2030	2	742
2	2030	3	742
2	2030	1	742
2	2030	7	742
2	2030	3	742
2	2030	0	742
2	2030	4	742
2	2030	1	742
2	2030	0	742
2	2030	1	742
2	2030	0	742
2	2030	0	742
2	2030	1	742
0	1970	1	743
1	2000	1	743
2	2030	2	743
0	1970	1	744
1	2000	1	744
2	2030	4	744
0	1970	1	745
1	2000	4	745
1	2000	4	745
2	2030	3	745
2	2030	0	745
2	2030	1	745
2	2030	1	745
0	1970	1	746
0	1970	1	746
1	2000	9	746
1	2000	9	746
2	2030	0	746
2	2030	1	746
2	2030	9	746
2	2030	6	746
2	2030	9	746
2	2030	6	746
2	2030	2	746
2	2030	5	746
2	2030	1	746
0	1970	7	747
1	2000	4	747
1	2000	4	747
1	2000	1	747
1	2000	1	747
1	2000	0	747
1	2000	0	747
1	2000	0	747
2	2030	2	747
2	2030	2	747
2	2030	2	747
2	2030	0	747
2	2030	1	747
2	2030	4	747
2	2030	1	747
2	2030	3	747
2	2030	6	747
2	2030	0	747
0	1970	1	748
1	2000	9	748
2	2030	0	748
2	2030	1	748
2	2030	3	748
2	2030	3	748
2	2030	2	748
2	2030	2	748
2	2030	4	748
2	2030	2	748
2	2030	5	748
0	1970	3	749
1	2000	4	749
1	2000	2	749
1	2000	1	749
2	2030	0	749
2	2030	2	749
2	2030	0	749
2	2030	2	749
2	2030	1	749
2	2030	1	749
2	2030	0	749
0	1970	2	750
1	2000	1	750
1	2000	2	750
2	2030	0	750
2	2030	0	750
2	2030	1	750
0	1970	10	751
1	2000	1	751
1	2000	3	751
1	2000	1	751
1	2000	2	751
1	2000	0	751
1	2000	1	751
1	2000	1	751
1	2000	9	751
1	2000	9	751
1	2000	0	751
2	2030	1	751
2	2030	0	751
2	2030	0	751
2	2030	5	751
2	2030	0	751
2	2030	0	751
2	2030	1	751
2	2030	1	751
2	2030	0	751
2	2030	0	751
2	2030	0	751
2	2030	4	751
2	2030	0	751
2	2030	0	751
2	2030	1	751
2	2030	1	751
2	2030	2	751
2	2030	0	751
2	2030	1	751
2	2030	3	751
2	2030	3	751
2	2030	1	751
2	2030	1	751
2	2030	3	751
2	2030	1	751
2	2030	0	751
2	2030	4	751
0	1970	7	752
1	2000	3	752
1	2000	1	752
1	2000	3	752
1	2000	2	752
1	2000	3	752
1	2000	0	752
1	2000	2	752
2	2030	0	752
2	2030	0	752
2	2030	0	752
2	2030	2	752
2	2030	1	752
2	2030	3	752
2	2030	1	752
2	2030	1	752
2	2030	2	752
2	2030	0	752
2	2030	1	752
2	2030	1	752
2	2030	3	752
2	2030	1	752
0	1970	2	753
1	2000	1	753
1	2000	1	753
2	2030	1	753
2	2030	3	753
0	1970	7	754
1	2000	0	754
1	2000	3	754
1	2000	1	754
1	2000	0	754
1	2000	1	754
1	2000	12	754
1	2000	2	754
2	2030	10	754
2	2030	1	754
2	2030	4	754
2	2030	1	754
2	2030	3	754
2	2030	9	754
2	2030	2	754
2	2030	3	754
2	2030	1	754
2	2030	4	754
2	2030	0	754
2	2030	1	754
2	2030	1	754
2	2030	1	754
2	2030	0	754
2	2030	0	754
2	2030	2	754
2	2030	1	754
2	2030	2	754
0	1970	1	755
1	2000	2	755
1	2000	1	755
2	2030	1	755
2	2030	2	755
2	2030	0	755
0	1970	3	756
1	2000	2	756
1	2000	0	756
1	2000	0	756
2	2030	4	756
2	2030	0	756
0	1970	9	757
1	2000	0	757
1	2000	0	757
1	2000	3	757
1	2000	3	757
1	2000	0	757
1	2000	2	757
1	2000	1	757
1	2000	5	757
1	2000	2	757
2	2030	0	757
2	2030	3	757
2	2030	2	757
2	2030	2	757
2	2030	2	757
2	2030	1	757
2	2030	0	757
2	2030	1	757
2	2030	0	757
2	2030	1	757
2	2030	1	757
2	2030	1	757
2	2030	0	757
2	2030	1	757
2	2030	1	757
2	2030	0	757
0	1970	1	758
1	2000	1	758
2	2030	5	758
0	1970	7	759
1	2000	6	759
1	2000	4	759
1	2000	9	759
1	2000	1	759
1	2000	0	759
1	2000	1	759
1	2000	3	759
2	2030	0	759
2	2030	2	759
2	2030	6	759
2	2030	1	759
2	2030	2	759
2	2030	2	759
2	2030	3	759
2	2030	1	759
2	2030	2	759
2	2030	1	759
2	2030	0	759
2	2030	2	759
2	2030	0	759
2	2030	0	759
2	2030	1	759
2	2030	1	759
2	2030	1	759
2	2030	2	759
2	2030	1	759
2	2030	0	759
2	2030	0	759
2	2030	4	759
2	2030	1	759
2	2030	8	759
0	1970	0	760
0	1970	1	760
1	2000	1	760
2	2030	0	760
0	1970	4	761
1	2000	5	761
1	2000	4	761
1	2000	2	761
1	2000	2	761
2	2030	2	761
2	2030	3	761
2	2030	4	761
2	2030	0	761
2	2030	2	761
2	2030	0	761
2	2030	2	761
2	2030	7	761
2	2030	1	761
2	2030	2	761
2	2030	0	761
2	2030	1	761
2	2030	0	761
0	1970	4	762
1	2000	6	762
1	2000	2	762
1	2000	0	762
1	2000	4	762
2	2030	2	762
2	2030	2	762
2	2030	1	762
2	2030	0	762
2	2030	0	762
2	2030	2	762
2	2030	1	762
2	2030	0	762
2	2030	0	762
2	2030	0	762
2	2030	0	762
2	2030	5	762
0	1970	15	763
0	1970	0	763
1	2000	1	763
1	2000	7	763
1	2000	4	763
1	2000	7	763
1	2000	2	763
1	2000	3	763
1	2000	1	763
1	2000	2	763
1	2000	8	763
1	2000	4	763
1	2000	1	763
1	2000	0	763
1	2000	1	763
1	2000	6	763
1	2000	7	763
2	2030	4	763
2	2030	2	763
2	2030	3	763
2	2030	0	763
2	2030	1	763
2	2030	1	763
2	2030	0	763
2	2030	3	763
2	2030	0	763
2	2030	0	763
2	2030	2	763
2	2030	2	763
2	2030	2	763
2	2030	3	763
2	2030	2	763
2	2030	1	763
2	2030	3	763
2	2030	1	763
2	2030	0	763
2	2030	3	763
2	2030	1	763
2	2030	1	763
2	2030	2	763
2	2030	0	763
2	2030	0	763
2	2030	2	763
2	2030	0	763
2	2030	1	763
2	2030	3	763
2	2030	0	763
2	2030	0	763
2	2030	6	763
2	2030	6	763
2	2030	0	763
2	2030	1	763
2	2030	0	763
2	2030	8	763
2	2030	4	763
2	2030	1	763
2	2030	4	763
2	2030	3	763
2	2030	2	763
2	2030	0	763
2	2030	1	763
2	2030	0	763
2	2030	5	763
2	2030	0	763
2	2030	0	763
2	2030	2	763
2	2030	1	763
2	2030	1	763
2	2030	3	763
2	2030	0	763
2	2030	1	763
0	1970	6	764
1	2000	0	764
1	2000	2	764
1	2000	2	764
1	2000	5	764
1	2000	6	764
1	2000	2	764
2	2030	0	764
2	2030	0	764
2	2030	1	764
2	2030	1	764
2	2030	0	764
2	2030	1	764
2	2030	0	764
2	2030	1	764
2	2030	4	764
2	2030	1	764
2	2030	0	764
2	2030	0	764
2	2030	1	764
2	2030	5	764
2	2030	4	764
2	2030	0	764
2	2030	1	764
0	1970	3	765
1	2000	1	765
1	2000	3	765
1	2000	0	765
2	2030	3	765
2	2030	2	765
2	2030	0	765
2	2030	5	765
0	1970	1	766
1	2000	1	766
1	2000	2	766
2	2030	3	766
2	2030	0	766
2	2030	0	766
0	1970	3	767
1	2000	1	767
1	2000	7	767
1	2000	0	767
2	2030	1	767
2	2030	1	767
2	2030	0	767
2	2030	4	767
2	2030	4	767
2	2030	2	767
2	2030	2	767
2	2030	0	767
0	1970	1	768
1	2000	4	768
2	2030	4	768
2	2030	0	768
2	2030	2	768
2	2030	2	768
0	1970	3	769
1	2000	1	769
1	2000	3	769
1	2000	4	769
2	2030	0	769
2	2030	2	769
2	2030	4	769
2	2030	0	769
2	2030	2	769
2	2030	1	769
2	2030	0	769
2	2030	1	769
0	1970	4	770
1	2000	1	770
1	2000	0	770
1	2000	10	770
1	2000	4	770
2	2030	0	770
2	2030	0	770
2	2030	5	770
2	2030	0	770
2	2030	1	770
2	2030	3	770
2	2030	1	770
2	2030	1	770
2	2030	3	770
2	2030	0	770
2	2030	4	770
2	2030	3	770
2	2030	0	770
2	2030	0	770
2	2030	1	770
0	1970	2	771
1	2000	2	771
1	2000	5	771
2	2030	4	771
2	2030	1	771
2	2030	0	771
2	2030	3	771
2	2030	2	771
2	2030	1	771
2	2030	0	771
0	1970	2	772
1	2000	0	772
1	2000	4	772
2	2030	5	772
2	2030	4	772
2	2030	0	772
2	2030	1	772
0	1970	4	773
0	1970	11	773
1	2000	12	773
1	2000	1	773
1	2000	0	773
1	2000	0	773
1	2000	12	773
1	2000	3	773
1	2000	1	773
1	2000	4	773
1	2000	3	773
1	2000	4	773
1	2000	0	773
1	2000	2	773
1	2000	0	773
1	2000	5	773
1	2000	2	773
2	2030	1	773
2	2030	1	773
2	2030	1	773
2	2030	2	773
2	2030	5	773
2	2030	2	773
2	2030	0	773
2	2030	1	773
2	2030	10	773
2	2030	0	773
2	2030	0	773
2	2030	6	773
2	2030	2	773
2	2030	1	773
2	2030	2	773
2	2030	0	773
2	2030	1	773
2	2030	2	773
2	2030	0	773
2	2030	0	773
2	2030	2	773
2	2030	2	773
2	2030	8	773
2	2030	6	773
2	2030	8	773
2	2030	1	773
2	2030	1	773
2	2030	0	773
2	2030	3	773
0	1970	7	774
1	2000	4	774
1	2000	0	774
1	2000	4	774
1	2000	1	774
1	2000	5	774
1	2000	4	774
1	2000	0	774
2	2030	1	774
2	2030	0	774
2	2030	0	774
2	2030	0	774
2	2030	0	774
2	2030	1	774
2	2030	0	774
2	2030	5	774
2	2030	4	774
2	2030	0	774
2	2030	4	774
2	2030	2	774
2	2030	2	774
2	2030	1	774
2	2030	2	774
2	2030	5	774
2	2030	0	774
2	2030	5	774
0	1970	6	775
1	2000	3	775
1	2000	0	775
1	2000	9	775
1	2000	3	775
1	2000	6	775
1	2000	1	775
2	2030	0	775
2	2030	1	775
2	2030	2	775
2	2030	2	775
2	2030	0	775
2	2030	2	775
2	2030	3	775
2	2030	3	775
2	2030	2	775
2	2030	4	775
2	2030	1	775
2	2030	2	775
2	2030	0	775
2	2030	3	775
2	2030	0	775
2	2030	5	775
2	2030	10	775
2	2030	1	775
2	2030	0	775
2	2030	0	775
2	2030	0	775
2	2030	1	775
0	1970	5	776
1	2000	0	776
1	2000	5	776
1	2000	0	776
1	2000	1	776
1	2000	0	776
2	2030	0	776
2	2030	2	776
2	2030	5	776
2	2030	0	776
2	2030	0	776
2	2030	2	776
0	1970	8	777
0	1970	0	777
1	2000	0	777
1	2000	3	777
1	2000	2	777
1	2000	0	777
1	2000	1	777
1	2000	4	777
1	2000	2	777
1	2000	5	777
2	2030	0	777
2	2030	2	777
2	2030	1	777
2	2030	1	777
2	2030	3	777
2	2030	0	777
2	2030	1	777
2	2030	1	777
2	2030	3	777
2	2030	0	777
2	2030	2	777
2	2030	3	777
2	2030	2	777
2	2030	8	777
2	2030	1	777
2	2030	3	777
2	2030	5	777
0	1970	1	778
1	2000	1	778
2	2030	1	778
0	1970	22	779
1	2000	1	779
1	2000	2	779
1	2000	4	779
1	2000	7	779
1	2000	5	779
1	2000	0	779
1	2000	0	779
1	2000	5	779
1	2000	3	779
1	2000	4	779
1	2000	2	779
1	2000	1	779
1	2000	5	779
1	2000	2	779
1	2000	0	779
1	2000	4	779
1	2000	2	779
1	2000	1	779
1	2000	1	779
1	2000	3	779
1	2000	4	779
1	2000	0	779
2	2030	2	779
2	2030	1	779
2	2030	1	779
2	2030	5	779
2	2030	2	779
2	2030	1	779
2	2030	0	779
2	2030	6	779
2	2030	0	779
2	2030	0	779
2	2030	1	779
2	2030	0	779
2	2030	0	779
2	2030	0	779
2	2030	2	779
2	2030	0	779
2	2030	2	779
2	2030	2	779
2	2030	1	779
2	2030	0	779
2	2030	0	779
2	2030	6	779
2	2030	2	779
2	2030	1	779
2	2030	0	779
2	2030	0	779
2	2030	0	779
2	2030	7	779
2	2030	3	779
2	2030	0	779
2	2030	0	779
2	2030	0	779
2	2030	2	779
2	2030	0	779
2	2030	0	779
2	2030	0	779
2	2030	1	779
2	2030	6	779
2	2030	2	779
2	2030	1	779
2	2030	6	779
2	2030	1	779
2	2030	2	779
2	2030	0	779
2	2030	2	779
2	2030	0	779
2	2030	2	779
2	2030	2	779
2	2030	0	779
2	2030	0	779
2	2030	3	779
2	2030	5	779
2	2030	2	779
2	2030	2	779
2	2030	2	779
2	2030	3	779
0	1970	1	780
1	2000	4	780
2	2030	0	780
2	2030	2	780
2	2030	1	780
2	2030	5	780
0	1970	0	781
0	1970	1	781
1	2000	2	781
2	2030	1	781
2	2030	3	781
0	1970	1	782
1	2000	1	782
2	2030	1	782
0	1970	8	783
0	1970	1	783
1	2000	0	783
1	2000	0	783
1	2000	12	783
1	2000	12	783
1	2000	1	783
1	2000	2	783
1	2000	3	783
1	2000	1	783
1	2000	2	783
2	2030	1	783
2	2030	2	783
2	2030	1	783
2	2030	0	783
2	2030	1	783
2	2030	0	783
2	2030	0	783
2	2030	1	783
2	2030	4	783
2	2030	0	783
2	2030	4	783
2	2030	2	783
2	2030	0	783
2	2030	2	783
2	2030	0	783
2	2030	1	783
2	2030	1	783
2	2030	1	783
2	2030	3	783
2	2030	4	783
2	2030	1	783
0	1970	3	784
1	2000	0	784
1	2000	3	784
1	2000	4	784
2	2030	4	784
2	2030	2	784
2	2030	1	784
2	2030	4	784
2	2030	0	784
2	2030	4	784
2	2030	0	784
0	1970	2	785
1	2000	1	785
1	2000	1	785
2	2030	2	785
2	2030	0	785
0	1970	5	786
1	2000	0	786
1	2000	0	786
1	2000	0	786
1	2000	1	786
1	2000	1	786
2	2030	2	786
2	2030	1	786
0	1970	3	787
1	2000	2	787
1	2000	4	787
1	2000	2	787
2	2030	0	787
2	2030	8	787
2	2030	0	787
2	2030	1	787
2	2030	5	787
2	2030	0	787
2	2030	0	787
2	2030	0	787
0	1970	7	788
1	2000	2	788
1	2000	1	788
1	2000	3	788
1	2000	0	788
1	2000	3	788
1	2000	0	788
1	2000	2	788
2	2030	1	788
2	2030	3	788
2	2030	1	788
2	2030	0	788
2	2030	0	788
2	2030	0	788
2	2030	1	788
2	2030	3	788
2	2030	0	788
2	2030	4	788
2	2030	4	788
0	1970	8	789
1	2000	1	789
1	2000	0	789
1	2000	4	789
1	2000	5	789
1	2000	6	789
1	2000	1	789
1	2000	1	789
1	2000	2	789
2	2030	2	789
2	2030	0	789
2	2030	1	789
2	2030	0	789
2	2030	4	789
2	2030	2	789
2	2030	3	789
2	2030	2	789
2	2030	1	789
2	2030	0	789
2	2030	2	789
2	2030	0	789
2	2030	3	789
2	2030	0	789
2	2030	0	789
2	2030	0	789
2	2030	4	789
2	2030	1	789
2	2030	0	789
2	2030	1	789
0	1970	1	790
0	1970	4	790
0	1970	4	790
0	1970	4	790
1	2000	3	790
1	2000	5	790
1	2000	5	790
1	2000	5	790
1	2000	3	790
2	2030	3	790
2	2030	5	790
2	2030	6	790
2	2030	1	790
2	2030	0	790
2	2030	0	790
2	2030	6	790
2	2030	5	790
0	1970	4	791
1	2000	0	791
1	2000	0	791
1	2000	4	791
1	2000	0	791
2	2030	0	791
2	2030	0	791
2	2030	7	791
2	2030	1	791
0	1970	3	792
1	2000	1	792
1	2000	1	792
1	2000	1	792
2	2030	0	792
2	2030	0	792
2	2030	1	792
0	1970	4	793
1	2000	1	793
1	2000	3	793
1	2000	1	793
1	2000	2	793
2	2030	0	793
2	2030	1	793
2	2030	4	793
2	2030	0	793
2	2030	4	793
2	2030	0	793
2	2030	3	793
0	1970	6	794
0	1970	3	794
1	2000	5	794
1	2000	6	794
1	2000	1	794
1	2000	1	794
1	2000	3	794
1	2000	4	794
1	2000	1	794
1	2000	1	794
1	2000	3	794
2	2030	1	794
2	2030	1	794
2	2030	1	794
2	2030	1	794
2	2030	11	794
2	2030	0	794
2	2030	0	794
2	2030	1	794
2	2030	1	794
2	2030	5	794
2	2030	1	794
2	2030	1	794
2	2030	0	794
2	2030	1	794
2	2030	5	794
2	2030	2	794
2	2030	4	794
2	2030	0	794
2	2030	0	794
2	2030	0	794
2	2030	0	794
0	1970	4	795
1	2000	0	795
1	2000	0	795
1	2000	2	795
1	2000	3	795
2	2030	0	795
2	2030	1	795
2	2030	3	795
2	2030	3	795
2	2030	2	795
0	1970	1	796
1	2000	1	796
2	2030	0	796
0	1970	4	797
1	2000	4	797
1	2000	1	797
1	2000	1	797
1	2000	8	797
2	2030	3	797
2	2030	0	797
2	2030	0	797
2	2030	0	797
2	2030	1	797
2	2030	2	797
2	2030	1	797
2	2030	3	797
2	2030	0	797
2	2030	0	797
2	2030	0	797
2	2030	0	797
2	2030	1	797
2	2030	1	797
0	1970	1	798
1	2000	6	798
2	2030	2	798
2	2030	0	798
2	2030	7	798
2	2030	2	798
2	2030	0	798
2	2030	1	798
0	1970	2	799
1	2000	1	799
1	2000	2	799
2	2030	7	799
2	2030	0	799
2	2030	1	799
0	1970	3	800
1	2000	0	800
1	2000	3	800
1	2000	1	800
2	2030	1	800
2	2030	0	800
2	2030	0	800
2	2030	3	800
0	1970	3	801
0	1970	3	801
1	2000	0	801
1	2000	0	801
1	2000	1	801
1	2000	2	801
1	2000	1	801
1	2000	4	801
2	2030	2	801
2	2030	2	801
2	2030	2	801
2	2030	3	801
2	2030	1	801
2	2030	3	801
2	2030	0	801
0	1970	2	802
0	1970	0	802
1	2000	0	802
1	2000	1	802
2	2030	0	802
0	1970	7	803
1	2000	1	803
1	2000	5	803
1	2000	1	803
1	2000	0	803
1	2000	3	803
1	2000	2	803
1	2000	8	803
2	2030	0	803
2	2030	5	803
2	2030	1	803
2	2030	3	803
2	2030	2	803
2	2030	0	803
2	2030	3	803
2	2030	1	803
2	2030	2	803
2	2030	1	803
2	2030	1	803
2	2030	0	803
2	2030	1	803
2	2030	2	803
2	2030	4	803
2	2030	3	803
2	2030	8	803
2	2030	6	803
2	2030	1	803
2	2030	0	803
0	1970	1	804
0	1970	2	804
1	2000	1	804
1	2000	2	804
1	2000	1	804
2	2030	2	804
2	2030	2	804
2	2030	1	804
2	2030	1	804
0	1970	15	805
1	2000	3	805
1	2000	16	805
1	2000	1	805
1	2000	1	805
1	2000	1	805
1	2000	4	805
1	2000	3	805
1	2000	9	805
1	2000	1	805
1	2000	2	805
1	2000	1	805
1	2000	1	805
1	2000	2	805
1	2000	10	805
1	2000	1	805
2	2030	0	805
2	2030	2	805
2	2030	0	805
2	2030	3	805
2	2030	0	805
2	2030	9	805
2	2030	0	805
2	2030	1	805
2	2030	2	805
2	2030	1	805
2	2030	1	805
2	2030	0	805
2	2030	7	805
2	2030	0	805
2	2030	0	805
2	2030	1	805
2	2030	2	805
2	2030	0	805
2	2030	1	805
2	2030	2	805
2	2030	4	805
2	2030	3	805
2	2030	1	805
2	2030	0	805
2	2030	0	805
2	2030	2	805
2	2030	1	805
2	2030	5	805
2	2030	0	805
2	2030	3	805
2	2030	0	805
2	2030	2	805
2	2030	4	805
2	2030	2	805
2	2030	0	805
2	2030	6	805
2	2030	1	805
2	2030	1	805
2	2030	2	805
2	2030	0	805
2	2030	1	805
2	2030	2	805
2	2030	4	805
2	2030	0	805
2	2030	3	805
2	2030	0	805
2	2030	0	805
2	2030	5	805
2	2030	2	805
2	2030	0	805
2	2030	7	805
2	2030	1	805
2	2030	2	805
2	2030	0	805
2	2030	1	805
2	2030	1	805
0	1970	3	806
1	2000	2	806
1	2000	0	806
1	2000	1	806
2	2030	3	806
2	2030	0	806
2	2030	1	806
0	1970	1	807
1	2000	1	807
2	2030	0	807
0	1970	4	808
1	2000	0	808
1	2000	2	808
1	2000	3	808
1	2000	3	808
2	2030	1	808
2	2030	0	808
2	2030	1	808
2	2030	3	808
2	2030	0	808
2	2030	1	808
2	2030	0	808
2	2030	0	808
0	1970	4	809
0	1970	2	809
1	2000	0	809
1	2000	2	809
1	2000	9	809
1	2000	5	809
1	2000	9	809
1	2000	5	809
2	2030	1	809
2	2030	2	809
2	2030	2	809
2	2030	0	809
2	2030	0	809
2	2030	0	809
2	2030	1	809
2	2030	1	809
2	2030	0	809
2	2030	2	809
2	2030	4	809
2	2030	4	809
2	2030	0	809
2	2030	2	809
2	2030	1	809
2	2030	4	809
0	1970	2	810
1	2000	0	810
1	2000	17	810
1	2000	17	810
1	2000	9	810
2	2030	3	810
2	2030	0	810
2	2030	1	810
2	2030	1	810
2	2030	2	810
2	2030	0	810
2	2030	0	810
2	2030	1	810
2	2030	1	810
2	2030	5	810
2	2030	1	810
2	2030	4	810
2	2030	0	810
2	2030	3	810
2	2030	1	810
2	2030	0	810
2	2030	1	810
2	2030	4	810
2	2030	1	810
2	2030	0	810
2	2030	5	810
2	2030	1	810
2	2030	1	810
2	2030	3	810
2	2030	0	810
2	2030	1	810
0	1970	9	811
1	2000	2	811
1	2000	3	811
1	2000	1	811
1	2000	0	811
1	2000	2	811
1	2000	14	811
1	2000	1	811
1	2000	4	811
1	2000	7	811
2	2030	2	811
2	2030	1	811
2	2030	2	811
2	2030	1	811
2	2030	4	811
2	2030	2	811
2	2030	1	811
2	2030	4	811
2	2030	2	811
2	2030	0	811
2	2030	0	811
2	2030	1	811
2	2030	0	811
2	2030	3	811
2	2030	1	811
2	2030	0	811
2	2030	0	811
2	2030	0	811
2	2030	2	811
2	2030	2	811
2	2030	2	811
2	2030	7	811
2	2030	1	811
2	2030	0	811
2	2030	5	811
2	2030	0	811
2	2030	2	811
2	2030	3	811
2	2030	6	811
2	2030	0	811
2	2030	2	811
2	2030	4	811
2	2030	3	811
2	2030	1	811
0	1970	5	812
1	2000	3	812
1	2000	0	812
1	2000	3	812
1	2000	1	812
1	2000	0	812
2	2030	0	812
2	2030	3	812
2	2030	1	812
2	2030	3	812
2	2030	5	812
2	2030	1	812
2	2030	1	812
0	1970	3	813
1	2000	5	813
1	2000	5	813
1	2000	2	813
2	2030	1	813
2	2030	0	813
2	2030	2	813
2	2030	3	813
2	2030	0	813
2	2030	0	813
2	2030	4	813
2	2030	0	813
2	2030	9	813
2	2030	3	813
2	2030	1	813
2	2030	1	813
0	1970	3	814
1	2000	4	814
1	2000	1	814
1	2000	8	814
2	2030	0	814
2	2030	4	814
2	2030	2	814
2	2030	1	814
2	2030	2	814
2	2030	0	814
2	2030	0	814
2	2030	0	814
2	2030	1	814
2	2030	0	814
2	2030	1	814
2	2030	4	814
2	2030	0	814
0	1970	12	815
1	2000	9	815
1	2000	4	815
1	2000	0	815
1	2000	0	815
1	2000	0	815
1	2000	1	815
1	2000	4	815
1	2000	7	815
1	2000	0	815
1	2000	5	815
1	2000	2	815
1	2000	9	815
2	2030	7	815
2	2030	1	815
2	2030	0	815
2	2030	0	815
2	2030	1	815
2	2030	0	815
2	2030	1	815
2	2030	3	815
2	2030	0	815
2	2030	0	815
2	2030	3	815
2	2030	3	815
2	2030	0	815
2	2030	1	815
2	2030	4	815
2	2030	0	815
2	2030	0	815
2	2030	3	815
2	2030	2	815
2	2030	0	815
2	2030	1	815
2	2030	1	815
2	2030	0	815
2	2030	3	815
2	2030	0	815
2	2030	0	815
2	2030	3	815
2	2030	2	815
2	2030	0	815
2	2030	1	815
2	2030	0	815
2	2030	0	815
2	2030	0	815
2	2030	0	815
2	2030	0	815
2	2030	3	815
2	2030	2	815
2	2030	2	815
2	2030	3	815
2	2030	1	815
2	2030	2	815
0	1970	1	816
1	2000	1	816
2	2030	2	816
0	1970	4	817
0	1970	1	817
1	2000	1	817
1	2000	1	817
1	2000	2	817
1	2000	2	817
1	2000	1	817
2	2030	0	817
2	2030	0	817
2	2030	1	817
2	2030	1	817
2	2030	0	817
0	1970	1	818
1	2000	2	818
2	2030	1	818
2	2030	1	818
0	1970	1	819
1	2000	4	819
1	2000	2	819
2	2030	2	819
2	2030	0	819
2	2030	6	819
2	2030	9	819
2	2030	0	819
2	2030	9	819
0	1970	7	820
1	2000	0	820
1	2000	1	820
1	2000	1	820
1	2000	3	820
1	2000	3	820
1	2000	1	820
1	2000	5	820
2	2030	6	820
2	2030	0	820
2	2030	0	820
2	2030	0	820
2	2030	1	820
2	2030	0	820
2	2030	0	820
2	2030	0	820
2	2030	1	820
2	2030	1	820
2	2030	4	820
2	2030	0	820
2	2030	0	820
2	2030	3	820
0	1970	8	821
1	2000	8	821
1	2000	1	821
1	2000	3	821
1	2000	10	821
1	2000	0	821
1	2000	0	821
1	2000	3	821
1	2000	2	821
2	2030	5	821
2	2030	8	821
2	2030	2	821
2	2030	0	821
2	2030	0	821
2	2030	3	821
2	2030	3	821
2	2030	0	821
2	2030	2	821
2	2030	4	821
2	2030	4	821
2	2030	4	821
2	2030	1	821
2	2030	0	821
2	2030	3	821
2	2030	0	821
2	2030	0	821
2	2030	0	821
2	2030	0	821
2	2030	0	821
2	2030	0	821
2	2030	0	821
2	2030	0	821
2	2030	2	821
2	2030	2	821
2	2030	1	821
2	2030	2	821
0	1970	12	822
1	2000	5	822
1	2000	0	822
1	2000	4	822
1	2000	2	822
1	2000	1	822
1	2000	0	822
1	2000	4	822
1	2000	10	822
1	2000	0	822
1	2000	0	822
1	2000	2	822
1	2000	0	822
2	2030	1	822
2	2030	4	822
2	2030	2	822
2	2030	5	822
2	2030	0	822
2	2030	0	822
2	2030	1	822
2	2030	1	822
2	2030	0	822
2	2030	0	822
2	2030	1	822
2	2030	0	822
2	2030	0	822
2	2030	0	822
2	2030	1	822
2	2030	1	822
2	2030	4	822
2	2030	2	822
2	2030	6	822
2	2030	0	822
2	2030	2	822
2	2030	1	822
2	2030	1	822
2	2030	1	822
2	2030	0	822
2	2030	0	822
2	2030	2	822
2	2030	1	822
0	1970	2	823
1	2000	3	823
1	2000	5	823
2	2030	1	823
2	2030	0	823
2	2030	2	823
2	2030	1	823
2	2030	1	823
2	2030	3	823
2	2030	0	823
2	2030	0	823
0	1970	3	824
1	2000	0	824
1	2000	1	824
1	2000	4	824
2	2030	2	824
2	2030	1	824
2	2030	2	824
2	2030	2	824
2	2030	1	824
0	1970	4	825
1	2000	1	825
1	2000	2	825
1	2000	2	825
1	2000	1	825
2	2030	1	825
2	2030	0	825
2	2030	0	825
2	2030	0	825
2	2030	3	825
2	2030	0	825
0	1970	1	826
1	2000	1	826
2	2030	1	826
0	1970	8	827
1	2000	2	827
1	2000	1	827
1	2000	0	827
1	2000	1	827
1	2000	12	827
1	2000	0	827
1	2000	1	827
1	2000	1	827
2	2030	1	827
2	2030	2	827
2	2030	1	827
2	2030	0	827
2	2030	0	827
2	2030	0	827
2	2030	2	827
2	2030	3	827
2	2030	1	827
2	2030	3	827
2	2030	1	827
2	2030	0	827
2	2030	2	827
2	2030	0	827
2	2030	2	827
2	2030	0	827
2	2030	5	827
2	2030	9	827
0	1970	2	828
1	2000	0	828
1	2000	5	828
1	2000	5	828
1	2000	3	828
2	2030	3	828
2	2030	0	828
2	2030	0	828
2	2030	3	828
2	2030	2	828
2	2030	1	828
2	2030	1	828
2	2030	5	828
0	1970	4	829
1	2000	4	829
1	2000	7	829
1	2000	2	829
1	2000	6	829
2	2030	1	829
2	2030	1	829
2	2030	1	829
2	2030	1	829
2	2030	4	829
2	2030	0	829
2	2030	1	829
2	2030	0	829
2	2030	6	829
2	2030	1	829
2	2030	4	829
2	2030	0	829
2	2030	0	829
2	2030	2	829
2	2030	6	829
2	2030	0	829
2	2030	6	829
2	2030	0	829
2	2030	0	829
0	1970	4	830
0	1970	1	830
1	2000	0	830
1	2000	1	830
1	2000	3	830
1	2000	3	830
1	2000	2	830
2	2030	3	830
2	2030	0	830
2	2030	0	830
2	2030	1	830
2	2030	0	830
2	2030	4	830
2	2030	1	830
2	2030	1	830
2	2030	5	830
0	1970	7	831
1	2000	0	831
1	2000	0	831
1	2000	1	831
1	2000	0	831
1	2000	2	831
1	2000	2	831
1	2000	5	831
2	2030	0	831
2	2030	0	831
2	2030	1	831
2	2030	0	831
2	2030	0	831
2	2030	1	831
2	2030	7	831
2	2030	1	831
2	2030	2	831
2	2030	2	831
0	1970	9	832
1	2000	0	832
1	2000	1	832
1	2000	1	832
1	2000	1	832
1	2000	1	832
1	2000	0	832
1	2000	2	832
1	2000	3	832
1	2000	1	832
2	2030	0	832
2	2030	1	832
2	2030	1	832
2	2030	3	832
2	2030	6	832
2	2030	0	832
2	2030	2	832
2	2030	5	832
2	2030	4	832
2	2030	0	832
0	1970	1	833
1	2000	5	833
2	2030	0	833
2	2030	2	833
2	2030	0	833
2	2030	3	833
2	2030	2	833
0	1970	12	834
1	2000	0	834
1	2000	4	834
1	2000	6	834
1	2000	8	834
1	2000	2	834
1	2000	2	834
1	2000	3	834
1	2000	0	834
1	2000	2	834
1	2000	12	834
1	2000	8	834
1	2000	2	834
2	2030	0	834
2	2030	0	834
2	2030	1	834
2	2030	0	834
2	2030	0	834
2	2030	0	834
2	2030	3	834
2	2030	2	834
2	2030	1	834
2	2030	2	834
2	2030	0	834
2	2030	0	834
2	2030	2	834
2	2030	4	834
2	2030	2	834
2	2030	1	834
2	2030	0	834
2	2030	3	834
2	2030	3	834
2	2030	1	834
2	2030	0	834
2	2030	2	834
2	2030	1	834
2	2030	1	834
2	2030	2	834
2	2030	1	834
2	2030	0	834
2	2030	4	834
2	2030	3	834
2	2030	4	834
2	2030	0	834
2	2030	0	834
2	2030	2	834
2	2030	0	834
2	2030	1	834
2	2030	1	834
2	2030	0	834
2	2030	0	834
2	2030	0	834
2	2030	4	834
2	2030	1	834
2	2030	1	834
2	2030	1	834
2	2030	2	834
2	2030	3	834
2	2030	0	834
2	2030	0	834
2	2030	0	834
2	2030	0	834
0	1970	1	835
1	2000	1	835
2	2030	0	835
0	1970	6	836
1	2000	2	836
1	2000	0	836
1	2000	0	836
1	2000	5	836
1	2000	1	836
1	2000	1	836
2	2030	2	836
2	2030	3	836
2	2030	0	836
2	2030	3	836
2	2030	1	836
2	2030	1	836
2	2030	2	836
2	2030	1	836
2	2030	1	836
0	1970	2	837
1	2000	2	837
1	2000	3	837
1	2000	3	837
1	2000	1	837
2	2030	3	837
2	2030	1	837
2	2030	3	837
2	2030	1	837
2	2030	2	837
2	2030	2	837
0	1970	7	838
0	1970	0	838
1	2000	3	838
1	2000	2	838
1	2000	1	838
1	2000	0	838
1	2000	1	838
1	2000	5	838
1	2000	2	838
2	2030	3	838
2	2030	2	838
2	2030	0	838
2	2030	0	838
2	2030	4	838
2	2030	1	838
2	2030	3	838
2	2030	0	838
2	2030	0	838
2	2030	1	838
2	2030	6	838
2	2030	0	838
2	2030	0	838
2	2030	1	838
0	1970	2	839
1	2000	0	839
1	2000	2	839
2	2030	1	839
2	2030	1	839
0	1970	1	840
1	2000	1	840
1	2000	0	840
2	2030	0	840
0	1970	5	841
1	2000	0	841
1	2000	3	841
1	2000	2	841
1	2000	1	841
1	2000	5	841
2	2030	0	841
2	2030	4	841
2	2030	1	841
2	2030	1	841
2	2030	0	841
2	2030	0	841
2	2030	0	841
2	2030	1	841
2	2030	0	841
2	2030	1	841
2	2030	0	841
0	1970	2	842
1	2000	7	842
1	2000	0	842
2	2030	0	842
2	2030	5	842
2	2030	1	842
2	2030	0	842
2	2030	0	842
2	2030	6	842
2	2030	6	842
0	1970	2	843
1	2000	2	843
1	2000	1	843
2	2030	1	843
2	2030	0	843
2	2030	1	843
0	1970	2	844
1	2000	8	844
1	2000	3	844
2	2030	3	844
2	2030	2	844
2	2030	1	844
2	2030	0	844
2	2030	0	844
2	2030	2	844
2	2030	0	844
2	2030	1	844
2	2030	0	844
2	2030	1	844
2	2030	0	844
0	1970	2	845
1	2000	4	845
1	2000	3	845
2	2030	4	845
2	2030	1	845
2	2030	4	845
2	2030	2	845
2	2030	3	845
2	2030	1	845
2	2030	0	845
0	1970	6	846
1	2000	0	846
1	2000	3	846
1	2000	2	846
1	2000	5	846
1	2000	2	846
1	2000	0	846
2	2030	3	846
2	2030	5	846
2	2030	7	846
2	2030	0	846
2	2030	0	846
2	2030	1	846
2	2030	0	846
2	2030	5	846
2	2030	1	846
2	2030	0	846
2	2030	2	846
2	2030	0	846
0	1970	16	847
1	2000	2	847
1	2000	3	847
1	2000	0	847
1	2000	2	847
1	2000	0	847
1	2000	1	847
1	2000	3	847
1	2000	5	847
1	2000	1	847
1	2000	3	847
1	2000	6	847
1	2000	6	847
1	2000	2	847
1	2000	1	847
1	2000	2	847
1	2000	3	847
2	2030	1	847
2	2030	1	847
2	2030	3	847
2	2030	0	847
2	2030	1	847
2	2030	0	847
2	2030	5	847
2	2030	1	847
2	2030	5	847
2	2030	2	847
2	2030	1	847
2	2030	2	847
2	2030	0	847
2	2030	0	847
2	2030	1	847
2	2030	0	847
2	2030	0	847
2	2030	3	847
2	2030	0	847
2	2030	2	847
2	2030	0	847
2	2030	0	847
2	2030	0	847
2	2030	0	847
2	2030	0	847
2	2030	1	847
2	2030	1	847
2	2030	1	847
2	2030	1	847
2	2030	2	847
2	2030	4	847
2	2030	2	847
2	2030	3	847
2	2030	0	847
2	2030	4	847
2	2030	0	847
2	2030	0	847
2	2030	0	847
2	2030	1	847
2	2030	2	847
0	1970	3	848
0	1970	0	848
1	2000	2	848
1	2000	1	848
1	2000	3	848
2	2030	1	848
2	2030	0	848
2	2030	1	848
2	2030	2	848
2	2030	0	848
2	2030	6	848
0	1970	1	849
1	2000	8	849
1	2000	8	849
2	2030	3	849
2	2030	7	849
2	2030	1	849
2	2030	7	849
2	2030	8	849
2	2030	8	849
2	2030	4	849
2	2030	1	849
0	1970	5	850
1	2000	0	850
1	2000	4	850
1	2000	4	850
1	2000	2	850
1	2000	3	850
2	2030	1	850
2	2030	6	850
2	2030	2	850
2	2030	2	850
2	2030	2	850
2	2030	0	850
2	2030	3	850
2	2030	2	850
2	2030	0	850
2	2030	3	850
2	2030	0	850
2	2030	1	850
2	2030	2	850
0	1970	1	851
1	2000	2	851
2	2030	3	851
2	2030	0	851
0	1970	2	852
1	2000	6	852
1	2000	2	852
2	2030	2	852
2	2030	2	852
2	2030	0	852
2	2030	0	852
2	2030	1	852
2	2030	0	852
2	2030	1	852
2	2030	2	852
0	1970	8	853
1	2000	4	853
1	2000	5	853
1	2000	0	853
1	2000	5	853
1	2000	2	853
1	2000	2	853
1	2000	3	853
1	2000	1	853
2	2030	11	853
2	2030	0	853
2	2030	1	853
2	2030	3	853
2	2030	0	853
2	2030	0	853
2	2030	1	853
2	2030	0	853
2	2030	2	853
2	2030	3	853
2	2030	2	853
2	2030	0	853
2	2030	6	853
2	2030	2	853
2	2030	4	853
2	2030	0	853
2	2030	0	853
2	2030	2	853
2	2030	1	853
2	2030	0	853
2	2030	2	853
2	2030	3	853
0	1970	2	854
1	2000	4	854
1	2000	4	854
2	2030	3	854
2	2030	0	854
2	2030	1	854
2	2030	1	854
2	2030	0	854
2	2030	0	854
2	2030	0	854
2	2030	0	854
0	1970	4	855
1	2000	9	855
1	2000	3	855
1	2000	1	855
1	2000	5	855
2	2030	1	855
2	2030	2	855
2	2030	6	855
2	2030	3	855
2	2030	3	855
2	2030	0	855
2	2030	0	855
2	2030	0	855
2	2030	3	855
2	2030	0	855
2	2030	0	855
2	2030	0	855
2	2030	2	855
2	2030	1	855
2	2030	0	855
2	2030	0	855
2	2030	1	855
2	2030	0	855
0	1970	10	856
1	2000	4	856
1	2000	2	856
1	2000	5	856
1	2000	2	856
1	2000	1	856
1	2000	0	856
1	2000	1	856
1	2000	2	856
1	2000	3	856
1	2000	4	856
2	2030	1	856
2	2030	6	856
2	2030	3	856
2	2030	6	856
2	2030	1	856
2	2030	2	856
2	2030	2	856
2	2030	4	856
2	2030	1	856
2	2030	0	856
2	2030	7	856
2	2030	1	856
2	2030	1	856
2	2030	1	856
2	2030	2	856
2	2030	6	856
2	2030	7	856
2	2030	1	856
2	2030	1	856
2	2030	1	856
2	2030	0	856
2	2030	1	856
2	2030	1	856
2	2030	1	856
0	1970	2	857
0	1970	6	857
1	2000	2	857
1	2000	1	857
1	2000	0	857
1	2000	1	857
1	2000	4	857
1	2000	3	857
1	2000	0	857
1	2000	2	857
2	2030	1	857
2	2030	0	857
2	2030	1	857
2	2030	2	857
2	2030	2	857
2	2030	1	857
2	2030	1	857
2	2030	2	857
2	2030	2	857
2	2030	1	857
2	2030	2	857
2	2030	1	857
0	1970	4	858
1	2000	2	858
1	2000	1	858
1	2000	4	858
1	2000	1	858
2	2030	0	858
2	2030	2	858
2	2030	0	858
2	2030	0	858
2	2030	0	858
2	2030	1	858
2	2030	0	858
2	2030	1	858
0	1970	1	859
0	1970	11	859
1	2000	1	859
1	2000	3	859
1	2000	5	859
1	2000	2	859
1	2000	0	859
1	2000	2	859
1	2000	0	859
1	2000	11	859
1	2000	1	859
1	2000	2	859
1	2000	1	859
1	2000	1	859
2	2030	0	859
2	2030	0	859
2	2030	0	859
2	2030	6	859
2	2030	0	859
2	2030	1	859
2	2030	2	859
2	2030	3	859
2	2030	6	859
2	2030	0	859
2	2030	1	859
2	2030	3	859
2	2030	3	859
2	2030	1	859
2	2030	0	859
2	2030	1	859
2	2030	2	859
2	2030	1	859
2	2030	0	859
2	2030	1	859
2	2030	5	859
2	2030	0	859
2	2030	0	859
2	2030	1	859
2	2030	0	859
2	2030	2	859
2	2030	0	859
2	2030	0	859
2	2030	0	859
0	1970	9	860
1	2000	8	860
1	2000	0	860
1	2000	1	860
1	2000	2	860
1	2000	0	860
1	2000	3	860
1	2000	1	860
1	2000	6	860
1	2000	2	860
2	2030	1	860
2	2030	5	860
2	2030	0	860
2	2030	2	860
2	2030	2	860
2	2030	0	860
2	2030	0	860
2	2030	2	860
2	2030	0	860
2	2030	1	860
2	2030	1	860
2	2030	2	860
2	2030	0	860
2	2030	2	860
2	2030	3	860
2	2030	0	860
2	2030	0	860
2	2030	8	860
2	2030	0	860
2	2030	2	860
2	2030	3	860
2	2030	0	860
2	2030	2	860
0	1970	6	861
1	2000	2	861
1	2000	10	861
1	2000	1	861
1	2000	4	861
1	2000	1	861
1	2000	3	861
2	2030	2	861
2	2030	1	861
2	2030	0	861
2	2030	1	861
2	2030	0	861
2	2030	2	861
2	2030	4	861
2	2030	0	861
2	2030	1	861
2	2030	14	861
2	2030	2	861
2	2030	5	861
2	2030	2	861
2	2030	0	861
2	2030	2	861
2	2030	2	861
2	2030	0	861
2	2030	4	861
2	2030	1	861
2	2030	4	861
2	2030	0	861
0	1970	1	862
1	2000	1	862
2	2030	1	862
0	1970	8	863
1	2000	1	863
1	2000	8	863
1	2000	3	863
1	2000	3	863
1	2000	0	863
1	2000	4	863
1	2000	1	863
1	2000	2	863
2	2030	1	863
2	2030	3	863
2	2030	0	863
2	2030	3	863
2	2030	1	863
2	2030	2	863
2	2030	2	863
2	2030	1	863
2	2030	3	863
2	2030	2	863
2	2030	1	863
2	2030	1	863
2	2030	0	863
2	2030	1	863
2	2030	1	863
2	2030	1	863
2	2030	2	863
2	2030	2	863
2	2030	5	863
2	2030	4	863
2	2030	2	863
2	2030	0	863
0	1970	1	864
1	2000	10	864
1	2000	10	864
2	2030	0	864
2	2030	1	864
2	2030	1	864
2	2030	1	864
2	2030	0	864
2	2030	0	864
2	2030	0	864
2	2030	5	864
2	2030	2	864
2	2030	5	864
0	1970	7	865
1	2000	0	865
1	2000	3	865
1	2000	1	865
1	2000	6	865
1	2000	3	865
1	2000	0	865
1	2000	1	865
2	2030	1	865
2	2030	0	865
2	2030	2	865
2	2030	1	865
2	2030	0	865
2	2030	0	865
2	2030	5	865
2	2030	0	865
2	2030	1	865
2	2030	0	865
2	2030	1	865
2	2030	3	865
2	2030	0	865
2	2030	0	865
0	1970	3	866
1	2000	0	866
1	2000	5	866
1	2000	1	866
2	2030	1	866
2	2030	2	866
2	2030	5	866
2	2030	0	866
2	2030	4	866
2	2030	1	866
0	1970	1	867
1	2000	1	867
2	2030	2	867
0	1970	2	868
0	1970	17	868
1	2000	3	868
1	2000	1	868
1	2000	1	868
1	2000	1	868
1	2000	0	868
1	2000	1	868
1	2000	1	868
1	2000	2	868
1	2000	2	868
1	2000	7	868
1	2000	4	868
1	2000	0	868
1	2000	0	868
1	2000	0	868
1	2000	3	868
1	2000	0	868
1	2000	2	868
1	2000	1	868
1	2000	1	868
2	2030	0	868
2	2030	2	868
2	2030	5	868
2	2030	4	868
2	2030	0	868
2	2030	1	868
2	2030	0	868
2	2030	4	868
2	2030	0	868
2	2030	1	868
2	2030	0	868
2	2030	3	868
2	2030	3	868
2	2030	1	868
2	2030	1	868
2	2030	0	868
2	2030	2	868
2	2030	3	868
2	2030	1	868
2	2030	0	868
2	2030	0	868
2	2030	1	868
2	2030	0	868
2	2030	0	868
2	2030	0	868
2	2030	1	868
2	2030	4	868
2	2030	0	868
0	1970	1	869
1	2000	3	869
2	2030	0	869
2	2030	3	869
2	2030	1	869
0	1970	5	870
1	2000	1	870
1	2000	1	870
1	2000	0	870
1	2000	6	870
1	2000	4	870
2	2030	0	870
2	2030	5	870
2	2030	0	870
2	2030	1	870
2	2030	2	870
2	2030	0	870
2	2030	2	870
2	2030	5	870
2	2030	0	870
2	2030	0	870
2	2030	4	870
2	2030	1	870
0	1970	2	871
0	1970	1	871
1	2000	15	871
1	2000	15	871
1	2000	1	871
2	2030	2	871
2	2030	4	871
2	2030	0	871
2	2030	1	871
2	2030	0	871
2	2030	2	871
2	2030	3	871
2	2030	2	871
2	2030	1	871
2	2030	2	871
2	2030	2	871
2	2030	2	871
2	2030	2	871
2	2030	3	871
2	2030	2	871
2	2030	0	871
0	1970	3	872
1	2000	1	872
1	2000	1	872
1	2000	3	872
2	2030	1	872
2	2030	1	872
2	2030	1	872
2	2030	0	872
2	2030	1	872
0	1970	2	873
1	2000	1	873
1	2000	0	873
2	2030	1	873
0	1970	3	874
1	2000	1	874
1	2000	1	874
1	2000	5	874
2	2030	1	874
2	2030	1	874
2	2030	1	874
2	2030	0	874
2	2030	1	874
2	2030	14	874
2	2030	0	874
0	1970	4	875
1	2000	4	875
1	2000	2	875
1	2000	1	875
1	2000	0	875
2	2030	0	875
2	2030	3	875
2	2030	1	875
2	2030	8	875
2	2030	1	875
2	2030	0	875
2	2030	0	875
0	1970	12	876
1	2000	3	876
1	2000	3	876
1	2000	1	876
1	2000	5	876
1	2000	1	876
1	2000	2	876
1	2000	1	876
1	2000	3	876
1	2000	5	876
1	2000	1	876
1	2000	2	876
1	2000	2	876
2	2030	0	876
2	2030	2	876
2	2030	1	876
2	2030	1	876
2	2030	4	876
2	2030	1	876
2	2030	0	876
2	2030	3	876
2	2030	1	876
2	2030	1	876
2	2030	0	876
2	2030	0	876
2	2030	0	876
2	2030	3	876
2	2030	1	876
2	2030	1	876
2	2030	0	876
2	2030	1	876
2	2030	1	876
2	2030	1	876
2	2030	2	876
2	2030	0	876
2	2030	0	876
2	2030	0	876
2	2030	8	876
2	2030	1	876
2	2030	3	876
2	2030	9	876
2	2030	1	876
0	1970	12	877
1	2000	6	877
1	2000	1	877
1	2000	2	877
1	2000	7	877
1	2000	1	877
1	2000	0	877
1	2000	1	877
1	2000	1	877
1	2000	4	877
1	2000	12	877
1	2000	1	877
1	2000	14	877
2	2030	0	877
2	2030	0	877
2	2030	3	877
2	2030	9	877
2	2030	1	877
2	2030	2	877
2	2030	0	877
2	2030	3	877
2	2030	1	877
2	2030	1	877
2	2030	1	877
2	2030	4	877
2	2030	1	877
2	2030	2	877
2	2030	9	877
2	2030	1	877
2	2030	4	877
2	2030	4	877
2	2030	1	877
2	2030	1	877
2	2030	2	877
2	2030	5	877
2	2030	0	877
2	2030	1	877
2	2030	1	877
2	2030	6	877
2	2030	0	877
2	2030	2	877
2	2030	0	877
2	2030	2	877
2	2030	1	877
2	2030	2	877
2	2030	0	877
2	2030	9	877
2	2030	1	877
2	2030	2	877
2	2030	4	877
2	2030	2	877
2	2030	1	877
2	2030	3	877
2	2030	0	877
2	2030	1	877
2	2030	0	877
2	2030	0	877
2	2030	1	877
2	2030	1	877
2	2030	4	877
2	2030	5	877
2	2030	2	877
2	2030	1	877
0	1970	5	878
1	2000	1	878
1	2000	37	878
1	2000	1	878
1	2000	7	878
1	2000	1	878
2	2030	1	878
2	2030	0	878
2	2030	1	878
2	2030	8	878
2	2030	1	878
2	2030	5	878
2	2030	7	878
2	2030	4	878
2	2030	4	878
2	2030	0	878
2	2030	0	878
2	2030	6	878
2	2030	0	878
2	2030	1	878
2	2030	5	878
2	2030	3	878
2	2030	1	878
2	2030	1	878
2	2030	1	878
2	2030	2	878
2	2030	1	878
2	2030	1	878
2	2030	1	878
2	2030	3	878
2	2030	1	878
2	2030	8	878
2	2030	2	878
2	2030	6	878
2	2030	2	878
2	2030	6	878
2	2030	4	878
2	2030	0	878
2	2030	2	878
2	2030	2	878
2	2030	1	878
2	2030	2	878
2	2030	2	878
2	2030	2	878
2	2030	0	878
2	2030	0	878
2	2030	0	878
2	2030	0	878
2	2030	4	878
2	2030	4	878
2	2030	1	878
2	2030	8	878
2	2030	2	878
0	1970	3	879
0	1970	4	879
1	2000	3	879
1	2000	2	879
1	2000	7	879
1	2000	1	879
1	2000	1	879
1	2000	1	879
1	2000	6	879
2	2030	8	879
2	2030	1	879
2	2030	1	879
2	2030	1	879
2	2030	1	879
2	2030	2	879
2	2030	1	879
2	2030	6	879
2	2030	1	879
2	2030	0	879
2	2030	2	879
2	2030	2	879
2	2030	0	879
2	2030	5	879
2	2030	0	879
2	2030	6	879
2	2030	3	879
2	2030	2	879
2	2030	0	879
2	2030	4	879
2	2030	1	879
0	1970	5	880
1	2000	2	880
1	2000	1	880
1	2000	3	880
1	2000	1	880
1	2000	4	880
2	2030	4	880
2	2030	1	880
2	2030	2	880
2	2030	2	880
2	2030	1	880
2	2030	2	880
2	2030	3	880
2	2030	1	880
2	2030	0	880
2	2030	6	880
2	2030	0	880
0	1970	1	881
1	2000	4	881
2	2030	1	881
2	2030	1	881
2	2030	9	881
2	2030	1	881
0	1970	4	882
1	2000	0	882
1	2000	1	882
1	2000	1	882
1	2000	2	882
2	2030	0	882
2	2030	0	882
2	2030	0	882
2	2030	5	882
0	1970	1	883
1	2000	3	883
2	2030	1	883
2	2030	0	883
2	2030	1	883
0	1970	2	884
1	2000	2	884
1	2000	2	884
2	2030	0	884
2	2030	2	884
2	2030	0	884
2	2030	1	884
0	1970	6	885
1	2000	11	885
1	2000	7	885
1	2000	4	885
1	2000	0	885
1	2000	2	885
1	2000	0	885
2	2030	2	885
2	2030	2	885
2	2030	4	885
2	2030	1	885
2	2030	2	885
2	2030	2	885
2	2030	4	885
2	2030	2	885
2	2030	0	885
2	2030	1	885
2	2030	1	885
2	2030	1	885
2	2030	5	885
2	2030	2	885
2	2030	1	885
2	2030	1	885
2	2030	2	885
2	2030	0	885
2	2030	0	885
2	2030	3	885
2	2030	0	885
2	2030	1	885
2	2030	0	885
2	2030	0	885
0	1970	0	886
0	1970	17	886
1	2000	3	886
1	2000	4	886
1	2000	7	886
1	2000	0	886
1	2000	4	886
1	2000	7	886
1	2000	1	886
1	2000	3	886
1	2000	4	886
1	2000	2	886
1	2000	3	886
1	2000	0	886
1	2000	3	886
1	2000	3	886
1	2000	9	886
1	2000	4	886
1	2000	4	886
2	2030	1	886
2	2030	0	886
2	2030	0	886
2	2030	0	886
2	2030	1	886
2	2030	1	886
2	2030	3	886
2	2030	1	886
2	2030	1	886
2	2030	4	886
2	2030	3	886
2	2030	3	886
2	2030	1	886
2	2030	2	886
2	2030	0	886
2	2030	3	886
2	2030	0	886
2	2030	0	886
2	2030	0	886
2	2030	0	886
2	2030	2	886
2	2030	4	886
2	2030	0	886
2	2030	2	886
2	2030	0	886
2	2030	0	886
2	2030	3	886
2	2030	2	886
2	2030	1	886
2	2030	0	886
2	2030	2	886
2	2030	2	886
2	2030	0	886
2	2030	0	886
2	2030	0	886
2	2030	0	886
2	2030	1	886
2	2030	0	886
2	2030	3	886
2	2030	2	886
2	2030	9	886
2	2030	2	886
2	2030	0	886
2	2030	2	886
2	2030	0	886
2	2030	0	886
2	2030	1	886
2	2030	2	886
2	2030	3	886
2	2030	3	886
2	2030	0	886
2	2030	2	886
2	2030	0	886
2	2030	3	886
2	2030	1	886
2	2030	2	886
2	2030	5	886
2	2030	2	886
2	2030	0	886
2	2030	2	886
2	2030	17	886
0	1970	1	887
1	2000	3	887
2	2030	2	887
2	2030	0	887
2	2030	1	887
0	1970	2	888
1	2000	7	888
1	2000	0	888
2	2030	4	888
2	2030	2	888
2	2030	2	888
2	2030	0	888
2	2030	0	888
2	2030	1	888
2	2030	0	888
0	1970	2	889
1	2000	5	889
1	2000	2	889
2	2030	4	889
2	2030	0	889
2	2030	0	889
2	2030	4	889
2	2030	4	889
2	2030	2	889
2	2030	2	889
0	1970	1	890
1	2000	2	890
2	2030	0	890
2	2030	0	890
0	1970	5	891
0	1970	4	891
1	2000	0	891
1	2000	7	891
1	2000	11	891
1	2000	4	891
1	2000	3	891
1	2000	5	891
1	2000	11	891
1	2000	3	891
1	2000	5	891
2	2030	2	891
2	2030	2	891
2	2030	5	891
2	2030	0	891
2	2030	0	891
2	2030	4	891
2	2030	1	891
2	2030	3	891
2	2030	3	891
2	2030	1	891
2	2030	2	891
2	2030	0	891
2	2030	1	891
2	2030	2	891
2	2030	2	891
2	2030	5	891
2	2030	3	891
2	2030	8	891
2	2030	2	891
2	2030	0	891
2	2030	1	891
2	2030	2	891
2	2030	4	891
2	2030	0	891
2	2030	2	891
2	2030	8	891
2	2030	1	891
2	2030	10	891
2	2030	0	891
2	2030	6	891
0	1970	2	892
1	2000	4	892
1	2000	2	892
2	2030	1	892
2	2030	1	892
2	2030	7	892
2	2030	1	892
2	2030	4	892
2	2030	2	892
0	1970	2	893
0	1970	1	893
1	2000	0	893
1	2000	2	893
1	2000	5	893
2	2030	0	893
2	2030	0	893
2	2030	2	893
2	2030	2	893
2	2030	1	893
2	2030	3	893
2	2030	1	893
0	1970	1	894
1	2000	2	894
2	2030	4	894
2	2030	2	894
0	1970	10	895
0	1970	10	895
1	2000	4	895
1	2000	1	895
1	2000	2	895
1	2000	3	895
1	2000	4	895
1	2000	1	895
1	2000	1	895
1	2000	6	895
1	2000	1	895
1	2000	8	895
1	2000	5	895
1	2000	6	895
1	2000	4	895
1	2000	8	895
1	2000	2	895
1	2000	2	895
1	2000	5	895
1	2000	4	895
1	2000	1	895
1	2000	2	895
2	2030	0	895
2	2030	4	895
2	2030	3	895
2	2030	1	895
2	2030	1	895
2	2030	0	895
2	2030	2	895
2	2030	0	895
2	2030	4	895
2	2030	0	895
2	2030	1	895
2	2030	3	895
2	2030	2	895
2	2030	1	895
2	2030	0	895
2	2030	3	895
2	2030	4	895
2	2030	2	895
2	2030	0	895
2	2030	2	895
2	2030	2	895
2	2030	7	895
2	2030	2	895
2	2030	1	895
2	2030	3	895
2	2030	2	895
2	2030	10	895
2	2030	1	895
2	2030	1	895
2	2030	2	895
2	2030	4	895
2	2030	0	895
2	2030	2	895
2	2030	1	895
2	2030	3	895
2	2030	0	895
2	2030	1	895
2	2030	2	895
2	2030	0	895
2	2030	0	895
2	2030	7	895
2	2030	2	895
2	2030	1	895
2	2030	0	895
2	2030	0	895
0	1970	1	896
1	2000	4	896
2	2030	0	896
2	2030	4	896
2	2030	4	896
2	2030	1	896
0	1970	6	897
1	2000	13	897
1	2000	1	897
1	2000	0	897
1	2000	6	897
1	2000	5	897
1	2000	4	897
2	2030	3	897
2	2030	0	897
2	2030	2	897
2	2030	0	897
2	2030	2	897
2	2030	0	897
2	2030	0	897
2	2030	2	897
2	2030	2	897
2	2030	2	897
2	2030	2	897
2	2030	0	897
2	2030	0	897
2	2030	0	897
2	2030	0	897
2	2030	1	897
2	2030	2	897
2	2030	1	897
2	2030	0	897
2	2030	1	897
2	2030	0	897
2	2030	1	897
2	2030	0	897
2	2030	0	897
2	2030	1	897
2	2030	0	897
2	2030	1	897
2	2030	1	897
2	2030	9	897
0	1970	5	898
1	2000	1	898
1	2000	2	898
1	2000	2	898
1	2000	5	898
1	2000	0	898
2	2030	0	898
2	2030	0	898
2	2030	1	898
2	2030	0	898
2	2030	0	898
2	2030	2	898
2	2030	5	898
2	2030	3	898
2	2030	1	898
2	2030	4	898
0	1970	2	899
0	1970	4	899
1	2000	2	899
1	2000	3	899
1	2000	3	899
1	2000	3	899
1	2000	3	899
1	2000	4	899
2	2030	2	899
2	2030	2	899
2	2030	0	899
2	2030	2	899
2	2030	1	899
2	2030	5	899
2	2030	0	899
2	2030	1	899
2	2030	5	899
2	2030	0	899
2	2030	0	899
2	2030	1	899
2	2030	1	899
2	2030	4	899
2	2030	0	899
0	1970	2	900
1	2000	0	900
1	2000	2	900
1	2000	1	900
1	2000	3	900
2	2030	0	900
2	2030	1	900
2	2030	4	900
2	2030	4	900
2	2030	1	900
2	2030	3	900
0	1970	1	901
1	2000	1	901
2	2030	0	901
0	1970	2	902
1	2000	1	902
1	2000	0	902
2	2030	4	902
0	1970	3	903
1	2000	0	903
1	2000	2	903
1	2000	0	903
2	2030	0	903
2	2030	0	903
0	1970	1	904
1	2000	0	904
1	2000	8	904
2	2030	2	904
2	2030	1	904
2	2030	1	904
2	2030	2	904
2	2030	3	904
2	2030	2	904
2	2030	2	904
2	2030	3	904
0	1970	1	905
1	2000	1	905
2	2030	2	905
0	1970	9	906
1	2000	9	906
1	2000	6	906
1	2000	5	906
1	2000	2	906
1	2000	1	906
1	2000	2	906
1	2000	0	906
1	2000	1	906
1	2000	4	906
2	2030	2	906
2	2030	0	906
2	2030	0	906
2	2030	1	906
2	2030	4	906
2	2030	2	906
2	2030	1	906
2	2030	1	906
2	2030	2	906
2	2030	1	906
2	2030	1	906
2	2030	0	906
2	2030	7	906
2	2030	0	906
2	2030	0	906
2	2030	2	906
2	2030	3	906
2	2030	2	906
2	2030	0	906
2	2030	3	906
2	2030	2	906
2	2030	1	906
2	2030	1	906
2	2030	1	906
2	2030	2	906
2	2030	1	906
2	2030	1	906
2	2030	0	906
2	2030	0	906
2	2030	2	906
0	1970	30	907
1	2000	5	907
1	2000	2	907
1	2000	0	907
1	2000	3	907
1	2000	3	907
1	2000	3	907
1	2000	2	907
1	2000	1	907
1	2000	0	907
1	2000	2	907
1	2000	0	907
1	2000	6	907
1	2000	1	907
1	2000	0	907
1	2000	2	907
1	2000	6	907
1	2000	1	907
1	2000	0	907
1	2000	3	907
1	2000	5	907
1	2000	0	907
1	2000	2	907
1	2000	4	907
1	2000	7	907
1	2000	4	907
1	2000	0	907
1	2000	0	907
1	2000	1	907
1	2000	2	907
1	2000	3	907
2	2030	1	907
2	2030	1	907
2	2030	2	907
2	2030	2	907
2	2030	0	907
2	2030	0	907
2	2030	2	907
2	2030	1	907
2	2030	0	907
2	2030	1	907
2	2030	0	907
2	2030	0	907
2	2030	4	907
2	2030	2	907
2	2030	0	907
2	2030	5	907
2	2030	0	907
2	2030	1	907
2	2030	2	907
2	2030	0	907
2	2030	2	907
2	2030	0	907
2	2030	0	907
2	2030	1	907
2	2030	2	907
2	2030	2	907
2	2030	0	907
2	2030	1	907
2	2030	0	907
2	2030	2	907
2	2030	0	907
2	2030	0	907
2	2030	0	907
2	2030	2	907
2	2030	5	907
2	2030	5	907
2	2030	11	907
2	2030	0	907
2	2030	1	907
2	2030	0	907
2	2030	1	907
2	2030	0	907
2	2030	0	907
2	2030	3	907
2	2030	2	907
2	2030	0	907
2	2030	1	907
2	2030	4	907
2	2030	2	907
2	2030	2	907
2	2030	0	907
2	2030	2	907
2	2030	0	907
2	2030	1	907
2	2030	3	907
2	2030	3	907
2	2030	11	907
2	2030	1	907
2	2030	3	907
2	2030	1	907
2	2030	0	907
2	2030	1	907
2	2030	0	907
2	2030	0	907
2	2030	0	907
2	2030	4	907
2	2030	0	907
2	2030	1	907
0	1970	1	908
0	1970	6	908
1	2000	0	908
1	2000	1	908
1	2000	4	908
1	2000	1	908
1	2000	1	908
1	2000	4	908
1	2000	0	908
2	2030	1	908
2	2030	0	908
2	2030	6	908
2	2030	1	908
2	2030	2	908
2	2030	5	908
2	2030	0	908
2	2030	1	908
2	2030	1	908
2	2030	1	908
2	2030	2	908
0	1970	1	909
1	2000	1	909
2	2030	1	909
0	1970	1	910
1	2000	2	910
2	2030	0	910
2	2030	1	910
0	1970	2	911
1	2000	0	911
1	2000	10	911
1	2000	0	911
1	2000	10	911
2	2030	3	911
2	2030	0	911
2	2030	2	911
2	2030	1	911
2	2030	3	911
2	2030	3	911
2	2030	0	911
2	2030	1	911
2	2030	1	911
2	2030	3	911
0	1970	4	912
1	2000	4	912
1	2000	3	912
1	2000	1	912
1	2000	1	912
2	2030	0	912
2	2030	0	912
2	2030	0	912
2	2030	0	912
2	2030	2	912
2	2030	1	912
2	2030	3	912
2	2030	7	912
2	2030	4	912
0	1970	2	913
0	1970	1	913
1	2000	0	913
1	2000	9	913
1	2000	9	913
2	2030	0	913
2	2030	0	913
2	2030	0	913
2	2030	3	913
2	2030	1	913
2	2030	1	913
2	2030	1	913
2	2030	1	913
2	2030	1	913
0	1970	2	914
1	2000	1	914
1	2000	2	914
2	2030	6	914
2	2030	4	914
2	2030	1	914
0	1970	8	915
1	2000	0	915
1	2000	3	915
1	2000	2	915
1	2000	6	915
1	2000	8	915
1	2000	3	915
1	2000	17	915
1	2000	1	915
2	2030	1	915
2	2030	3	915
2	2030	3	915
2	2030	0	915
2	2030	0	915
2	2030	0	915
2	2030	4	915
2	2030	1	915
2	2030	0	915
2	2030	0	915
2	2030	2	915
2	2030	0	915
2	2030	2	915
2	2030	0	915
2	2030	2	915
2	2030	10	915
2	2030	0	915
2	2030	3	915
2	2030	0	915
2	2030	2	915
2	2030	1	915
2	2030	0	915
2	2030	0	915
2	2030	0	915
2	2030	0	915
2	2030	2	915
2	2030	4	915
2	2030	0	915
2	2030	4	915
2	2030	3	915
2	2030	0	915
2	2030	1	915
2	2030	0	915
2	2030	3	915
2	2030	0	915
2	2030	9	915
2	2030	2	915
2	2030	0	915
2	2030	1	915
2	2030	1	915
0	1970	2	916
1	2000	2	916
1	2000	1	916
2	2030	1	916
2	2030	3	916
2	2030	1	916
0	1970	3	917
1	2000	1	917
1	2000	2	917
1	2000	3	917
2	2030	1	917
2	2030	0	917
2	2030	0	917
2	2030	0	917
2	2030	0	917
2	2030	0	917
0	1970	9	918
1	2000	5	918
1	2000	2	918
1	2000	0	918
1	2000	0	918
1	2000	4	918
1	2000	0	918
1	2000	6	918
1	2000	0	918
1	2000	0	918
2	2030	2	918
2	2030	1	918
2	2030	0	918
2	2030	2	918
2	2030	2	918
2	2030	2	918
2	2030	1	918
2	2030	0	918
2	2030	1	918
2	2030	1	918
2	2030	0	918
2	2030	0	918
2	2030	2	918
2	2030	1	918
2	2030	5	918
2	2030	5	918
2	2030	0	918
0	1970	2	919
1	2000	3	919
1	2000	1	919
2	2030	0	919
2	2030	0	919
2	2030	3	919
2	2030	2	919
0	1970	1	920
1	2000	3	920
2	2030	3	920
2	2030	0	920
2	2030	1	920
0	1970	4	921
0	1970	1	921
1	2000	2	921
1	2000	1	921
1	2000	1	921
1	2000	1	921
1	2000	1	921
2	2030	0	921
2	2030	1	921
2	2030	6	921
2	2030	4	921
2	2030	1	921
0	1970	3	922
1	2000	13	922
1	2000	2	922
1	2000	1	922
2	2030	0	922
2	2030	0	922
2	2030	0	922
2	2030	1	922
2	2030	4	922
2	2030	1	922
2	2030	0	922
2	2030	0	922
2	2030	0	922
2	2030	2	922
2	2030	0	922
2	2030	0	922
2	2030	0	922
2	2030	1	922
2	2030	0	922
2	2030	4	922
0	1970	5	923
1	2000	1	923
1	2000	2	923
1	2000	1	923
1	2000	1	923
1	2000	0	923
2	2030	0	923
2	2030	2	923
2	2030	1	923
2	2030	0	923
2	2030	2	923
0	1970	3	924
1	2000	2	924
1	2000	1	924
1	2000	1	924
2	2030	0	924
2	2030	0	924
2	2030	1	924
2	2030	0	924
0	1970	2	925
1	2000	0	925
1	2000	3	925
2	2030	2	925
2	2030	5	925
2	2030	0	925
0	1970	5	926
1	2000	0	926
1	2000	3	926
1	2000	9	926
1	2000	3	926
1	2000	0	926
2	2030	2	926
2	2030	4	926
2	2030	1	926
2	2030	1	926
2	2030	3	926
2	2030	1	926
2	2030	3	926
2	2030	0	926
2	2030	0	926
2	2030	0	926
2	2030	4	926
2	2030	1	926
2	2030	3	926
2	2030	1	926
2	2030	1	926
0	1970	9	927
1	2000	6	927
1	2000	9	927
1	2000	3	927
1	2000	9	927
1	2000	5	927
1	2000	8	927
1	2000	10	927
1	2000	2	927
1	2000	3	927
2	2030	1	927
2	2030	2	927
2	2030	1	927
2	2030	1	927
2	2030	1	927
2	2030	1	927
2	2030	2	927
2	2030	2	927
2	2030	1	927
2	2030	1	927
2	2030	1	927
2	2030	5	927
2	2030	1	927
2	2030	3	927
2	2030	1	927
2	2030	3	927
2	2030	2	927
2	2030	2	927
2	2030	3	927
2	2030	4	927
2	2030	0	927
2	2030	0	927
2	2030	0	927
2	2030	1	927
2	2030	1	927
2	2030	3	927
2	2030	1	927
2	2030	1	927
2	2030	0	927
2	2030	1	927
2	2030	0	927
2	2030	0	927
2	2030	0	927
2	2030	2	927
2	2030	2	927
2	2030	0	927
2	2030	0	927
2	2030	3	927
2	2030	1	927
2	2030	4	927
2	2030	0	927
2	2030	2	927
2	2030	1	927
2	2030	0	927
2	2030	5	927
2	2030	4	927
2	2030	1	927
2	2030	1	927
2	2030	0	927
2	2030	1	927
2	2030	0	927
2	2030	3	927
2	2030	2	927
2	2030	0	927
2	2030	2	927
0	1970	3	928
1	2000	2	928
1	2000	7	928
1	2000	3	928
2	2030	1	928
2	2030	9	928
2	2030	1	928
2	2030	4	928
2	2030	1	928
2	2030	0	928
2	2030	3	928
2	2030	1	928
2	2030	1	928
2	2030	0	928
2	2030	1	928
2	2030	3	928
0	1970	7	929
1	2000	0	929
1	2000	2	929
1	2000	4	929
1	2000	1	929
1	2000	5	929
1	2000	4	929
1	2000	1	929
2	2030	0	929
2	2030	0	929
2	2030	1	929
2	2030	2	929
2	2030	5	929
2	2030	2	929
2	2030	2	929
2	2030	1	929
2	2030	1	929
2	2030	9	929
2	2030	0	929
2	2030	3	929
2	2030	4	929
2	2030	1	929
2	2030	1	929
2	2030	0	929
2	2030	1	929
0	1970	3	930
1	2000	5	930
1	2000	2	930
1	2000	1	930
2	2030	1	930
2	2030	1	930
2	2030	4	930
2	2030	1	930
2	2030	6	930
2	2030	0	930
2	2030	0	930
2	2030	2	930
0	1970	6	931
1	2000	3	931
1	2000	0	931
1	2000	5	931
1	2000	0	931
1	2000	4	931
1	2000	0	931
2	2030	2	931
2	2030	1	931
2	2030	0	931
2	2030	0	931
2	2030	1	931
2	2030	0	931
2	2030	5	931
2	2030	0	931
2	2030	1	931
2	2030	3	931
2	2030	1	931
2	2030	0	931
0	1970	1	932
1	2000	18	932
1	2000	1	932
2	2030	1	932
2	2030	1	932
2	2030	0	932
2	2030	6	932
2	2030	1	932
2	2030	3	932
2	2030	2	932
2	2030	0	932
2	2030	0	932
2	2030	0	932
2	2030	1	932
2	2030	2	932
2	2030	2	932
2	2030	1	932
2	2030	2	932
2	2030	1	932
2	2030	4	932
2	2030	5	932
2	2030	0	932
0	1970	1	933
1	2000	1	933
2	2030	0	933
0	1970	2	934
1	2000	3	934
1	2000	4	934
2	2030	2	934
2	2030	0	934
2	2030	4	934
2	2030	0	934
2	2030	3	934
2	2030	1	934
2	2030	2	934
0	1970	1	935
1	2000	1	935
1	2000	1	935
2	2030	2	935
0	1970	8	936
1	2000	8	936
1	2000	6	936
1	2000	0	936
1	2000	0	936
1	2000	1	936
1	2000	4	936
1	2000	2	936
1	2000	3	936
2	2030	0	936
2	2030	0	936
2	2030	3	936
2	2030	0	936
2	2030	2	936
2	2030	5	936
2	2030	8	936
2	2030	0	936
2	2030	1	936
2	2030	1	936
2	2030	0	936
2	2030	0	936
2	2030	0	936
2	2030	0	936
2	2030	0	936
2	2030	1	936
2	2030	1	936
2	2030	0	936
2	2030	4	936
2	2030	0	936
2	2030	3	936
2	2030	5	936
2	2030	2	936
2	2030	5	936
0	1970	5	937
1	2000	0	937
1	2000	2	937
1	2000	0	937
1	2000	1	937
1	2000	4	937
2	2030	3	937
2	2030	3	937
2	2030	0	937
2	2030	1	937
2	2030	0	937
2	2030	0	937
2	2030	2	937
0	1970	10	938
1	2000	1	938
1	2000	4	938
1	2000	7	938
1	2000	0	938
1	2000	2	938
1	2000	9	938
1	2000	2	938
1	2000	1	938
1	2000	1	938
1	2000	2	938
2	2030	0	938
2	2030	1	938
2	2030	3	938
2	2030	0	938
2	2030	1	938
2	2030	0	938
2	2030	1	938
2	2030	4	938
2	2030	2	938
2	2030	2	938
2	2030	2	938
2	2030	0	938
2	2030	0	938
2	2030	0	938
2	2030	0	938
2	2030	3	938
2	2030	0	938
2	2030	1	938
2	2030	0	938
2	2030	2	938
2	2030	1	938
2	2030	1	938
2	2030	1	938
2	2030	2	938
2	2030	3	938
2	2030	0	938
2	2030	4	938
2	2030	3	938
2	2030	0	938
0	1970	9	939
1	2000	5	939
1	2000	1	939
1	2000	2	939
1	2000	0	939
1	2000	0	939
1	2000	1	939
1	2000	0	939
1	2000	6	939
1	2000	6	939
2	2030	0	939
2	2030	0	939
2	2030	0	939
2	2030	0	939
2	2030	0	939
2	2030	0	939
2	2030	1	939
2	2030	1	939
2	2030	2	939
2	2030	1	939
2	2030	3	939
2	2030	0	939
2	2030	1	939
2	2030	2	939
2	2030	4	939
2	2030	0	939
2	2030	1	939
2	2030	5	939
2	2030	3	939
2	2030	1	939
2	2030	1	939
0	1970	2	940
1	2000	0	940
1	2000	3	940
2	2030	1	940
2	2030	0	940
2	2030	1	940
0	1970	3	941
0	1970	3	941
0	1970	3	941
0	1970	3	941
1	2000	4	941
1	2000	4	941
1	2000	2	941
1	2000	2	941
1	2000	2	941
1	2000	2	941
2	2030	2	941
2	2030	0	941
2	2030	0	941
2	2030	0	941
2	2030	4	941
2	2030	0	941
2	2030	4	941
2	2030	0	941
0	1970	1	942
1	2000	2	942
2	2030	0	942
2	2030	1	942
0	1970	9	943
1	2000	2	943
1	2000	0	943
1	2000	1	943
1	2000	2	943
1	2000	1	943
1	2000	6	943
1	2000	1	943
1	2000	2	943
1	2000	1	943
2	2030	8	943
2	2030	1	943
2	2030	2	943
2	2030	0	943
2	2030	2	943
2	2030	3	943
2	2030	0	943
2	2030	2	943
2	2030	0	943
2	2030	1	943
2	2030	1	943
2	2030	0	943
2	2030	1	943
2	2030	0	943
2	2030	0	943
2	2030	0	943
0	1970	13	944
1	2000	1	944
1	2000	1	944
1	2000	2	944
1	2000	1	944
1	2000	0	944
1	2000	1	944
1	2000	0	944
1	2000	3	944
1	2000	1	944
1	2000	9	944
1	2000	19	944
1	2000	3	944
1	2000	4	944
2	2030	3	944
2	2030	6	944
2	2030	2	944
2	2030	2	944
2	2030	1	944
2	2030	1	944
2	2030	4	944
2	2030	1	944
2	2030	3	944
2	2030	3	944
2	2030	1	944
2	2030	4	944
2	2030	1	944
2	2030	2	944
2	2030	1	944
2	2030	1	944
2	2030	4	944
2	2030	3	944
2	2030	0	944
2	2030	1	944
2	2030	1	944
2	2030	2	944
2	2030	2	944
2	2030	0	944
2	2030	0	944
2	2030	2	944
2	2030	0	944
2	2030	0	944
2	2030	0	944
2	2030	4	944
2	2030	1	944
2	2030	2	944
2	2030	1	944
2	2030	2	944
2	2030	0	944
2	2030	6	944
2	2030	1	944
2	2030	1	944
2	2030	4	944
2	2030	2	944
2	2030	2	944
2	2030	3	944
2	2030	0	944
2	2030	2	944
2	2030	4	944
0	1970	3	945
1	2000	4	945
1	2000	6	945
1	2000	0	945
2	2030	0	945
2	2030	1	945
2	2030	1	945
2	2030	0	945
2	2030	0	945
2	2030	5	945
2	2030	3	945
2	2030	0	945
2	2030	1	945
2	2030	3	945
0	1970	3	946
1	2000	1	946
1	2000	2	946
1	2000	0	946
2	2030	1	946
2	2030	1	946
2	2030	0	946
0	1970	1	947
1	2000	2	947
2	2030	0	947
2	2030	1	947
0	1970	3	948
1	2000	3	948
1	2000	3	948
1	2000	0	948
2	2030	0	948
2	2030	0	948
2	2030	1	948
2	2030	2	948
2	2030	2	948
2	2030	1	948
0	1970	6	949
1	2000	3	949
1	2000	0	949
1	2000	1	949
1	2000	4	949
1	2000	2	949
1	2000	1	949
2	2030	1	949
2	2030	0	949
2	2030	1	949
2	2030	1	949
2	2030	1	949
2	2030	5	949
2	2030	0	949
2	2030	6	949
2	2030	0	949
2	2030	5	949
2	2030	4	949
0	1970	6	950
1	2000	4	950
1	2000	2	950
1	2000	1	950
1	2000	0	950
1	2000	2	950
1	2000	3	950
2	2030	1	950
2	2030	2	950
2	2030	1	950
2	2030	0	950
2	2030	1	950
2	2030	0	950
2	2030	2	950
2	2030	3	950
2	2030	1	950
2	2030	2	950
2	2030	5	950
2	2030	2	950
0	1970	5	951
1	2000	1	951
1	2000	5	951
1	2000	0	951
1	2000	2	951
1	2000	5	951
2	2030	1	951
2	2030	5	951
2	2030	2	951
2	2030	0	951
2	2030	0	951
2	2030	4	951
2	2030	0	951
2	2030	3	951
2	2030	1	951
2	2030	1	951
2	2030	0	951
2	2030	1	951
2	2030	1	951
0	1970	2	952
1	2000	1	952
1	2000	3	952
2	2030	0	952
2	2030	0	952
2	2030	0	952
2	2030	4	952
0	1970	1	953
1	2000	2	953
1	2000	6	953
2	2030	0	953
2	2030	0	953
2	2030	0	953
2	2030	0	953
2	2030	0	953
2	2030	1	953
2	2030	0	953
2	2030	1	953
0	1970	3	954
1	2000	16	954
1	2000	5	954
1	2000	0	954
2	2030	1	954
2	2030	2	954
2	2030	0	954
2	2030	0	954
2	2030	1	954
2	2030	1	954
2	2030	3	954
2	2030	2	954
2	2030	3	954
2	2030	4	954
2	2030	5	954
2	2030	3	954
2	2030	5	954
2	2030	0	954
2	2030	3	954
2	2030	8	954
2	2030	0	954
2	2030	2	954
2	2030	3	954
2	2030	3	954
2	2030	0	954
0	1970	1	955
1	2000	4	955
1	2000	0	955
2	2030	1	955
2	2030	2	955
2	2030	1	955
2	2030	3	955
0	1970	13	956
1	2000	7	956
1	2000	0	956
1	2000	2	956
1	2000	0	956
1	2000	0	956
1	2000	0	956
1	2000	2	956
1	2000	0	956
1	2000	2	956
1	2000	4	956
1	2000	1	956
1	2000	8	956
1	2000	0	956
2	2030	0	956
2	2030	1	956
2	2030	2	956
2	2030	1	956
2	2030	2	956
2	2030	0	956
2	2030	2	956
2	2030	1	956
2	2030	0	956
2	2030	2	956
2	2030	3	956
2	2030	2	956
2	2030	3	956
2	2030	3	956
2	2030	0	956
2	2030	2	956
2	2030	6	956
2	2030	2	956
2	2030	2	956
2	2030	2	956
2	2030	3	956
2	2030	0	956
2	2030	5	956
2	2030	0	956
2	2030	3	956
2	2030	1	956
0	1970	2	957
1	2000	5	957
1	2000	1	957
2	2030	4	957
2	2030	0	957
2	2030	0	957
2	2030	1	957
2	2030	1	957
2	2030	1	957
0	1970	15	958
1	2000	0	958
1	2000	0	958
1	2000	0	958
1	2000	11	958
1	2000	6	958
1	2000	5	958
1	2000	3	958
1	2000	0	958
1	2000	5	958
1	2000	32	958
1	2000	5	958
1	2000	2	958
1	2000	1	958
1	2000	4	958
1	2000	0	958
2	2030	2	958
2	2030	1	958
2	2030	3	958
2	2030	1	958
2	2030	3	958
2	2030	1	958
2	2030	1	958
2	2030	1	958
2	2030	1	958
2	2030	1	958
2	2030	2	958
2	2030	2	958
2	2030	0	958
2	2030	7	958
2	2030	0	958
2	2030	3	958
2	2030	3	958
2	2030	2	958
2	2030	6	958
2	2030	8	958
2	2030	5	958
2	2030	0	958
2	2030	0	958
2	2030	0	958
2	2030	0	958
2	2030	0	958
2	2030	0	958
2	2030	4	958
2	2030	0	958
2	2030	0	958
2	2030	2	958
2	2030	0	958
2	2030	4	958
2	2030	0	958
2	2030	1	958
2	2030	1	958
2	2030	0	958
2	2030	1	958
2	2030	0	958
2	2030	8	958
2	2030	4	958
2	2030	4	958
2	2030	1	958
2	2030	5	958
2	2030	3	958
2	2030	9	958
2	2030	3	958
2	2030	2	958
2	2030	4	958
2	2030	5	958
2	2030	1	958
2	2030	3	958
2	2030	1	958
2	2030	6	958
2	2030	4	958
2	2030	0	958
2	2030	0	958
2	2030	3	958
2	2030	3	958
2	2030	1	958
2	2030	1	958
2	2030	2	958
2	2030	0	958
2	2030	1	958
2	2030	1	958
2	2030	4	958
2	2030	2	958
2	2030	7	958
2	2030	5	958
2	2030	0	958
2	2030	3	958
2	2030	1	958
2	2030	4	958
2	2030	1	958
0	1970	4	959
1	2000	6	959
1	2000	1	959
1	2000	1	959
1	2000	6	959
2	2030	1	959
2	2030	0	959
2	2030	0	959
2	2030	2	959
2	2030	2	959
2	2030	1	959
2	2030	4	959
2	2030	1	959
2	2030	2	959
2	2030	0	959
2	2030	1	959
2	2030	5	959
2	2030	3	959
2	2030	3	959
0	1970	3	960
1	2000	0	960
1	2000	1	960
1	2000	3	960
2	2030	3	960
2	2030	1	960
2	2030	0	960
2	2030	0	960
0	1970	3	961
1	2000	0	961
1	2000	1	961
1	2000	9	961
2	2030	1	961
2	2030	0	961
2	2030	0	961
2	2030	0	961
2	2030	5	961
2	2030	2	961
2	2030	0	961
2	2030	1	961
2	2030	1	961
2	2030	1	961
0	1970	7	962
1	2000	1	962
1	2000	2	962
1	2000	1	962
1	2000	2	962
1	2000	4	962
1	2000	2	962
1	2000	4	962
2	2030	0	962
2	2030	0	962
2	2030	3	962
2	2030	0	962
2	2030	2	962
2	2030	2	962
2	2030	2	962
2	2030	0	962
2	2030	3	962
2	2030	3	962
2	2030	0	962
2	2030	0	962
2	2030	0	962
2	2030	2	962
2	2030	2	962
2	2030	4	962
0	1970	3	963
1	2000	0	963
1	2000	5	963
1	2000	0	963
2	2030	1	963
2	2030	1	963
2	2030	1	963
2	2030	1	963
2	2030	5	963
0	1970	16	964
0	1970	4	964
1	2000	4	964
1	2000	3	964
1	2000	4	964
1	2000	6	964
1	2000	6	964
1	2000	0	964
1	2000	3	964
1	2000	3	964
1	2000	3	964
1	2000	1	964
1	2000	3	964
1	2000	1	964
1	2000	0	964
1	2000	2	964
1	2000	0	964
1	2000	3	964
1	2000	4	964
1	2000	1	964
1	2000	3	964
1	2000	1	964
2	2030	0	964
2	2030	1	964
2	2030	1	964
2	2030	0	964
2	2030	6	964
2	2030	1	964
2	2030	3	964
2	2030	5	964
2	2030	2	964
2	2030	5	964
2	2030	1	964
2	2030	1	964
2	2030	0	964
2	2030	0	964
2	2030	2	964
2	2030	1	964
2	2030	1	964
2	2030	1	964
2	2030	0	964
2	2030	3	964
2	2030	2	964
2	2030	2	964
2	2030	1	964
2	2030	2	964
2	2030	0	964
2	2030	2	964
2	2030	1	964
2	2030	2	964
2	2030	0	964
2	2030	0	964
2	2030	1	964
2	2030	0	964
2	2030	2	964
2	2030	4	964
2	2030	3	964
2	2030	1	964
2	2030	4	964
2	2030	2	964
2	2030	5	964
2	2030	0	964
2	2030	2	964
2	2030	3	964
2	2030	0	964
2	2030	4	964
0	1970	3	965
1	2000	1	965
1	2000	14	965
1	2000	12	965
2	2030	0	965
2	2030	0	965
2	2030	1	965
2	2030	0	965
2	2030	0	965
2	2030	0	965
2	2030	2	965
2	2030	0	965
2	2030	0	965
2	2030	0	965
2	2030	1	965
2	2030	0	965
2	2030	4	965
2	2030	4	965
2	2030	2	965
2	2030	2	965
2	2030	0	965
2	2030	0	965
2	2030	0	965
2	2030	0	965
2	2030	0	965
2	2030	4	965
2	2030	0	965
2	2030	2	965
2	2030	4	965
2	2030	1	965
2	2030	1	965
0	1970	3	966
1	2000	3	966
1	2000	0	966
1	2000	0	966
2	2030	2	966
2	2030	1	966
2	2030	1	966
0	1970	2	967
1	2000	1	967
1	2000	2	967
2	2030	0	967
2	2030	1	967
2	2030	5	967
0	1970	6	968
1	2000	2	968
1	2000	1	968
1	2000	1	968
1	2000	3	968
1	2000	6	968
1	2000	9	968
2	2030	1	968
2	2030	7	968
2	2030	0	968
2	2030	3	968
2	2030	0	968
2	2030	1	968
2	2030	4	968
2	2030	3	968
2	2030	4	968
2	2030	2	968
2	2030	0	968
2	2030	1	968
2	2030	1	968
2	2030	1	968
2	2030	2	968
2	2030	0	968
2	2030	0	968
2	2030	1	968
2	2030	1	968
2	2030	2	968
2	2030	0	968
2	2030	0	968
0	1970	2	969
0	1970	9	969
1	2000	0	969
1	2000	2	969
1	2000	2	969
1	2000	1	969
1	2000	2	969
1	2000	3	969
1	2000	3	969
1	2000	9	969
1	2000	3	969
1	2000	9	969
1	2000	2	969
2	2030	0	969
2	2030	1	969
2	2030	4	969
2	2030	1	969
2	2030	2	969
2	2030	2	969
2	2030	0	969
2	2030	5	969
2	2030	0	969
2	2030	0	969
2	2030	1	969
2	2030	2	969
2	2030	1	969
2	2030	0	969
2	2030	1	969
2	2030	4	969
2	2030	1	969
2	2030	3	969
2	2030	4	969
2	2030	0	969
2	2030	0	969
2	2030	4	969
2	2030	3	969
2	2030	0	969
2	2030	0	969
2	2030	1	969
2	2030	0	969
0	1970	13	970
1	2000	6	970
1	2000	3	970
1	2000	0	970
1	2000	2	970
1	2000	2	970
1	2000	0	970
1	2000	0	970
1	2000	0	970
1	2000	0	970
1	2000	5	970
1	2000	1	970
1	2000	5	970
1	2000	0	970
2	2030	2	970
2	2030	0	970
2	2030	0	970
2	2030	1	970
2	2030	2	970
2	2030	3	970
2	2030	1	970
2	2030	0	970
2	2030	2	970
2	2030	1	970
2	2030	4	970
2	2030	1	970
2	2030	6	970
2	2030	1	970
2	2030	2	970
2	2030	1	970
2	2030	0	970
2	2030	2	970
2	2030	1	970
2	2030	2	970
2	2030	0	970
2	2030	6	970
2	2030	3	970
2	2030	1	970
0	1970	4	971
0	1970	1	971
1	2000	4	971
1	2000	4	971
1	2000	6	971
1	2000	3	971
1	2000	3	971
2	2030	1	971
2	2030	5	971
2	2030	0	971
2	2030	1	971
2	2030	0	971
2	2030	0	971
2	2030	1	971
2	2030	1	971
2	2030	6	971
2	2030	0	971
2	2030	0	971
2	2030	0	971
2	2030	0	971
2	2030	2	971
2	2030	4	971
2	2030	1	971
2	2030	2	971
0	1970	2	972
1	2000	3	972
1	2000	8	972
2	2030	2	972
2	2030	3	972
2	2030	0	972
2	2030	0	972
2	2030	0	972
2	2030	1	972
2	2030	2	972
2	2030	4	972
2	2030	1	972
2	2030	5	972
2	2030	3	972
0	1970	1	973
1	2000	1	973
2	2030	0	973
0	1970	2	974
1	2000	1	974
1	2000	6	974
2	2030	3	974
2	2030	5	974
2	2030	4	974
2	2030	0	974
2	2030	0	974
2	2030	2	974
2	2030	2	974
0	1970	4	975
1	2000	3	975
1	2000	1	975
1	2000	4	975
1	2000	2	975
2	2030	2	975
2	2030	1	975
2	2030	0	975
2	2030	3	975
2	2030	1	975
2	2030	0	975
2	2030	4	975
2	2030	5	975
2	2030	1	975
2	2030	2	975
0	1970	3	976
0	1970	3	976
1	2000	1	976
1	2000	0	976
1	2000	3	976
1	2000	3	976
1	2000	0	976
1	2000	2	976
2	2030	2	976
2	2030	1	976
2	2030	0	976
2	2030	2	976
2	2030	0	976
2	2030	0	976
0	1970	2	977
1	2000	1	977
1	2000	1	977
2	2030	1	977
2	2030	1	977
0	1970	14	978
1	2000	1	978
1	2000	2	978
1	2000	7	978
1	2000	6	978
1	2000	1	978
1	2000	1	978
1	2000	2	978
1	2000	3	978
1	2000	5	978
1	2000	0	978
1	2000	1	978
1	2000	0	978
1	2000	0	978
1	2000	1	978
2	2030	3	978
2	2030	0	978
2	2030	0	978
2	2030	0	978
2	2030	0	978
2	2030	3	978
2	2030	0	978
2	2030	2	978
2	2030	1	978
2	2030	2	978
2	2030	0	978
2	2030	4	978
2	2030	7	978
2	2030	2	978
2	2030	3	978
2	2030	0	978
2	2030	1	978
2	2030	0	978
2	2030	0	978
2	2030	0	978
2	2030	1	978
2	2030	1	978
2	2030	2	978
2	2030	2	978
2	2030	1	978
2	2030	1	978
2	2030	2	978
2	2030	0	978
2	2030	1	978
2	2030	3	978
0	1970	11	979
1	2000	2	979
1	2000	1	979
1	2000	10	979
1	2000	7	979
1	2000	0	979
1	2000	1	979
1	2000	0	979
1	2000	2	979
1	2000	2	979
1	2000	1	979
1	2000	5	979
2	2030	5	979
2	2030	3	979
2	2030	4	979
2	2030	1	979
2	2030	3	979
2	2030	1	979
2	2030	3	979
2	2030	5	979
2	2030	2	979
2	2030	2	979
2	2030	1	979
2	2030	1	979
2	2030	1	979
2	2030	1	979
2	2030	0	979
2	2030	1	979
2	2030	4	979
2	2030	1	979
2	2030	0	979
2	2030	0	979
2	2030	0	979
2	2030	3	979
2	2030	2	979
2	2030	0	979
2	2030	4	979
2	2030	5	979
2	2030	1	979
2	2030	2	979
2	2030	1	979
2	2030	0	979
2	2030	2	979
0	1970	21	980
1	2000	2	980
1	2000	2	980
1	2000	0	980
1	2000	4	980
1	2000	2	980
1	2000	0	980
1	2000	5	980
1	2000	4	980
1	2000	4	980
1	2000	4	980
1	2000	2	980
1	2000	2	980
1	2000	1	980
1	2000	4	980
1	2000	2	980
1	2000	5	980
1	2000	3	980
1	2000	0	980
1	2000	0	980
1	2000	2	980
1	2000	1	980
2	2030	0	980
2	2030	0	980
2	2030	0	980
2	2030	0	980
2	2030	0	980
2	2030	5	980
2	2030	1	980
2	2030	1	980
2	2030	2	980
2	2030	0	980
2	2030	1	980
2	2030	1	980
2	2030	0	980
2	2030	1	980
2	2030	1	980
2	2030	1	980
2	2030	2	980
2	2030	6	980
2	2030	2	980
2	2030	3	980
2	2030	2	980
2	2030	1	980
2	2030	2	980
2	2030	0	980
2	2030	5	980
2	2030	0	980
2	2030	2	980
2	2030	1	980
2	2030	1	980
2	2030	2	980
2	2030	0	980
2	2030	3	980
2	2030	0	980
2	2030	1	980
2	2030	1	980
2	2030	0	980
2	2030	3	980
2	2030	1	980
2	2030	1	980
2	2030	3	980
2	2030	1	980
2	2030	6	980
2	2030	1	980
2	2030	0	980
2	2030	0	980
2	2030	0	980
2	2030	1	980
2	2030	1	980
2	2030	0	980
0	1970	2	981
1	2000	2	981
1	2000	4	981
2	2030	3	981
2	2030	0	981
2	2030	2	981
2	2030	2	981
2	2030	0	981
2	2030	0	981
0	1970	8	982
1	2000	4	982
1	2000	3	982
1	2000	6	982
1	2000	0	982
1	2000	0	982
1	2000	1	982
1	2000	2	982
1	2000	0	982
2	2030	3	982
2	2030	1	982
2	2030	0	982
2	2030	1	982
2	2030	3	982
2	2030	2	982
2	2030	2	982
2	2030	0	982
2	2030	4	982
2	2030	4	982
2	2030	0	982
2	2030	1	982
2	2030	0	982
2	2030	0	982
2	2030	0	982
2	2030	0	982
0	1970	5	983
1	2000	3	983
1	2000	1	983
1	2000	2	983
1	2000	2	983
1	2000	1	983
2	2030	6	983
2	2030	0	983
2	2030	1	983
2	2030	1	983
2	2030	1	983
2	2030	1	983
2	2030	0	983
2	2030	0	983
2	2030	3	983
0	1970	4	984
1	2000	1	984
1	2000	1	984
1	2000	0	984
1	2000	1	984
2	2030	0	984
2	2030	0	984
2	2030	1	984
0	1970	3	985
1	2000	2	985
1	2000	3	985
1	2000	10	985
2	2030	0	985
2	2030	2	985
2	2030	6	985
2	2030	0	985
2	2030	1	985
2	2030	0	985
2	2030	1	985
2	2030	1	985
2	2030	3	985
2	2030	2	985
2	2030	1	985
2	2030	0	985
2	2030	1	985
2	2030	0	985
2	2030	4	985
0	1970	5	986
1	2000	0	986
1	2000	3	986
1	2000	3	986
1	2000	6	986
1	2000	2	986
2	2030	4	986
2	2030	1	986
2	2030	0	986
2	2030	4	986
2	2030	0	986
2	2030	1	986
2	2030	6	986
2	2030	0	986
2	2030	1	986
2	2030	2	986
2	2030	0	986
2	2030	1	986
2	2030	3	986
2	2030	3	986
0	1970	2	987
1	2000	3	987
1	2000	3	987
2	2030	5	987
2	2030	0	987
2	2030	0	987
2	2030	0	987
2	2030	3	987
2	2030	4	987
0	1970	0	988
0	1970	2	988
1	2000	3	988
1	2000	1	988
2	2030	0	988
2	2030	1	988
2	2030	0	988
2	2030	3	988
0	1970	2	989
0	1970	1	989
1	2000	2	989
1	2000	1	989
1	2000	5	989
2	2030	0	989
2	2030	2	989
2	2030	0	989
2	2030	0	989
2	2030	1	989
2	2030	2	989
2	2030	1	989
2	2030	2	989
0	1970	6	990
1	2000	2	990
1	2000	20	990
1	2000	4	990
1	2000	4	990
1	2000	8	990
1	2000	1	990
2	2030	2	990
2	2030	3	990
2	2030	1	990
2	2030	3	990
2	2030	3	990
2	2030	1	990
2	2030	4	990
2	2030	2	990
2	2030	0	990
2	2030	1	990
2	2030	0	990
2	2030	3	990
2	2030	0	990
2	2030	1	990
2	2030	2	990
2	2030	2	990
2	2030	4	990
2	2030	2	990
2	2030	1	990
2	2030	3	990
2	2030	0	990
2	2030	4	990
2	2030	1	990
2	2030	0	990
2	2030	0	990
2	2030	2	990
2	2030	1	990
2	2030	7	990
2	2030	0	990
2	2030	3	990
2	2030	1	990
2	2030	0	990
2	2030	0	990
2	2030	0	990
2	2030	1	990
2	2030	0	990
2	2030	3	990
2	2030	6	990
2	2030	0	990
0	1970	6	991
1	2000	4	991
1	2000	6	991
1	2000	2	991
1	2000	2	991
1	2000	2	991
1	2000	2	991
2	2030	0	991
2	2030	1	991
2	2030	3	991
2	2030	0	991
2	2030	3	991
2	2030	4	991
2	2030	2	991
2	2030	0	991
2	2030	2	991
2	2030	4	991
2	2030	0	991
2	2030	0	991
2	2030	1	991
2	2030	0	991
2	2030	0	991
2	2030	0	991
2	2030	2	991
2	2030	0	991
0	1970	6	992
1	2000	0	992
1	2000	1	992
1	2000	1	992
1	2000	2	992
1	2000	0	992
1	2000	0	992
2	2030	4	992
2	2030	0	992
2	2030	4	992
2	2030	1	992
0	1970	1	993
1	2000	2	993
1	2000	1	993
2	2030	0	993
2	2030	1	993
2	2030	1	993
0	1970	2	994
1	2000	8	994
1	2000	1	994
2	2030	2	994
2	2030	2	994
2	2030	0	994
2	2030	3	994
2	2030	0	994
2	2030	2	994
2	2030	1	994
2	2030	5	994
2	2030	0	994
0	1970	1	995
0	1970	6	995
1	2000	2	995
1	2000	2	995
1	2000	9	995
1	2000	9	995
1	2000	2	995
1	2000	11	995
1	2000	1	995
2	2030	2	995
2	2030	1	995
2	2030	2	995
2	2030	0	995
2	2030	0	995
2	2030	2	995
2	2030	3	995
2	2030	0	995
2	2030	0	995
2	2030	0	995
2	2030	0	995
2	2030	1	995
2	2030	4	995
2	2030	0	995
2	2030	1	995
2	2030	2	995
2	2030	3	995
2	2030	3	995
2	2030	2	995
2	2030	1	995
2	2030	2	995
2	2030	3	995
2	2030	1	995
2	2030	0	995
2	2030	0	995
2	2030	2	995
2	2030	1	995
0	1970	6	996
1	2000	6	996
1	2000	0	996
1	2000	4	996
1	2000	3	996
1	2000	5	996
1	2000	11	996
2	2030	0	996
2	2030	0	996
2	2030	0	996
2	2030	2	996
2	2030	2	996
2	2030	1	996
2	2030	4	996
2	2030	2	996
2	2030	3	996
2	2030	0	996
2	2030	1	996
2	2030	0	996
2	2030	0	996
2	2030	3	996
2	2030	0	996
2	2030	0	996
2	2030	2	996
2	2030	2	996
2	2030	1	996
2	2030	3	996
2	2030	1	996
2	2030	2	996
2	2030	1	996
2	2030	4	996
2	2030	0	996
2	2030	0	996
2	2030	0	996
2	2030	0	996
2	2030	0	996
0	1970	2	997
1	2000	5	997
1	2000	2	997
2	2030	4	997
2	2030	2	997
2	2030	0	997
2	2030	0	997
2	2030	1	997
2	2030	0	997
2	2030	3	997
0	1970	4	998
0	1970	1	998
1	2000	1	998
1	2000	8	998
1	2000	3	998
1	2000	3	998
1	2000	1	998
2	2030	3	998
2	2030	2	998
2	2030	1	998
2	2030	1	998
2	2030	0	998
2	2030	0	998
2	2030	0	998
2	2030	0	998
2	2030	1	998
2	2030	3	998
2	2030	4	998
2	2030	0	998
2	2030	2	998
0	1970	3	999
1	2000	1	999
1	2000	3	999
1	2000	5	999
2	2030	5	999
2	2030	1	999
2	2030	2	999
2	2030	1	999
2	2030	1	999
2	2030	2	999
2	2030	1	999
2	2030	0	999
2	2030	3	999
0	1970	1	1000
1	2000	2	1000
2	2030	4	1000
2	2030	8	1000
0	1970	2	1001
1	2000	0	1001
1	2000	2	1001
2	2030	0	1001
2	2030	4	1001
0	1970	1	1002
1	2000	3	1002
2	2030	0	1002
2	2030	0	1002
2	2030	1	1002
0	1970	3	1003
0	1970	7	1003
1	2000	2	1003
1	2000	6	1003
1	2000	1	1003
1	2000	0	1003
1	2000	4	1003
1	2000	1	1003
1	2000	4	1003
1	2000	1	1003
1	2000	0	1003
1	2000	0	1003
2	2030	3	1003
2	2030	5	1003
2	2030	0	1003
2	2030	2	1003
2	2030	0	1003
2	2030	1	1003
2	2030	2	1003
2	2030	4	1003
2	2030	0	1003
2	2030	0	1003
2	2030	2	1003
2	2030	4	1003
2	2030	4	1003
2	2030	3	1003
2	2030	1	1003
0	1970	4	1004
1	2000	2	1004
1	2000	5	1004
1	2000	1	1004
1	2000	1	1004
2	2030	0	1004
2	2030	2	1004
2	2030	0	1004
2	2030	1	1004
2	2030	2	1004
2	2030	1	1004
2	2030	2	1004
2	2030	0	1004
2	2030	1	1004
0	1970	4	1005
1	2000	2	1005
1	2000	1	1005
1	2000	0	1005
1	2000	2	1005
2	2030	1	1005
2	2030	0	1005
2	2030	0	1005
2	2030	2	1005
2	2030	0	1005
0	1970	1	1006
1	2000	10	1006
2	2030	0	1006
2	2030	3	1006
2	2030	2	1006
2	2030	1	1006
2	2030	8	1006
2	2030	1	1006
2	2030	1	1006
2	2030	2	1006
2	2030	1	1006
2	2030	0	1006
0	1970	10	1007
1	2000	1	1007
1	2000	1	1007
1	2000	0	1007
1	2000	0	1007
1	2000	3	1007
1	2000	4	1007
1	2000	0	1007
1	2000	0	1007
1	2000	1	1007
1	2000	0	1007
2	2030	2	1007
2	2030	0	1007
2	2030	2	1007
2	2030	0	1007
2	2030	0	1007
2	2030	2	1007
2	2030	2	1007
2	2030	2	1007
2	2030	0	1007
2	2030	0	1007
0	1970	3	1008
1	2000	0	1008
1	2000	2	1008
1	2000	1	1008
2	2030	0	1008
2	2030	0	1008
2	2030	6	1008
0	1970	1	1009
1	2000	2	1009
2	2030	0	1009
2	2030	1	1009
0	1970	8	1010
1	2000	3	1010
1	2000	2	1010
1	2000	5	1010
1	2000	1	1010
1	2000	1	1010
1	2000	0	1010
1	2000	3	1010
1	2000	0	1010
2	2030	1	1010
2	2030	2	1010
2	2030	2	1010
2	2030	0	1010
2	2030	2	1010
2	2030	2	1010
2	2030	1	1010
2	2030	1	1010
2	2030	2	1010
2	2030	1	1010
2	2030	2	1010
2	2030	4	1010
2	2030	1	1010
2	2030	0	1010
2	2030	2	1010
0	1970	13	1011
1	2000	4	1011
1	2000	12	1011
1	2000	6	1011
1	2000	5	1011
1	2000	2	1011
1	2000	11	1011
1	2000	2	1011
1	2000	0	1011
1	2000	3	1011
1	2000	1	1011
1	2000	5	1011
1	2000	5	1011
1	2000	5	1011
2	2030	3	1011
2	2030	0	1011
2	2030	0	1011
2	2030	1	1011
2	2030	0	1011
2	2030	0	1011
2	2030	1	1011
2	2030	0	1011
2	2030	1	1011
2	2030	0	1011
2	2030	0	1011
2	2030	0	1011
2	2030	1	1011
2	2030	0	1011
2	2030	2	1011
2	2030	3	1011
2	2030	3	1011
2	2030	1	1011
2	2030	0	1011
2	2030	0	1011
2	2030	1	1011
2	2030	2	1011
2	2030	2	1011
2	2030	2	1011
2	2030	2	1011
2	2030	0	1011
2	2030	1	1011
2	2030	4	1011
2	2030	0	1011
2	2030	2	1011
2	2030	2	1011
2	2030	3	1011
2	2030	1	1011
2	2030	1	1011
2	2030	0	1011
2	2030	0	1011
2	2030	1	1011
2	2030	1	1011
2	2030	0	1011
2	2030	4	1011
2	2030	2	1011
2	2030	0	1011
2	2030	2	1011
2	2030	3	1011
2	2030	0	1011
2	2030	3	1011
2	2030	2	1011
2	2030	1	1011
2	2030	2	1011
2	2030	1	1011
2	2030	0	1011
2	2030	1	1011
2	2030	0	1011
2	2030	4	1011
2	2030	2	1011
2	2030	1	1011
2	2030	5	1011
2	2030	2	1011
2	2030	1	1011
2	2030	1	1011
2	2030	1	1011
0	1970	5	1012
1	2000	2	1012
1	2000	7	1012
1	2000	0	1012
1	2000	3	1012
1	2000	3	1012
2	2030	0	1012
2	2030	2	1012
2	2030	0	1012
2	2030	3	1012
2	2030	1	1012
2	2030	0	1012
2	2030	1	1012
2	2030	1	1012
2	2030	0	1012
2	2030	2	1012
2	2030	4	1012
2	2030	1	1012
2	2030	0	1012
2	2030	2	1012
2	2030	0	1012
0	1970	6	1013
1	2000	1	1013
1	2000	0	1013
1	2000	1	1013
1	2000	4	1013
1	2000	0	1013
1	2000	0	1013
2	2030	0	1013
2	2030	1	1013
2	2030	2	1013
2	2030	1	1013
2	2030	0	1013
2	2030	6	1013
0	1970	2	1014
1	2000	1	1014
1	2000	0	1014
2	2030	0	1014
0	1970	5	1015
1	2000	3	1015
1	2000	3	1015
1	2000	1	1015
1	2000	1	1015
1	2000	1	1015
2	2030	0	1015
2	2030	8	1015
2	2030	0	1015
2	2030	0	1015
2	2030	0	1015
2	2030	0	1015
2	2030	0	1015
2	2030	3	1015
2	2030	1	1015
0	1970	3	1016
1	2000	1	1016
1	2000	6	1016
1	2000	0	1016
2	2030	1	1016
2	2030	1	1016
2	2030	1	1016
2	2030	3	1016
2	2030	0	1016
2	2030	2	1016
2	2030	0	1016
0	1970	3	1017
1	2000	5	1017
1	2000	1	1017
1	2000	1	1017
2	2030	0	1017
2	2030	1	1017
2	2030	3	1017
2	2030	2	1017
2	2030	1	1017
2	2030	1	1017
2	2030	3	1017
0	1970	2	1018
1	2000	4	1018
1	2000	0	1018
2	2030	2	1018
2	2030	2	1018
2	2030	3	1018
2	2030	2	1018
0	1970	5	1019
1	2000	1	1019
1	2000	5	1019
1	2000	1	1019
1	2000	2	1019
1	2000	1	1019
2	2030	2	1019
2	2030	2	1019
2	2030	0	1019
2	2030	0	1019
2	2030	0	1019
2	2030	1	1019
2	2030	0	1019
2	2030	0	1019
2	2030	7	1019
2	2030	1	1019
0	1970	2	1020
1	2000	8	1020
1	2000	4	1020
2	2030	2	1020
2	2030	8	1020
2	2030	0	1020
2	2030	0	1020
2	2030	3	1020
2	2030	0	1020
2	2030	1	1020
2	2030	0	1020
2	2030	0	1020
2	2030	1	1020
2	2030	0	1020
2	2030	2	1020
0	1970	1	1021
1	2000	2	1021
2	2030	0	1021
2	2030	1	1021
0	1970	1	1022
1	2000	2	1022
2	2030	2	1022
2	2030	0	1022
0	1970	5	1023
1	2000	2	1023
1	2000	2	1023
1	2000	0	1023
1	2000	1	1023
1	2000	0	1023
2	2030	0	1023
2	2030	6	1023
2	2030	2	1023
2	2030	3	1023
2	2030	1	1023
0	1970	4	1024
1	2000	1	1024
1	2000	0	1024
1	2000	1	1024
1	2000	0	1024
2	2030	2	1024
2	2030	1	1024
0	1970	7	1025
1	2000	4	1025
1	2000	3	1025
1	2000	2	1025
1	2000	4	1025
1	2000	5	1025
1	2000	0	1025
1	2000	1	1025
2	2030	1	1025
2	2030	7	1025
2	2030	0	1025
2	2030	1	1025
2	2030	1	1025
2	2030	0	1025
2	2030	7	1025
2	2030	1	1025
2	2030	2	1025
2	2030	0	1025
2	2030	1	1025
2	2030	1	1025
2	2030	0	1025
2	2030	0	1025
2	2030	0	1025
2	2030	1	1025
2	2030	2	1025
2	2030	0	1025
2	2030	2	1025
0	1970	1	1026
1	2000	2	1026
2	2030	0	1026
2	2030	1	1026
0	1970	8	1027
1	2000	2	1027
1	2000	6	1027
1	2000	2	1027
1	2000	5	1027
1	2000	0	1027
1	2000	5	1027
1	2000	6	1027
1	2000	2	1027
2	2030	2	1027
2	2030	0	1027
2	2030	18	1027
2	2030	2	1027
2	2030	11	1027
2	2030	2	1027
2	2030	1	1027
2	2030	3	1027
2	2030	1	1027
2	2030	2	1027
2	2030	0	1027
2	2030	2	1027
2	2030	1	1027
2	2030	1	1027
2	2030	1	1027
2	2030	0	1027
2	2030	0	1027
2	2030	1	1027
2	2030	3	1027
2	2030	2	1027
2	2030	1	1027
2	2030	0	1027
2	2030	3	1027
2	2030	0	1027
2	2030	1	1027
2	2030	2	1027
2	2030	0	1027
2	2030	1	1027
0	1970	1	1028
1	2000	1	1028
2	2030	0	1028
0	1970	0	1029
0	1970	3	1029
1	2000	5	1029
1	2000	2	1029
1	2000	2	1029
2	2030	0	1029
2	2030	0	1029
2	2030	2	1029
2	2030	4	1029
2	2030	0	1029
2	2030	1	1029
2	2030	0	1029
2	2030	0	1029
2	2030	0	1029
0	1970	8	1030
1	2000	1	1030
1	2000	6	1030
1	2000	2	1030
1	2000	1	1030
1	2000	2	1030
1	2000	4	1030
1	2000	0	1030
1	2000	0	1030
2	2030	0	1030
2	2030	3	1030
2	2030	1	1030
2	2030	0	1030
2	2030	2	1030
2	2030	1	1030
2	2030	0	1030
2	2030	1	1030
2	2030	0	1030
2	2030	3	1030
2	2030	0	1030
2	2030	3	1030
2	2030	0	1030
2	2030	1	1030
2	2030	0	1030
2	2030	5	1030
0	1970	1	1031
1	2000	3	1031
1	2000	2	1031
1	2000	2	1031
1	2000	2	1031
2	2030	0	1031
2	2030	0	1031
2	2030	7	1031
2	2030	7	1031
2	2030	0	1031
0	1970	3	1032
1	2000	1	1032
1	2000	0	1032
1	2000	1	1032
2	2030	1	1032
2	2030	2	1032
0	1970	4	1033
1	2000	3	1033
1	2000	1	1033
1	2000	2	1033
1	2000	4	1033
2	2030	2	1033
2	2030	0	1033
2	2030	1	1033
2	2030	1	1033
2	2030	0	1033
2	2030	0	1033
2	2030	0	1033
2	2030	0	1033
2	2030	0	1033
2	2030	3	1033
0	1970	5	1034
1	2000	2	1034
1	2000	0	1034
1	2000	8	1034
1	2000	11	1034
1	2000	1	1034
2	2030	1	1034
2	2030	1	1034
2	2030	1	1034
2	2030	0	1034
2	2030	6	1034
2	2030	1	1034
2	2030	0	1034
2	2030	0	1034
2	2030	0	1034
2	2030	4	1034
2	2030	0	1034
2	2030	3	1034
2	2030	0	1034
2	2030	4	1034
2	2030	3	1034
2	2030	3	1034
2	2030	1	1034
2	2030	1	1034
2	2030	1	1034
2	2030	1	1034
2	2030	8	1034
2	2030	1	1034
0	1970	4	1035
0	1970	1	1035
1	2000	0	1035
1	2000	1	1035
1	2000	0	1035
1	2000	9	1035
1	2000	9	1035
2	2030	0	1035
2	2030	2	1035
2	2030	0	1035
2	2030	1	1035
2	2030	2	1035
2	2030	0	1035
2	2030	1	1035
2	2030	0	1035
2	2030	1	1035
2	2030	2	1035
0	1970	2	1036
0	1970	3	1036
1	2000	1	1036
1	2000	4	1036
1	2000	2	1036
1	2000	3	1036
1	2000	2	1036
2	2030	8	1036
2	2030	0	1036
2	2030	4	1036
2	2030	0	1036
2	2030	0	1036
2	2030	0	1036
2	2030	0	1036
2	2030	2	1036
2	2030	4	1036
2	2030	2	1036
0	1970	3	1037
1	2000	3	1037
1	2000	3	1037
1	2000	5	1037
2	2030	0	1037
2	2030	0	1037
2	2030	1	1037
2	2030	1	1037
2	2030	0	1037
2	2030	0	1037
2	2030	1	1037
2	2030	3	1037
2	2030	2	1037
2	2030	4	1037
2	2030	5	1037
0	1970	14	1038
0	1970	6	1038
1	2000	2	1038
1	2000	3	1038
1	2000	1	1038
1	2000	1	1038
1	2000	6	1038
1	2000	1	1038
1	2000	3	1038
1	2000	1	1038
1	2000	1	1038
1	2000	6	1038
1	2000	3	1038
1	2000	4	1038
1	2000	1	1038
1	2000	6	1038
1	2000	3	1038
1	2000	1	1038
1	2000	0	1038
1	2000	16	1038
1	2000	3	1038
1	2000	0	1038
2	2030	1	1038
2	2030	1	1038
2	2030	1	1038
2	2030	7	1038
2	2030	1	1038
2	2030	1	1038
2	2030	0	1038
2	2030	6	1038
2	2030	1	1038
2	2030	0	1038
2	2030	4	1038
2	2030	5	1038
2	2030	0	1038
2	2030	0	1038
2	2030	0	1038
2	2030	1	1038
2	2030	5	1038
2	2030	1	1038
2	2030	0	1038
2	2030	0	1038
2	2030	2	1038
2	2030	0	1038
2	2030	4	1038
2	2030	1	1038
2	2030	0	1038
2	2030	0	1038
2	2030	3	1038
2	2030	0	1038
2	2030	0	1038
2	2030	2	1038
2	2030	0	1038
2	2030	2	1038
2	2030	1	1038
2	2030	0	1038
2	2030	11	1038
2	2030	5	1038
2	2030	1	1038
2	2030	0	1038
2	2030	1	1038
2	2030	3	1038
2	2030	2	1038
2	2030	2	1038
2	2030	4	1038
2	2030	1	1038
2	2030	1	1038
2	2030	0	1038
2	2030	2	1038
2	2030	6	1038
2	2030	0	1038
2	2030	2	1038
2	2030	2	1038
2	2030	11	1038
0	1970	3	1039
1	2000	0	1039
1	2000	5	1039
1	2000	1	1039
2	2030	1	1039
2	2030	0	1039
2	2030	4	1039
2	2030	0	1039
2	2030	1	1039
2	2030	1	1039
0	1970	6	1040
1	2000	0	1040
1	2000	0	1040
1	2000	1	1040
1	2000	5	1040
1	2000	0	1040
1	2000	0	1040
2	2030	0	1040
2	2030	0	1040
2	2030	0	1040
2	2030	4	1040
2	2030	1	1040
2	2030	2	1040
0	1970	2	1041
1	2000	1	1041
1	2000	2	1041
2	2030	1	1041
2	2030	0	1041
2	2030	0	1041
0	1970	2	1042
0	1970	2	1042
1	2000	0	1042
1	2000	1	1042
1	2000	1	1042
1	2000	3	1042
2	2030	3	1042
2	2030	0	1042
2	2030	1	1042
2	2030	0	1042
2	2030	5	1042
0	1970	7	1043
0	1970	3	1043
1	2000	2	1043
1	2000	1	1043
1	2000	5	1043
1	2000	2	1043
1	2000	2	1043
1	2000	9	1043
1	2000	0	1043
1	2000	1	1043
1	2000	9	1043
1	2000	5	1043
2	2030	5	1043
2	2030	0	1043
2	2030	5	1043
2	2030	5	1043
2	2030	0	1043
2	2030	1	1043
2	2030	4	1043
2	2030	2	1043
2	2030	5	1043
2	2030	1	1043
2	2030	0	1043
2	2030	1	1043
2	2030	0	1043
2	2030	1	1043
2	2030	4	1043
2	2030	0	1043
2	2030	2	1043
2	2030	4	1043
2	2030	1	1043
2	2030	5	1043
2	2030	3	1043
2	2030	1	1043
2	2030	0	1043
2	2030	4	1043
2	2030	0	1043
2	2030	1	1043
2	2030	1	1043
0	1970	4	1044
1	2000	2	1044
1	2000	0	1044
1	2000	1	1044
1	2000	1	1044
2	2030	0	1044
2	2030	4	1044
2	2030	1	1044
2	2030	3	1044
0	1970	2	1045
1	2000	0	1045
1	2000	3	1045
2	2030	1	1045
2	2030	1	1045
2	2030	1	1045
0	1970	5	1046
1	2000	0	1046
1	2000	2	1046
1	2000	4	1046
1	2000	2	1046
1	2000	0	1046
2	2030	0	1046
2	2030	0	1046
2	2030	2	1046
2	2030	0	1046
2	2030	2	1046
2	2030	1	1046
2	2030	4	1046
2	2030	2	1046
0	1970	7	1047
1	2000	6	1047
1	2000	0	1047
1	2000	7	1047
1	2000	2	1047
1	2000	1	1047
1	2000	0	1047
1	2000	1	1047
2	2030	0	1047
2	2030	0	1047
2	2030	0	1047
2	2030	1	1047
2	2030	0	1047
2	2030	1	1047
2	2030	4	1047
2	2030	4	1047
2	2030	1	1047
2	2030	1	1047
2	2030	1	1047
2	2030	0	1047
2	2030	1	1047
2	2030	2	1047
2	2030	0	1047
2	2030	0	1047
2	2030	0	1047
0	1970	2	1048
1	2000	6	1048
1	2000	1	1048
2	2030	0	1048
2	2030	3	1048
2	2030	3	1048
2	2030	2	1048
2	2030	0	1048
2	2030	0	1048
2	2030	0	1048
0	1970	4	1049
0	1970	0	1049
1	2000	2	1049
1	2000	1	1049
1	2000	1	1049
1	2000	2	1049
2	2030	0	1049
2	2030	0	1049
2	2030	2	1049
2	2030	1	1049
2	2030	0	1049
2	2030	3	1049
0	1970	3	1050
1	2000	3	1050
1	2000	8	1050
1	2000	0	1050
2	2030	0	1050
2	2030	1	1050
2	2030	1	1050
2	2030	1	1050
2	2030	0	1050
2	2030	0	1050
2	2030	1	1050
2	2030	1	1050
2	2030	1	1050
2	2030	1	1050
2	2030	1	1050
0	1970	5	1051
1	2000	8	1051
1	2000	2	1051
1	2000	1	1051
1	2000	3	1051
1	2000	6	1051
2	2030	1	1051
2	2030	1	1051
2	2030	1	1051
2	2030	0	1051
2	2030	0	1051
2	2030	0	1051
2	2030	3	1051
2	2030	1	1051
2	2030	1	1051
2	2030	0	1051
2	2030	4	1051
2	2030	2	1051
2	2030	8	1051
2	2030	2	1051
2	2030	0	1051
2	2030	0	1051
2	2030	7	1051
2	2030	2	1051
2	2030	3	1051
2	2030	1	1051
0	1970	3	1052
1	2000	2	1052
1	2000	1	1052
1	2000	4	1052
2	2030	2	1052
2	2030	1	1052
2	2030	4	1052
2	2030	0	1052
2	2030	2	1052
2	2030	1	1052
2	2030	0	1052
0	1970	1	1053
1	2000	9	1053
1	2000	9	1053
2	2030	2	1053
2	2030	1	1053
2	2030	3	1053
2	2030	2	1053
2	2030	3	1053
2	2030	1	1053
2	2030	2	1053
2	2030	3	1053
2	2030	2	1053
0	1970	7	1054
0	1970	0	1054
1	2000	1	1054
1	2000	1	1054
1	2000	2	1054
1	2000	1	1054
1	2000	2	1054
1	2000	2	1054
1	2000	1	1054
2	2030	0	1054
2	2030	0	1054
2	2030	2	1054
2	2030	2	1054
2	2030	1	1054
2	2030	3	1054
2	2030	1	1054
2	2030	0	1054
2	2030	2	1054
2	2030	1	1054
0	1970	5	1055
1	2000	1	1055
1	2000	3	1055
1	2000	1	1055
1	2000	1	1055
1	2000	1	1055
2	2030	0	1055
2	2030	1	1055
2	2030	2	1055
2	2030	0	1055
2	2030	1	1055
2	2030	2	1055
2	2030	2	1055
0	1970	4	1056
1	2000	3	1056
1	2000	2	1056
1	2000	1	1056
1	2000	0	1056
2	2030	0	1056
2	2030	1	1056
2	2030	0	1056
2	2030	0	1056
2	2030	2	1056
2	2030	0	1056
0	1970	4	1057
1	2000	2	1057
1	2000	0	1057
1	2000	3	1057
1	2000	4	1057
2	2030	0	1057
2	2030	0	1057
2	2030	2	1057
2	2030	1	1057
2	2030	5	1057
2	2030	2	1057
2	2030	2	1057
2	2030	0	1057
2	2030	1	1057
0	1970	8	1058
1	2000	4	1058
1	2000	5	1058
1	2000	1	1058
1	2000	2	1058
1	2000	1	1058
1	2000	3	1058
1	2000	3	1058
1	2000	3	1058
2	2030	4	1058
2	2030	0	1058
2	2030	0	1058
2	2030	0	1058
2	2030	1	1058
2	2030	2	1058
2	2030	1	1058
2	2030	2	1058
2	2030	0	1058
2	2030	1	1058
2	2030	1	1058
2	2030	3	1058
2	2030	4	1058
2	2030	0	1058
2	2030	3	1058
2	2030	1	1058
2	2030	1	1058
2	2030	0	1058
2	2030	0	1058
2	2030	2	1058
2	2030	1	1058
2	2030	1	1058
0	1970	1	1059
1	2000	1	1059
1	2000	1	1059
2	2030	1	1059
2	2030	1	1059
0	1970	21	1060
1	2000	1	1060
1	2000	2	1060
1	2000	6	1060
1	2000	4	1060
1	2000	4	1060
1	2000	1	1060
1	2000	1	1060
1	2000	2	1060
1	2000	8	1060
1	2000	2	1060
1	2000	2	1060
1	2000	1	1060
1	2000	4	1060
1	2000	11	1060
1	2000	3	1060
1	2000	4	1060
1	2000	0	1060
1	2000	5	1060
1	2000	0	1060
1	2000	9	1060
1	2000	3	1060
2	2030	0	1060
2	2030	1	1060
2	2030	0	1060
2	2030	1	1060
2	2030	0	1060
2	2030	1	1060
2	2030	0	1060
2	2030	2	1060
2	2030	4	1060
2	2030	0	1060
2	2030	2	1060
2	2030	0	1060
2	2030	3	1060
2	2030	3	1060
2	2030	2	1060
2	2030	1	1060
2	2030	0	1060
2	2030	1	1060
2	2030	2	1060
2	2030	3	1060
2	2030	2	1060
2	2030	2	1060
2	2030	6	1060
2	2030	1	1060
2	2030	3	1060
2	2030	2	1060
2	2030	3	1060
2	2030	2	1060
2	2030	1	1060
2	2030	0	1060
2	2030	1	1060
2	2030	1	1060
2	2030	1	1060
2	2030	2	1060
2	2030	3	1060
2	2030	1	1060
2	2030	0	1060
2	2030	1	1060
2	2030	0	1060
2	2030	1	1060
2	2030	3	1060
2	2030	0	1060
2	2030	5	1060
2	2030	5	1060
2	2030	1	1060
2	2030	0	1060
2	2030	0	1060
2	2030	0	1060
2	2030	1	1060
2	2030	1	1060
2	2030	1	1060
2	2030	3	1060
2	2030	0	1060
2	2030	1	1060
2	2030	2	1060
2	2030	1	1060
2	2030	3	1060
2	2030	1	1060
2	2030	1	1060
2	2030	0	1060
2	2030	1	1060
2	2030	1	1060
2	2030	3	1060
2	2030	4	1060
2	2030	1	1060
2	2030	0	1060
2	2030	0	1060
2	2030	2	1060
2	2030	0	1060
2	2030	0	1060
2	2030	2	1060
2	2030	2	1060
2	2030	0	1060
0	1970	1	1061
1	2000	8	1061
2	2030	1	1061
2	2030	1	1061
2	2030	2	1061
2	2030	0	1061
2	2030	1	1061
2	2030	1	1061
2	2030	1	1061
2	2030	2	1061
0	1970	5	1062
1	2000	0	1062
1	2000	2	1062
1	2000	1	1062
1	2000	0	1062
1	2000	8	1062
2	2030	3	1062
2	2030	3	1062
2	2030	1	1062
2	2030	0	1062
2	2030	4	1062
2	2030	2	1062
2	2030	1	1062
2	2030	0	1062
2	2030	1	1062
2	2030	0	1062
2	2030	0	1062
0	1970	14	1063
1	2000	1	1063
1	2000	2	1063
1	2000	4	1063
1	2000	4	1063
1	2000	1	1063
1	2000	2	1063
1	2000	2	1063
1	2000	2	1063
1	2000	2	1063
1	2000	0	1063
1	2000	0	1063
1	2000	1	1063
1	2000	4	1063
1	2000	1	1063
2	2030	1	1063
2	2030	6	1063
2	2030	7	1063
2	2030	2	1063
2	2030	1	1063
2	2030	2	1063
2	2030	4	1063
2	2030	2	1063
2	2030	0	1063
2	2030	1	1063
2	2030	3	1063
2	2030	1	1063
2	2030	1	1063
2	2030	2	1063
2	2030	0	1063
2	2030	0	1063
2	2030	0	1063
2	2030	0	1063
2	2030	1	1063
2	2030	0	1063
2	2030	3	1063
2	2030	2	1063
2	2030	0	1063
2	2030	3	1063
2	2030	0	1063
2	2030	1	1063
0	1970	3	1064
1	2000	2	1064
1	2000	4	1064
1	2000	3	1064
2	2030	5	1064
2	2030	0	1064
2	2030	0	1064
2	2030	3	1064
2	2030	4	1064
2	2030	2	1064
2	2030	1	1064
2	2030	1	1064
2	2030	0	1064
0	1970	9	1065
1	2000	0	1065
1	2000	1	1065
1	2000	0	1065
1	2000	0	1065
1	2000	4	1065
1	2000	3	1065
1	2000	1	1065
1	2000	9	1065
1	2000	1	1065
2	2030	0	1065
2	2030	2	1065
2	2030	1	1065
2	2030	1	1065
2	2030	0	1065
2	2030	0	1065
2	2030	6	1065
2	2030	2	1065
2	2030	0	1065
2	2030	0	1065
2	2030	1	1065
2	2030	0	1065
2	2030	3	1065
2	2030	2	1065
2	2030	0	1065
2	2030	3	1065
2	2030	2	1065
2	2030	1	1065
2	2030	3	1065
0	1970	3	1066
1	2000	0	1066
1	2000	12	1066
1	2000	5	1066
2	2030	1	1066
2	2030	4	1066
2	2030	1	1066
2	2030	2	1066
2	2030	4	1066
2	2030	0	1066
2	2030	2	1066
2	2030	5	1066
2	2030	4	1066
2	2030	0	1066
2	2030	0	1066
2	2030	2	1066
2	2030	6	1066
2	2030	3	1066
2	2030	1	1066
2	2030	0	1066
2	2030	2	1066
0	1970	2	1067
1	2000	2	1067
1	2000	2	1067
2	2030	0	1067
2	2030	1	1067
2	2030	2	1067
2	2030	2	1067
0	1970	5	1068
1	2000	2	1068
1	2000	0	1068
1	2000	4	1068
1	2000	1	1068
1	2000	0	1068
2	2030	1	1068
2	2030	2	1068
2	2030	0	1068
2	2030	0	1068
2	2030	0	1068
2	2030	1	1068
2	2030	0	1068
0	1970	1	1069
0	1970	5	1069
1	2000	8	1069
1	2000	8	1069
1	2000	4	1069
1	2000	0	1069
1	2000	1	1069
1	2000	6	1069
2	2030	0	1069
2	2030	0	1069
2	2030	3	1069
2	2030	4	1069
2	2030	0	1069
2	2030	3	1069
2	2030	0	1069
2	2030	3	1069
2	2030	10	1069
2	2030	0	1069
2	2030	10	1069
2	2030	0	1069
2	2030	1	1069
2	2030	0	1069
2	2030	0	1069
2	2030	1	1069
2	2030	0	1069
2	2030	2	1069
2	2030	3	1069
0	1970	5	1070
1	2000	3	1070
1	2000	0	1070
1	2000	1	1070
1	2000	7	1070
1	2000	2	1070
2	2030	0	1070
2	2030	3	1070
2	2030	0	1070
2	2030	0	1070
2	2030	0	1070
2	2030	1	1070
2	2030	1	1070
2	2030	0	1070
2	2030	0	1070
2	2030	0	1070
2	2030	2	1070
2	2030	0	1070
2	2030	1	1070
0	1970	5	1071
1	2000	0	1071
1	2000	1	1071
1	2000	0	1071
1	2000	3	1071
1	2000	1	1071
2	2030	1	1071
2	2030	2	1071
2	2030	0	1071
2	2030	0	1071
2	2030	0	1071
0	1970	3	1072
0	1970	8	1072
1	2000	1	1072
1	2000	1	1072
1	2000	1	1072
1	2000	1	1072
1	2000	3	1072
1	2000	0	1072
1	2000	16	1072
1	2000	1	1072
1	2000	16	1072
1	2000	4	1072
1	2000	0	1072
2	2030	1	1072
2	2030	2	1072
2	2030	1	1072
2	2030	3	1072
2	2030	1	1072
2	2030	3	1072
2	2030	1	1072
2	2030	1	1072
2	2030	3	1072
2	2030	2	1072
2	2030	2	1072
2	2030	6	1072
2	2030	1	1072
2	2030	0	1072
2	2030	2	1072
2	2030	6	1072
2	2030	2	1072
2	2030	6	1072
2	2030	1	1072
2	2030	1	1072
2	2030	1	1072
2	2030	3	1072
2	2030	8	1072
2	2030	1	1072
2	2030	0	1072
2	2030	1	1072
2	2030	0	1072
0	1970	3	1073
1	2000	1	1073
1	2000	3	1073
1	2000	6	1073
2	2030	0	1073
2	2030	2	1073
2	2030	2	1073
2	2030	0	1073
2	2030	3	1073
2	2030	5	1073
2	2030	0	1073
2	2030	1	1073
2	2030	1	1073
2	2030	0	1073
0	1970	4	1074
1	2000	2	1074
1	2000	1	1074
1	2000	4	1074
1	2000	0	1074
2	2030	1	1074
2	2030	1	1074
2	2030	0	1074
2	2030	1	1074
2	2030	0	1074
2	2030	1	1074
2	2030	8	1074
0	1970	1	1075
1	2000	2	1075
1	2000	3	1075
2	2030	0	1075
2	2030	6	1075
2	2030	0	1075
2	2030	6	1075
2	2030	0	1075
0	1970	7	1076
1	2000	2	1076
1	2000	0	1076
1	2000	4	1076
1	2000	0	1076
1	2000	5	1076
1	2000	5	1076
1	2000	5	1076
2	2030	0	1076
2	2030	0	1076
2	2030	2	1076
2	2030	0	1076
2	2030	7	1076
2	2030	3	1076
2	2030	1	1076
2	2030	3	1076
2	2030	3	1076
2	2030	2	1076
2	2030	0	1076
2	2030	2	1076
2	2030	0	1076
2	2030	2	1076
2	2030	5	1076
2	2030	2	1076
2	2030	3	1076
2	2030	0	1076
2	2030	2	1076
2	2030	2	1076
2	2030	2	1076
0	1970	1	1077
1	2000	1	1077
1	2000	3	1077
2	2030	1	1077
2	2030	3	1077
2	2030	1	1077
2	2030	1	1077
0	1970	1	1078
0	1970	0	1078
1	2000	8	1078
2	2030	4	1078
2	2030	1	1078
2	2030	0	1078
2	2030	3	1078
2	2030	0	1078
2	2030	1	1078
2	2030	3	1078
2	2030	0	1078
0	1970	1	1079
1	2000	5	1079
2	2030	0	1079
2	2030	1	1079
2	2030	2	1079
2	2030	1	1079
2	2030	2	1079
0	1970	5	1080
1	2000	4	1080
1	2000	0	1080
1	2000	1	1080
1	2000	1	1080
1	2000	2	1080
2	2030	1	1080
2	2030	4	1080
2	2030	1	1080
2	2030	0	1080
2	2030	0	1080
2	2030	0	1080
2	2030	7	1080
2	2030	1	1080
0	1970	11	1081
1	2000	2	1081
1	2000	3	1081
1	2000	5	1081
1	2000	1	1081
1	2000	2	1081
1	2000	2	1081
1	2000	0	1081
1	2000	1	1081
1	2000	1	1081
1	2000	3	1081
1	2000	6	1081
2	2030	1	1081
2	2030	4	1081
2	2030	1	1081
2	2030	3	1081
2	2030	2	1081
2	2030	2	1081
2	2030	2	1081
2	2030	4	1081
2	2030	1	1081
2	2030	4	1081
2	2030	0	1081
2	2030	0	1081
2	2030	1	1081
2	2030	1	1081
2	2030	2	1081
2	2030	2	1081
2	2030	1	1081
2	2030	1	1081
2	2030	1	1081
2	2030	4	1081
2	2030	2	1081
2	2030	0	1081
2	2030	0	1081
2	2030	4	1081
2	2030	2	1081
2	2030	3	1081
0	1970	3	1082
0	1970	1	1082
1	2000	1	1082
1	2000	3	1082
1	2000	1	1082
1	2000	4	1082
2	2030	2	1082
2	2030	3	1082
2	2030	0	1082
2	2030	1	1082
2	2030	3	1082
2	2030	1	1082
2	2030	0	1082
2	2030	6	1082
2	2030	3	1082
0	1970	1	1083
1	2000	4	1083
1	2000	4	1083
2	2030	1	1083
2	2030	2	1083
2	2030	2	1083
2	2030	0	1083
0	1970	1	1084
1	2000	5	1084
2	2030	0	1084
2	2030	1	1084
2	2030	0	1084
2	2030	0	1084
2	2030	0	1084
0	1970	3	1085
1	2000	2	1085
1	2000	0	1085
1	2000	0	1085
2	2030	0	1085
2	2030	0	1085
0	1970	1	1086
0	1970	5	1086
1	2000	2	1086
1	2000	0	1086
1	2000	7	1086
1	2000	0	1086
1	2000	4	1086
1	2000	2	1086
2	2030	5	1086
2	2030	1	1086
2	2030	1	1086
2	2030	2	1086
2	2030	1	1086
2	2030	1	1086
2	2030	0	1086
2	2030	5	1086
2	2030	3	1086
2	2030	3	1086
2	2030	1	1086
2	2030	1	1086
2	2030	0	1086
2	2030	1	1086
2	2030	1	1086
0	1970	4	1087
1	2000	1	1087
1	2000	6	1087
1	2000	3	1087
1	2000	2	1087
2	2030	0	1087
2	2030	0	1087
2	2030	3	1087
2	2030	4	1087
2	2030	0	1087
2	2030	3	1087
2	2030	1	1087
2	2030	1	1087
2	2030	2	1087
2	2030	1	1087
2	2030	3	1087
2	2030	6	1087
0	1970	7	1088
1	2000	1	1088
1	2000	0	1088
1	2000	1	1088
1	2000	3	1088
1	2000	5	1088
1	2000	2	1088
1	2000	5	1088
2	2030	3	1088
2	2030	0	1088
2	2030	1	1088
2	2030	1	1088
2	2030	4	1088
2	2030	3	1088
2	2030	0	1088
2	2030	1	1088
2	2030	0	1088
2	2030	2	1088
2	2030	0	1088
2	2030	5	1088
2	2030	2	1088
2	2030	1	1088
2	2030	1	1088
2	2030	2	1088
2	2030	1	1088
0	1970	1	1089
1	2000	12	1089
1	2000	12	1089
2	2030	2	1089
2	2030	0	1089
2	2030	0	1089
2	2030	0	1089
2	2030	8	1089
2	2030	1	1089
2	2030	1	1089
2	2030	2	1089
2	2030	3	1089
2	2030	1	1089
2	2030	0	1089
2	2030	8	1089
0	1970	6	1090
1	2000	1	1090
1	2000	0	1090
1	2000	9	1090
1	2000	0	1090
1	2000	1	1090
1	2000	2	1090
2	2030	3	1090
2	2030	0	1090
2	2030	1	1090
2	2030	3	1090
2	2030	0	1090
2	2030	2	1090
2	2030	1	1090
2	2030	3	1090
2	2030	0	1090
2	2030	0	1090
2	2030	0	1090
2	2030	1	1090
2	2030	0	1090
0	1970	2	1091
1	2000	7	1091
1	2000	4	1091
2	2030	1	1091
2	2030	4	1091
2	2030	1	1091
2	2030	4	1091
2	2030	0	1091
2	2030	1	1091
2	2030	1	1091
2	2030	1	1091
2	2030	9	1091
2	2030	1	1091
2	2030	2	1091
0	1970	1	1092
1	2000	4	1092
2	2030	0	1092
2	2030	1	1092
2	2030	0	1092
2	2030	6	1092
0	1970	2	1093
1	2000	0	1093
1	2000	1	1093
2	2030	2	1093
0	1970	3	1094
1	2000	2	1094
1	2000	2	1094
1	2000	4	1094
2	2030	11	1094
2	2030	0	1094
2	2030	1	1094
2	2030	0	1094
2	2030	0	1094
2	2030	2	1094
2	2030	1	1094
2	2030	7	1094
0	1970	10	1095
1	2000	3	1095
1	2000	0	1095
1	2000	4	1095
1	2000	4	1095
1	2000	2	1095
1	2000	0	1095
1	2000	4	1095
1	2000	7	1095
1	2000	1	1095
1	2000	1	1095
2	2030	2	1095
2	2030	0	1095
2	2030	0	1095
2	2030	0	1095
2	2030	3	1095
2	2030	0	1095
2	2030	1	1095
2	2030	1	1095
2	2030	0	1095
2	2030	3	1095
2	2030	1	1095
2	2030	1	1095
2	2030	0	1095
2	2030	0	1095
2	2030	0	1095
2	2030	0	1095
2	2030	3	1095
2	2030	0	1095
2	2030	2	1095
2	2030	0	1095
2	2030	0	1095
2	2030	1	1095
2	2030	0	1095
2	2030	1	1095
2	2030	0	1095
2	2030	2	1095
0	1970	1	1096
1	2000	1	1096
2	2030	0	1096
0	1970	3	1097
1	2000	1	1097
1	2000	0	1097
1	2000	3	1097
2	2030	1	1097
2	2030	4	1097
2	2030	1	1097
2	2030	1	1097
0	1970	5	1098
0	1970	5	1098
1	2000	1	1098
1	2000	0	1098
1	2000	12	1098
1	2000	4	1098
1	2000	3	1098
1	2000	4	1098
1	2000	12	1098
1	2000	4	1098
1	2000	4	1098
1	2000	5	1098
2	2030	0	1098
2	2030	5	1098
2	2030	1	1098
2	2030	0	1098
2	2030	0	1098
2	2030	0	1098
2	2030	0	1098
2	2030	0	1098
2	2030	0	1098
2	2030	5	1098
2	2030	3	1098
2	2030	1	1098
2	2030	3	1098
2	2030	1	1098
2	2030	8	1098
2	2030	1	1098
2	2030	3	1098
2	2030	5	1098
2	2030	5	1098
2	2030	0	1098
2	2030	2	1098
2	2030	2	1098
2	2030	3	1098
2	2030	1	1098
2	2030	4	1098
2	2030	0	1098
2	2030	2	1098
2	2030	2	1098
2	2030	2	1098
0	1970	22	1099
0	1970	1	1099
1	2000	4	1099
1	2000	3	1099
1	2000	0	1099
1	2000	9	1099
1	2000	2	1099
1	2000	1	1099
1	2000	6	1099
1	2000	1	1099
1	2000	4	1099
1	2000	4	1099
1	2000	0	1099
1	2000	7	1099
1	2000	2	1099
1	2000	4	1099
1	2000	7	1099
1	2000	6	1099
1	2000	5	1099
1	2000	0	1099
1	2000	4	1099
1	2000	1	1099
1	2000	0	1099
1	2000	3	1099
1	2000	4	1099
2	2030	1	1099
2	2030	1	1099
2	2030	3	1099
2	2030	1	1099
2	2030	1	1099
2	2030	2	1099
2	2030	0	1099
2	2030	0	1099
2	2030	1	1099
2	2030	2	1099
2	2030	0	1099
2	2030	2	1099
2	2030	2	1099
2	2030	0	1099
2	2030	6	1099
2	2030	3	1099
2	2030	1	1099
2	2030	0	1099
2	2030	6	1099
2	2030	0	1099
2	2030	1	1099
2	2030	0	1099
2	2030	2	1099
2	2030	0	1099
2	2030	3	1099
2	2030	1	1099
2	2030	1	1099
2	2030	0	1099
2	2030	1	1099
2	2030	11	1099
2	2030	0	1099
2	2030	2	1099
2	2030	0	1099
2	2030	6	1099
2	2030	6	1099
2	2030	1	1099
2	2030	1	1099
2	2030	0	1099
2	2030	1	1099
2	2030	1	1099
2	2030	1	1099
2	2030	3	1099
2	2030	0	1099
2	2030	0	1099
2	2030	0	1099
2	2030	2	1099
2	2030	3	1099
2	2030	1	1099
2	2030	0	1099
2	2030	1	1099
2	2030	3	1099
2	2030	1	1099
2	2030	2	1099
2	2030	3	1099
2	2030	0	1099
2	2030	0	1099
2	2030	0	1099
2	2030	0	1099
2	2030	4	1099
2	2030	1	1099
2	2030	0	1099
2	2030	1	1099
2	2030	2	1099
2	2030	1	1099
2	2030	2	1099
2	2030	2	1099
2	2030	3	1099
2	2030	3	1099
2	2030	3	1099
2	2030	3	1099
2	2030	6	1099
2	2030	2	1099
2	2030	0	1099
2	2030	1	1099
2	2030	4	1099
2	2030	0	1099
2	2030	1	1099
0	1970	6	1100
1	2000	2	1100
1	2000	5	1100
1	2000	3	1100
1	2000	0	1100
1	2000	0	1100
1	2000	5	1100
2	2030	3	1100
2	2030	4	1100
2	2030	1	1100
2	2030	1	1100
2	2030	3	1100
2	2030	3	1100
2	2030	2	1100
2	2030	1	1100
2	2030	0	1100
2	2030	1	1100
2	2030	1	1100
2	2030	0	1100
2	2030	3	1100
2	2030	2	1100
2	2030	3	1100
0	1970	1	1101
1	2000	2	1101
2	2030	1	1101
2	2030	4	1101
0	1970	11	1102
1	2000	1	1102
1	2000	3	1102
1	2000	1	1102
1	2000	1	1102
1	2000	1	1102
1	2000	4	1102
1	2000	3	1102
1	2000	0	1102
1	2000	1	1102
1	2000	3	1102
1	2000	5	1102
2	2030	2	1102
2	2030	4	1102
2	2030	5	1102
2	2030	2	1102
2	2030	0	1102
2	2030	1	1102
2	2030	0	1102
2	2030	0	1102
2	2030	0	1102
2	2030	0	1102
2	2030	0	1102
2	2030	1	1102
2	2030	2	1102
2	2030	0	1102
2	2030	1	1102
2	2030	1	1102
2	2030	0	1102
2	2030	0	1102
2	2030	1	1102
2	2030	0	1102
2	2030	1	1102
2	2030	3	1102
2	2030	0	1102
0	1970	4	1103
1	2000	5	1103
1	2000	1	1103
1	2000	0	1103
1	2000	3	1103
2	2030	1	1103
2	2030	2	1103
2	2030	2	1103
2	2030	1	1103
2	2030	0	1103
2	2030	1	1103
2	2030	0	1103
2	2030	0	1103
2	2030	0	1103
0	1970	2	1104
1	2000	1	1104
1	2000	0	1104
2	2030	1	1104
0	1970	2	1105
1	2000	5	1105
1	2000	2	1105
2	2030	0	1105
2	2030	1	1105
2	2030	10	1105
2	2030	0	1105
2	2030	2	1105
2	2030	3	1105
2	2030	3	1105
0	1970	0	1106
0	1970	12	1106
1	2000	5	1106
1	2000	2	1106
1	2000	1	1106
1	2000	3	1106
1	2000	2	1106
1	2000	4	1106
1	2000	1	1106
1	2000	4	1106
1	2000	6	1106
1	2000	7	1106
1	2000	0	1106
1	2000	5	1106
2	2030	1	1106
2	2030	2	1106
2	2030	5	1106
2	2030	1	1106
2	2030	2	1106
2	2030	1	1106
2	2030	0	1106
2	2030	1	1106
2	2030	0	1106
2	2030	0	1106
2	2030	1	1106
2	2030	1	1106
2	2030	2	1106
2	2030	3	1106
2	2030	0	1106
2	2030	1	1106
2	2030	1	1106
2	2030	0	1106
2	2030	6	1106
2	2030	4	1106
2	2030	1	1106
2	2030	2	1106
2	2030	0	1106
2	2030	1	1106
2	2030	0	1106
2	2030	2	1106
2	2030	3	1106
2	2030	3	1106
2	2030	3	1106
2	2030	2	1106
2	2030	0	1106
2	2030	3	1106
2	2030	1	1106
2	2030	7	1106
2	2030	1	1106
2	2030	0	1106
2	2030	0	1106
2	2030	3	1106
2	2030	1	1106
2	2030	2	1106
0	1970	8	1107
1	2000	8	1107
1	2000	2	1107
1	2000	0	1107
1	2000	5	1107
1	2000	5	1107
1	2000	1	1107
1	2000	0	1107
1	2000	5	1107
2	2030	1	1107
2	2030	3	1107
2	2030	0	1107
2	2030	0	1107
2	2030	1	1107
2	2030	2	1107
2	2030	1	1107
2	2030	2	1107
2	2030	0	1107
2	2030	0	1107
2	2030	1	1107
2	2030	0	1107
2	2030	2	1107
2	2030	1	1107
2	2030	4	1107
2	2030	2	1107
2	2030	0	1107
2	2030	2	1107
2	2030	0	1107
2	2030	2	1107
2	2030	0	1107
2	2030	2	1107
2	2030	0	1107
2	2030	0	1107
2	2030	0	1107
2	2030	0	1107
0	1970	10	1108
1	2000	1	1108
1	2000	0	1108
1	2000	2	1108
1	2000	1	1108
1	2000	0	1108
1	2000	2	1108
1	2000	2	1108
1	2000	3	1108
1	2000	0	1108
1	2000	2	1108
2	2030	0	1108
2	2030	3	1108
2	2030	3	1108
2	2030	0	1108
2	2030	1	1108
2	2030	2	1108
2	2030	1	1108
2	2030	1	1108
2	2030	0	1108
2	2030	3	1108
2	2030	0	1108
2	2030	2	1108
2	2030	4	1108
0	1970	2	1109
1	2000	13	1109
1	2000	0	1109
2	2030	1	1109
2	2030	1	1109
2	2030	2	1109
2	2030	0	1109
2	2030	1	1109
2	2030	0	1109
2	2030	2	1109
2	2030	0	1109
2	2030	2	1109
2	2030	4	1109
2	2030	3	1109
2	2030	1	1109
2	2030	0	1109
0	1970	5	1110
1	2000	1	1110
1	2000	0	1110
1	2000	7	1110
1	2000	2	1110
1	2000	5	1110
2	2030	0	1110
2	2030	2	1110
2	2030	0	1110
2	2030	0	1110
2	2030	0	1110
2	2030	0	1110
2	2030	0	1110
2	2030	3	1110
2	2030	1	1110
2	2030	6	1110
2	2030	0	1110
2	2030	0	1110
2	2030	0	1110
2	2030	2	1110
2	2030	0	1110
0	1970	4	1111
1	2000	0	1111
1	2000	0	1111
1	2000	2	1111
1	2000	5	1111
2	2030	1	1111
2	2030	0	1111
2	2030	2	1111
2	2030	6	1111
2	2030	0	1111
2	2030	3	1111
2	2030	0	1111
0	1970	1	1112
1	2000	6	1112
2	2030	1	1112
2	2030	2	1112
2	2030	0	1112
2	2030	2	1112
2	2030	3	1112
2	2030	1	1112
0	1970	13	1113
1	2000	3	1113
1	2000	0	1113
1	2000	8	1113
1	2000	7	1113
1	2000	8	1113
1	2000	5	1113
1	2000	4	1113
1	2000	5	1113
1	2000	1	1113
1	2000	12	1113
1	2000	3	1113
1	2000	3	1113
1	2000	0	1113
2	2030	2	1113
2	2030	1	1113
2	2030	2	1113
2	2030	4	1113
2	2030	7	1113
2	2030	0	1113
2	2030	2	1113
2	2030	1	1113
2	2030	0	1113
2	2030	2	1113
2	2030	2	1113
2	2030	0	1113
2	2030	1	1113
2	2030	3	1113
2	2030	2	1113
2	2030	0	1113
2	2030	0	1113
2	2030	2	1113
2	2030	1	1113
2	2030	0	1113
2	2030	0	1113
2	2030	0	1113
2	2030	0	1113
2	2030	0	1113
2	2030	1	1113
2	2030	11	1113
2	2030	0	1113
2	2030	2	1113
2	2030	1	1113
2	2030	3	1113
2	2030	5	1113
2	2030	4	1113
2	2030	2	1113
2	2030	2	1113
2	2030	1	1113
2	2030	1	1113
2	2030	3	1113
2	2030	0	1113
2	2030	3	1113
2	2030	1	1113
2	2030	0	1113
2	2030	2	1113
2	2030	1	1113
2	2030	2	1113
2	2030	2	1113
2	2030	1	1113
2	2030	1	1113
2	2030	3	1113
2	2030	0	1113
2	2030	1	1113
2	2030	1	1113
2	2030	1	1113
2	2030	4	1113
2	2030	2	1113
2	2030	0	1113
2	2030	0	1113
2	2030	1	1113
2	2030	7	1113
2	2030	0	1113
0	1970	5	1114
1	2000	1	1114
1	2000	2	1114
1	2000	2	1114
1	2000	2	1114
1	2000	0	1114
2	2030	2	1114
2	2030	0	1114
2	2030	1	1114
2	2030	1	1114
2	2030	2	1114
2	2030	1	1114
2	2030	1	1114
0	1970	1	1115
1	2000	5	1115
2	2030	2	1115
2	2030	0	1115
2	2030	2	1115
2	2030	2	1115
2	2030	0	1115
0	1970	12	1116
1	2000	0	1116
1	2000	6	1116
1	2000	2	1116
1	2000	8	1116
1	2000	0	1116
1	2000	3	1116
1	2000	4	1116
1	2000	1	1116
1	2000	2	1116
1	2000	4	1116
1	2000	1	1116
1	2000	0	1116
2	2030	6	1116
2	2030	0	1116
2	2030	4	1116
2	2030	1	1116
2	2030	2	1116
2	2030	0	1116
2	2030	0	1116
2	2030	6	1116
2	2030	1	1116
2	2030	1	1116
2	2030	3	1116
2	2030	0	1116
2	2030	0	1116
2	2030	2	1116
2	2030	0	1116
2	2030	1	1116
2	2030	2	1116
2	2030	1	1116
2	2030	1	1116
2	2030	2	1116
2	2030	2	1116
2	2030	4	1116
2	2030	2	1116
2	2030	0	1116
2	2030	1	1116
2	2030	2	1116
2	2030	3	1116
2	2030	1	1116
2	2030	1	1116
2	2030	0	1116
2	2030	6	1116
0	1970	6	1117
0	1970	1	1117
1	2000	7	1117
1	2000	0	1117
1	2000	3	1117
1	2000	5	1117
1	2000	6	1117
1	2000	4	1117
1	2000	0	1117
2	2030	0	1117
2	2030	1	1117
2	2030	0	1117
2	2030	1	1117
2	2030	0	1117
2	2030	0	1117
2	2030	1	1117
2	2030	0	1117
2	2030	1	1117
2	2030	1	1117
2	2030	0	1117
2	2030	1	1117
2	2030	6	1117
2	2030	3	1117
2	2030	4	1117
2	2030	2	1117
2	2030	1	1117
2	2030	1	1117
2	2030	4	1117
2	2030	1	1117
2	2030	1	1117
2	2030	2	1117
2	2030	1	1117
2	2030	3	1117
2	2030	0	1117
0	1970	5	1118
1	2000	3	1118
1	2000	2	1118
1	2000	14	1118
1	2000	1	1118
1	2000	2	1118
2	2030	0	1118
2	2030	1	1118
2	2030	0	1118
2	2030	0	1118
2	2030	2	1118
2	2030	1	1118
2	2030	0	1118
2	2030	2	1118
2	2030	0	1118
2	2030	0	1118
2	2030	3	1118
2	2030	1	1118
2	2030	7	1118
2	2030	2	1118
2	2030	0	1118
2	2030	1	1118
2	2030	3	1118
2	2030	3	1118
2	2030	2	1118
2	2030	4	1118
2	2030	0	1118
2	2030	2	1118
0	1970	3	1119
1	2000	13	1119
1	2000	0	1119
1	2000	4	1119
2	2030	0	1119
2	2030	0	1119
2	2030	3	1119
2	2030	1	1119
2	2030	1	1119
2	2030	4	1119
2	2030	4	1119
2	2030	0	1119
2	2030	1	1119
2	2030	2	1119
2	2030	2	1119
2	2030	2	1119
2	2030	1	1119
2	2030	1	1119
2	2030	3	1119
2	2030	1	1119
2	2030	4	1119
0	1970	6	1120
0	1970	3	1120
1	2000	0	1120
1	2000	5	1120
1	2000	5	1120
1	2000	1	1120
1	2000	8	1120
1	2000	6	1120
1	2000	2	1120
1	2000	8	1120
1	2000	6	1120
2	2030	0	1120
2	2030	1	1120
2	2030	3	1120
2	2030	0	1120
2	2030	0	1120
2	2030	2	1120
2	2030	1	1120
2	2030	2	1120
2	2030	0	1120
2	2030	3	1120
2	2030	0	1120
2	2030	1	1120
2	2030	0	1120
2	2030	0	1120
2	2030	5	1120
2	2030	1	1120
2	2030	7	1120
2	2030	5	1120
2	2030	0	1120
2	2030	0	1120
2	2030	2	1120
2	2030	6	1120
2	2030	1	1120
2	2030	1	1120
2	2030	1	1120
2	2030	1	1120
2	2030	0	1120
0	1970	9	1121
1	2000	0	1121
1	2000	3	1121
1	2000	0	1121
1	2000	8	1121
1	2000	2	1121
1	2000	2	1121
1	2000	0	1121
1	2000	0	1121
1	2000	3	1121
2	2030	3	1121
2	2030	1	1121
2	2030	2	1121
2	2030	0	1121
2	2030	1	1121
2	2030	2	1121
2	2030	0	1121
2	2030	0	1121
2	2030	2	1121
2	2030	2	1121
2	2030	4	1121
2	2030	2	1121
2	2030	2	1121
2	2030	1	1121
2	2030	0	1121
2	2030	0	1121
2	2030	1	1121
2	2030	2	1121
0	1970	11	1122
0	1970	3	1122
1	2000	1	1122
1	2000	5	1122
1	2000	8	1122
1	2000	0	1122
1	2000	0	1122
1	2000	24	1122
1	2000	6	1122
1	2000	7	1122
1	2000	0	1122
1	2000	0	1122
1	2000	2	1122
1	2000	0	1122
1	2000	24	1122
1	2000	6	1122
2	2030	1	1122
2	2030	4	1122
2	2030	0	1122
2	2030	0	1122
2	2030	2	1122
2	2030	1	1122
2	2030	0	1122
2	2030	2	1122
2	2030	0	1122
2	2030	0	1122
2	2030	0	1122
2	2030	1	1122
2	2030	0	1122
2	2030	0	1122
2	2030	6	1122
2	2030	2	1122
2	2030	0	1122
2	2030	4	1122
2	2030	1	1122
2	2030	3	1122
2	2030	0	1122
2	2030	1	1122
2	2030	1	1122
2	2030	3	1122
2	2030	1	1122
2	2030	2	1122
2	2030	0	1122
2	2030	2	1122
2	2030	2	1122
2	2030	1	1122
2	2030	1	1122
2	2030	1	1122
2	2030	1	1122
2	2030	2	1122
2	2030	0	1122
2	2030	0	1122
2	2030	0	1122
2	2030	5	1122
2	2030	0	1122
2	2030	0	1122
2	2030	1	1122
2	2030	0	1122
2	2030	3	1122
2	2030	1	1122
2	2030	1	1122
2	2030	2	1122
2	2030	4	1122
2	2030	4	1122
2	2030	0	1122
2	2030	6	1122
2	2030	1	1122
2	2030	7	1122
2	2030	4	1122
0	1970	7	1123
1	2000	2	1123
1	2000	11	1123
1	2000	4	1123
1	2000	0	1123
1	2000	1	1123
1	2000	0	1123
1	2000	0	1123
2	2030	1	1123
2	2030	1	1123
2	2030	0	1123
2	2030	1	1123
2	2030	3	1123
2	2030	1	1123
2	2030	1	1123
2	2030	0	1123
2	2030	0	1123
2	2030	2	1123
2	2030	0	1123
2	2030	4	1123
2	2030	1	1123
2	2030	1	1123
2	2030	1	1123
2	2030	4	1123
2	2030	1	1123
2	2030	1	1123
0	1970	1	1124
1	2000	2	1124
2	2030	10	1124
2	2030	7	1124
0	1970	3	1125
1	2000	2	1125
1	2000	2	1125
1	2000	1	1125
2	2030	2	1125
2	2030	5	1125
2	2030	0	1125
2	2030	0	1125
2	2030	0	1125
0	1970	3	1126
1	2000	5	1126
1	2000	2	1126
1	2000	0	1126
2	2030	1	1126
2	2030	1	1126
2	2030	1	1126
2	2030	2	1126
2	2030	1	1126
2	2030	3	1126
2	2030	0	1126
0	1970	1	1127
1	2000	1	1127
2	2030	4	1127
0	1970	4	1128
1	2000	1	1128
1	2000	1	1128
1	2000	1	1128
1	2000	1	1128
2	2030	0	1128
2	2030	1	1128
2	2030	0	1128
2	2030	2	1128
0	1970	2	1129
1	2000	2	1129
1	2000	0	1129
2	2030	2	1129
2	2030	3	1129
0	1970	22	1130
1	2000	0	1130
1	2000	7	1130
1	2000	2	1130
1	2000	0	1130
1	2000	3	1130
1	2000	3	1130
1	2000	2	1130
1	2000	0	1130
1	2000	1	1130
1	2000	1	1130
1	2000	7	1130
1	2000	1	1130
1	2000	2	1130
1	2000	4	1130
1	2000	1	1130
1	2000	1	1130
1	2000	3	1130
1	2000	7	1130
1	2000	3	1130
1	2000	13	1130
1	2000	2	1130
1	2000	3	1130
2	2030	0	1130
2	2030	2	1130
2	2030	4	1130
2	2030	1	1130
2	2030	1	1130
2	2030	0	1130
2	2030	0	1130
2	2030	0	1130
2	2030	0	1130
2	2030	0	1130
2	2030	0	1130
2	2030	1	1130
2	2030	0	1130
2	2030	3	1130
2	2030	0	1130
2	2030	3	1130
2	2030	0	1130
2	2030	3	1130
2	2030	1	1130
2	2030	0	1130
2	2030	1	1130
2	2030	3	1130
2	2030	1	1130
2	2030	3	1130
2	2030	1	1130
2	2030	0	1130
2	2030	6	1130
2	2030	0	1130
2	2030	0	1130
2	2030	5	1130
2	2030	1	1130
2	2030	1	1130
2	2030	2	1130
2	2030	0	1130
2	2030	0	1130
2	2030	3	1130
2	2030	3	1130
2	2030	1	1130
2	2030	0	1130
2	2030	0	1130
2	2030	0	1130
2	2030	3	1130
2	2030	1	1130
2	2030	0	1130
2	2030	1	1130
2	2030	0	1130
2	2030	1	1130
2	2030	2	1130
2	2030	5	1130
2	2030	2	1130
2	2030	0	1130
2	2030	5	1130
2	2030	0	1130
2	2030	1	1130
2	2030	3	1130
2	2030	1	1130
2	2030	12	1130
2	2030	1	1130
2	2030	4	1130
2	2030	2	1130
2	2030	2	1130
2	2030	0	1130
2	2030	0	1130
2	2030	1	1130
2	2030	1	1130
2	2030	2	1130
0	1970	7	1131
1	2000	1	1131
1	2000	0	1131
1	2000	3	1131
1	2000	1	1131
1	2000	1	1131
1	2000	0	1131
1	2000	1	1131
2	2030	1	1131
2	2030	5	1131
2	2030	1	1131
2	2030	0	1131
2	2030	0	1131
2	2030	1	1131
2	2030	1	1131
0	1970	3	1132
1	2000	0	1132
1	2000	0	1132
1	2000	3	1132
2	2030	0	1132
2	2030	1	1132
2	2030	1	1132
0	1970	3	1133
0	1970	8	1133
1	2000	2	1133
1	2000	1	1133
1	2000	1	1133
1	2000	0	1133
1	2000	2	1133
1	2000	1	1133
1	2000	0	1133
1	2000	2	1133
1	2000	3	1133
1	2000	1	1133
1	2000	8	1133
2	2030	1	1133
2	2030	0	1133
2	2030	0	1133
2	2030	1	1133
2	2030	0	1133
2	2030	0	1133
2	2030	4	1133
2	2030	0	1133
2	2030	1	1133
2	2030	0	1133
2	2030	0	1133
2	2030	1	1133
2	2030	1	1133
2	2030	5	1133
2	2030	0	1133
2	2030	5	1133
2	2030	9	1133
2	2030	1	1133
2	2030	0	1133
2	2030	0	1133
2	2030	0	1133
0	1970	15	1134
1	2000	1	1134
1	2000	2	1134
1	2000	3	1134
1	2000	5	1134
1	2000	4	1134
1	2000	4	1134
1	2000	1	1134
1	2000	2	1134
1	2000	1	1134
1	2000	0	1134
1	2000	2	1134
1	2000	2	1134
1	2000	0	1134
1	2000	0	1134
1	2000	1	1134
2	2030	1	1134
2	2030	0	1134
2	2030	0	1134
2	2030	1	1134
2	2030	0	1134
2	2030	0	1134
2	2030	0	1134
2	2030	0	1134
2	2030	0	1134
2	2030	1	1134
2	2030	1	1134
2	2030	0	1134
2	2030	0	1134
2	2030	1	1134
2	2030	1	1134
2	2030	4	1134
2	2030	1	1134
2	2030	3	1134
2	2030	3	1134
2	2030	3	1134
2	2030	4	1134
2	2030	1	1134
2	2030	0	1134
2	2030	1	1134
2	2030	0	1134
2	2030	4	1134
2	2030	7	1134
2	2030	7	1134
0	1970	14	1135
1	2000	2	1135
1	2000	0	1135
1	2000	0	1135
1	2000	6	1135
1	2000	5	1135
1	2000	0	1135
1	2000	0	1135
1	2000	5	1135
1	2000	3	1135
1	2000	3	1135
1	2000	10	1135
1	2000	3	1135
1	2000	5	1135
1	2000	1	1135
2	2030	2	1135
2	2030	0	1135
2	2030	0	1135
2	2030	0	1135
2	2030	2	1135
2	2030	8	1135
2	2030	2	1135
2	2030	3	1135
2	2030	0	1135
2	2030	0	1135
2	2030	5	1135
2	2030	1	1135
2	2030	1	1135
2	2030	12	1135
2	2030	0	1135
2	2030	0	1135
2	2030	8	1135
2	2030	2	1135
2	2030	0	1135
2	2030	3	1135
2	2030	0	1135
2	2030	6	1135
2	2030	0	1135
2	2030	0	1135
2	2030	0	1135
2	2030	1	1135
2	2030	2	1135
2	2030	4	1135
2	2030	0	1135
2	2030	0	1135
2	2030	0	1135
2	2030	3	1135
2	2030	0	1135
2	2030	0	1135
2	2030	5	1135
2	2030	0	1135
2	2030	1	1135
2	2030	0	1135
2	2030	0	1135
2	2030	0	1135
2	2030	2	1135
2	2030	0	1135
2	2030	3	1135
0	1970	12	1136
1	2000	2	1136
1	2000	1	1136
1	2000	3	1136
1	2000	7	1136
1	2000	1	1136
1	2000	8	1136
1	2000	1	1136
1	2000	0	1136
1	2000	4	1136
1	2000	10	1136
1	2000	6	1136
1	2000	3	1136
2	2030	5	1136
2	2030	5	1136
2	2030	1	1136
2	2030	2	1136
2	2030	2	1136
2	2030	0	1136
2	2030	1	1136
2	2030	1	1136
2	2030	0	1136
2	2030	0	1136
2	2030	0	1136
2	2030	1	1136
2	2030	1	1136
2	2030	4	1136
2	2030	0	1136
2	2030	1	1136
2	2030	1	1136
2	2030	1	1136
2	2030	1	1136
2	2030	4	1136
2	2030	1	1136
2	2030	1	1136
2	2030	0	1136
2	2030	1	1136
2	2030	0	1136
2	2030	2	1136
2	2030	8	1136
2	2030	0	1136
2	2030	0	1136
2	2030	0	1136
2	2030	2	1136
2	2030	5	1136
2	2030	0	1136
2	2030	1	1136
2	2030	2	1136
2	2030	5	1136
2	2030	4	1136
2	2030	1	1136
2	2030	1	1136
2	2030	1	1136
2	2030	3	1136
2	2030	2	1136
2	2030	11	1136
2	2030	5	1136
2	2030	0	1136
2	2030	0	1136
0	1970	3	1137
1	2000	0	1137
1	2000	1	1137
1	2000	1	1137
2	2030	0	1137
2	2030	1	1137
0	1970	1	1138
1	2000	6	1138
2	2030	2	1138
2	2030	1	1138
2	2030	0	1138
2	2030	0	1138
2	2030	0	1138
2	2030	4	1138
0	1970	5	1139
1	2000	0	1139
1	2000	0	1139
1	2000	1	1139
1	2000	4	1139
1	2000	0	1139
2	2030	3	1139
2	2030	1	1139
2	2030	6	1139
2	2030	2	1139
2	2030	2	1139
0	1970	1	1140
1	2000	4	1140
2	2030	1	1140
2	2030	2	1140
2	2030	0	1140
2	2030	6	1140
0	1970	8	1141
0	1970	2	1141
1	2000	2	1141
1	2000	3	1141
1	2000	5	1141
1	2000	3	1141
1	2000	1	1141
1	2000	3	1141
1	2000	3	1141
1	2000	3	1141
1	2000	3	1141
1	2000	5	1141
2	2030	3	1141
2	2030	1	1141
2	2030	1	1141
2	2030	6	1141
2	2030	2	1141
2	2030	1	1141
2	2030	0	1141
2	2030	1	1141
2	2030	0	1141
2	2030	2	1141
2	2030	2	1141
2	2030	3	1141
2	2030	3	1141
2	2030	1	1141
2	2030	3	1141
2	2030	1	1141
2	2030	1	1141
2	2030	1	1141
2	2030	0	1141
2	2030	0	1141
2	2030	4	1141
2	2030	0	1141
2	2030	2	1141
2	2030	3	1141
2	2030	1	1141
2	2030	1	1141
2	2030	13	1141
2	2030	0	1141
0	1970	11	1142
0	1970	1	1142
1	2000	1	1142
1	2000	1	1142
1	2000	1	1142
1	2000	4	1142
1	2000	2	1142
1	2000	8	1142
1	2000	0	1142
1	2000	4	1142
1	2000	2	1142
1	2000	3	1142
1	2000	0	1142
1	2000	1	1142
2	2030	0	1142
2	2030	0	1142
2	2030	1	1142
2	2030	5	1142
2	2030	2	1142
2	2030	1	1142
2	2030	1	1142
2	2030	1	1142
2	2030	1	1142
2	2030	2	1142
2	2030	3	1142
2	2030	0	1142
2	2030	3	1142
2	2030	0	1142
2	2030	1	1142
2	2030	2	1142
2	2030	0	1142
2	2030	1	1142
2	2030	0	1142
2	2030	1	1142
2	2030	4	1142
2	2030	0	1142
2	2030	5	1142
2	2030	5	1142
2	2030	8	1142
2	2030	3	1142
2	2030	1	1142
0	1970	5	1143
0	1970	1	1143
1	2000	9	1143
1	2000	3	1143
1	2000	0	1143
1	2000	4	1143
1	2000	1	1143
1	2000	5	1143
2	2030	1	1143
2	2030	1	1143
2	2030	2	1143
2	2030	1	1143
2	2030	3	1143
2	2030	2	1143
2	2030	0	1143
2	2030	2	1143
2	2030	0	1143
2	2030	5	1143
2	2030	5	1143
2	2030	0	1143
2	2030	0	1143
2	2030	0	1143
2	2030	1	1143
2	2030	1	1143
2	2030	1	1143
2	2030	1	1143
2	2030	2	1143
2	2030	4	1143
2	2030	0	1143
2	2030	5	1143
0	1970	4	1144
0	1970	6	1144
1	2000	4	1144
1	2000	3	1144
1	2000	4	1144
1	2000	2	1144
1	2000	0	1144
1	2000	0	1144
1	2000	0	1144
1	2000	11	1144
1	2000	3	1144
1	2000	0	1144
2	2030	2	1144
2	2030	2	1144
2	2030	0	1144
2	2030	2	1144
2	2030	0	1144
2	2030	3	1144
2	2030	1	1144
2	2030	2	1144
2	2030	1	1144
2	2030	1	1144
2	2030	3	1144
2	2030	0	1144
2	2030	2	1144
2	2030	1	1144
2	2030	2	1144
2	2030	1	1144
2	2030	1	1144
2	2030	4	1144
2	2030	1	1144
2	2030	0	1144
2	2030	1	1144
2	2030	3	1144
2	2030	0	1144
2	2030	2	1144
2	2030	5	1144
2	2030	2	1144
2	2030	0	1144
0	1970	1	1145
1	2000	2	1145
2	2030	2	1145
2	2030	1	1145
0	1970	6	1146
0	1970	2	1146
1	2000	1	1146
1	2000	5	1146
1	2000	2	1146
1	2000	3	1146
1	2000	2	1146
1	2000	0	1146
1	2000	3	1146
1	2000	2	1146
2	2030	3	1146
2	2030	0	1146
2	2030	3	1146
2	2030	3	1146
2	2030	2	1146
2	2030	2	1146
2	2030	1	1146
2	2030	4	1146
2	2030	0	1146
2	2030	1	1146
2	2030	2	1146
2	2030	1	1146
2	2030	4	1146
0	1970	3	1147
0	1970	6	1147
1	2000	0	1147
1	2000	0	1147
1	2000	0	1147
1	2000	0	1147
1	2000	0	1147
1	2000	12	1147
1	2000	12	1147
1	2000	3	1147
1	2000	0	1147
2	2030	1	1147
2	2030	1	1147
2	2030	5	1147
2	2030	1	1147
2	2030	6	1147
2	2030	1	1147
2	2030	4	1147
2	2030	0	1147
2	2030	0	1147
2	2030	8	1147
2	2030	3	1147
2	2030	2	1147
2	2030	2	1147
2	2030	0	1147
2	2030	0	1147
0	1970	10	1148
1	2000	1	1148
1	2000	7	1148
1	2000	2	1148
1	2000	5	1148
1	2000	3	1148
1	2000	5	1148
1	2000	4	1148
1	2000	8	1148
1	2000	1	1148
1	2000	3	1148
2	2030	1	1148
2	2030	1	1148
2	2030	3	1148
2	2030	0	1148
2	2030	3	1148
2	2030	4	1148
2	2030	2	1148
2	2030	1	1148
2	2030	5	1148
2	2030	1	1148
2	2030	1	1148
2	2030	2	1148
2	2030	2	1148
2	2030	0	1148
2	2030	3	1148
2	2030	3	1148
2	2030	1	1148
2	2030	2	1148
2	2030	1	1148
2	2030	2	1148
2	2030	2	1148
2	2030	2	1148
2	2030	1	1148
2	2030	1	1148
2	2030	2	1148
2	2030	4	1148
2	2030	0	1148
2	2030	3	1148
2	2030	0	1148
2	2030	2	1148
2	2030	2	1148
2	2030	3	1148
2	2030	2	1148
2	2030	2	1148
2	2030	2	1148
2	2030	2	1148
2	2030	1	1148
2	2030	4	1148
2	2030	0	1148
0	1970	1	1149
1	2000	2	1149
1	2000	2	1149
2	2030	6	1149
2	2030	0	1149
2	2030	2	1149
2	2030	0	1149
0	1970	10	1150
1	2000	4	1150
1	2000	1	1150
1	2000	1	1150
1	2000	3	1150
1	2000	4	1150
1	2000	0	1150
1	2000	3	1150
1	2000	1	1150
1	2000	0	1150
1	2000	3	1150
2	2030	0	1150
2	2030	2	1150
2	2030	0	1150
2	2030	0	1150
2	2030	6	1150
2	2030	4	1150
2	2030	5	1150
2	2030	0	1150
2	2030	2	1150
2	2030	1	1150
2	2030	0	1150
2	2030	1	1150
2	2030	1	1150
2	2030	0	1150
2	2030	4	1150
2	2030	0	1150
2	2030	2	1150
2	2030	1	1150
2	2030	1	1150
2	2030	0	1150
0	1970	2	1151
0	1970	3	1151
1	2000	14	1151
1	2000	2	1151
1	2000	14	1151
1	2000	2	1151
1	2000	2	1151
2	2030	0	1151
2	2030	1	1151
2	2030	3	1151
2	2030	4	1151
2	2030	4	1151
2	2030	3	1151
2	2030	6	1151
2	2030	0	1151
2	2030	2	1151
2	2030	1	1151
2	2030	4	1151
2	2030	4	1151
2	2030	2	1151
2	2030	6	1151
2	2030	1	1151
2	2030	0	1151
2	2030	2	1151
2	2030	1	1151
0	1970	5	1152
1	2000	0	1152
1	2000	3	1152
1	2000	1	1152
1	2000	1	1152
1	2000	3	1152
2	2030	6	1152
2	2030	2	1152
2	2030	5	1152
2	2030	1	1152
2	2030	1	1152
2	2030	0	1152
2	2030	1	1152
2	2030	2	1152
0	1970	5	1153
0	1970	5	1153
1	2000	4	1153
1	2000	10	1153
1	2000	0	1153
1	2000	2	1153
1	2000	0	1153
1	2000	5	1153
1	2000	3	1153
1	2000	4	1153
1	2000	4	1153
1	2000	3	1153
2	2030	0	1153
2	2030	3	1153
2	2030	0	1153
2	2030	4	1153
2	2030	0	1153
2	2030	1	1153
2	2030	0	1153
2	2030	1	1153
2	2030	0	1153
2	2030	2	1153
2	2030	3	1153
2	2030	0	1153
2	2030	4	1153
2	2030	0	1153
2	2030	0	1153
2	2030	2	1153
2	2030	2	1153
2	2030	0	1153
2	2030	2	1153
2	2030	1	1153
2	2030	1	1153
2	2030	0	1153
2	2030	4	1153
2	2030	5	1153
2	2030	3	1153
2	2030	1	1153
2	2030	0	1153
2	2030	1	1153
2	2030	2	1153
2	2030	1	1153
2	2030	2	1153
0	1970	12	1154
1	2000	1	1154
1	2000	1	1154
1	2000	1	1154
1	2000	3	1154
1	2000	1	1154
1	2000	3	1154
1	2000	14	1154
1	2000	0	1154
1	2000	1	1154
1	2000	1	1154
1	2000	2	1154
1	2000	0	1154
2	2030	1	1154
2	2030	0	1154
2	2030	7	1154
2	2030	1	1154
2	2030	0	1154
2	2030	4	1154
2	2030	2	1154
2	2030	2	1154
2	2030	1	1154
2	2030	1	1154
2	2030	0	1154
2	2030	1	1154
2	2030	2	1154
2	2030	3	1154
2	2030	4	1154
2	2030	4	1154
2	2030	1	1154
2	2030	2	1154
2	2030	0	1154
2	2030	1	1154
2	2030	0	1154
2	2030	0	1154
2	2030	0	1154
2	2030	1	1154
2	2030	0	1154
2	2030	5	1154
2	2030	0	1154
2	2030	1	1154
0	1970	4	1155
1	2000	1	1155
1	2000	2	1155
1	2000	5	1155
1	2000	6	1155
2	2030	0	1155
2	2030	1	1155
2	2030	2	1155
2	2030	5	1155
2	2030	2	1155
2	2030	5	1155
2	2030	1	1155
2	2030	3	1155
2	2030	5	1155
2	2030	0	1155
2	2030	4	1155
2	2030	1	1155
2	2030	0	1155
2	2030	0	1155
0	1970	6	1156
1	2000	0	1156
1	2000	1	1156
1	2000	2	1156
1	2000	2	1156
1	2000	0	1156
1	2000	1	1156
2	2030	0	1156
2	2030	0	1156
2	2030	0	1156
2	2030	4	1156
2	2030	4	1156
2	2030	4	1156
0	1970	1	1157
1	2000	1	1157
2	2030	2	1157
0	1970	3	1158
1	2000	0	1158
1	2000	4	1158
1	2000	1	1158
2	2030	1	1158
2	2030	5	1158
2	2030	4	1158
2	2030	3	1158
2	2030	1	1158
0	1970	3	1159
1	2000	5	1159
1	2000	0	1159
1	2000	1	1159
2	2030	0	1159
2	2030	0	1159
2	2030	0	1159
2	2030	2	1159
2	2030	2	1159
2	2030	6	1159
0	1970	4	1160
1	2000	2	1160
1	2000	9	1160
1	2000	1	1160
1	2000	6	1160
2	2030	0	1160
2	2030	2	1160
2	2030	0	1160
2	2030	1	1160
2	2030	2	1160
2	2030	0	1160
2	2030	1	1160
2	2030	0	1160
2	2030	3	1160
2	2030	2	1160
2	2030	2	1160
2	2030	1	1160
2	2030	0	1160
2	2030	2	1160
2	2030	1	1160
2	2030	3	1160
2	2030	6	1160
2	2030	1	1160
0	1970	1	1161
1	2000	3	1161
2	2030	1	1161
2	2030	1	1161
2	2030	1	1161
0	1970	8	1162
1	2000	0	1162
1	2000	2	1162
1	2000	3	1162
1	2000	0	1162
1	2000	0	1162
1	2000	0	1162
1	2000	1	1162
1	2000	3	1162
2	2030	0	1162
2	2030	1	1162
2	2030	0	1162
2	2030	6	1162
2	2030	1	1162
2	2030	1	1162
2	2030	2	1162
2	2030	4	1162
2	2030	1	1162
0	1970	4	1163
1	2000	6	1163
1	2000	1	1163
1	2000	2	1163
1	2000	2	1163
2	2030	0	1163
2	2030	4	1163
2	2030	11	1163
2	2030	0	1163
2	2030	0	1163
2	2030	1	1163
2	2030	0	1163
2	2030	0	1163
2	2030	0	1163
2	2030	3	1163
2	2030	0	1163
0	1970	0	1164
0	1970	8	1164
1	2000	0	1164
1	2000	3	1164
1	2000	3	1164
1	2000	3	1164
1	2000	1	1164
1	2000	2	1164
1	2000	4	1164
1	2000	2	1164
2	2030	3	1164
2	2030	2	1164
2	2030	4	1164
2	2030	6	1164
2	2030	2	1164
2	2030	3	1164
2	2030	0	1164
2	2030	1	1164
2	2030	0	1164
2	2030	0	1164
2	2030	1	1164
2	2030	0	1164
2	2030	2	1164
2	2030	1	1164
2	2030	0	1164
2	2030	2	1164
2	2030	0	1164
2	2030	0	1164
0	1970	4	1165
1	2000	0	1165
1	2000	2	1165
1	2000	1	1165
1	2000	3	1165
2	2030	1	1165
2	2030	3	1165
2	2030	0	1165
2	2030	2	1165
2	2030	0	1165
2	2030	2	1165
0	1970	3	1166
1	2000	1	1166
1	2000	3	1166
1	2000	0	1166
2	2030	0	1166
2	2030	3	1166
2	2030	2	1166
2	2030	0	1166
0	1970	7	1167
1	2000	9	1167
1	2000	0	1167
1	2000	5	1167
1	2000	3	1167
1	2000	0	1167
1	2000	4	1167
1	2000	4	1167
2	2030	5	1167
2	2030	0	1167
2	2030	0	1167
2	2030	2	1167
2	2030	0	1167
2	2030	1	1167
2	2030	1	1167
2	2030	1	1167
2	2030	2	1167
2	2030	1	1167
2	2030	1	1167
2	2030	0	1167
2	2030	1	1167
2	2030	1	1167
2	2030	1	1167
2	2030	3	1167
2	2030	1	1167
2	2030	1	1167
2	2030	2	1167
2	2030	2	1167
2	2030	1	1167
2	2030	2	1167
2	2030	0	1167
2	2030	1	1167
2	2030	4	1167
0	1970	1	1168
1	2000	6	1168
2	2030	0	1168
2	2030	0	1168
2	2030	4	1168
2	2030	0	1168
2	2030	2	1168
2	2030	2	1168
0	1970	3	1169
1	2000	0	1169
1	2000	0	1169
1	2000	10	1169
2	2030	0	1169
2	2030	1	1169
2	2030	2	1169
2	2030	6	1169
2	2030	2	1169
2	2030	1	1169
2	2030	0	1169
2	2030	6	1169
2	2030	0	1169
2	2030	3	1169
0	1970	3	1170
1	2000	13	1170
1	2000	1	1170
1	2000	9	1170
2	2030	9	1170
2	2030	1	1170
2	2030	0	1170
2	2030	2	1170
2	2030	0	1170
2	2030	5	1170
2	2030	0	1170
2	2030	1	1170
2	2030	0	1170
2	2030	2	1170
2	2030	0	1170
2	2030	2	1170
2	2030	0	1170
2	2030	0	1170
2	2030	1	1170
2	2030	0	1170
2	2030	1	1170
2	2030	5	1170
2	2030	2	1170
2	2030	0	1170
2	2030	0	1170
2	2030	1	1170
2	2030	1	1170
0	1970	4	1171
1	2000	2	1171
1	2000	5	1171
1	2000	0	1171
1	2000	3	1171
2	2030	0	1171
2	2030	3	1171
2	2030	1	1171
2	2030	0	1171
2	2030	2	1171
2	2030	2	1171
2	2030	2	1171
2	2030	1	1171
2	2030	2	1171
2	2030	2	1171
0	1970	3	1172
1	2000	5	1172
1	2000	0	1172
1	2000	5	1172
2	2030	2	1172
2	2030	1	1172
2	2030	0	1172
2	2030	1	1172
2	2030	0	1172
2	2030	0	1172
2	2030	0	1172
2	2030	4	1172
2	2030	2	1172
2	2030	0	1172
0	1970	1	1173
1	2000	2	1173
1	2000	2	1173
2	2030	6	1173
2	2030	2	1173
2	2030	6	1173
2	2030	2	1173
0	1970	2	1174
1	2000	2	1174
1	2000	2	1174
2	2030	1	1174
2	2030	3	1174
2	2030	0	1174
2	2030	0	1174
0	1970	5	1175
1	2000	3	1175
1	2000	1	1175
1	2000	3	1175
1	2000	0	1175
1	2000	4	1175
2	2030	2	1175
2	2030	1	1175
2	2030	0	1175
2	2030	2	1175
2	2030	2	1175
2	2030	3	1175
2	2030	7	1175
2	2030	1	1175
2	2030	1	1175
2	2030	0	1175
2	2030	0	1175
0	1970	5	1176
1	2000	0	1176
1	2000	0	1176
1	2000	2	1176
1	2000	2	1176
1	2000	1	1176
2	2030	1	1176
2	2030	5	1176
2	2030	1	1176
2	2030	2	1176
2	2030	0	1176
0	1970	8	1177
1	2000	2	1177
1	2000	1	1177
1	2000	5	1177
1	2000	2	1177
1	2000	3	1177
1	2000	1	1177
1	2000	3	1177
1	2000	2	1177
2	2030	0	1177
2	2030	0	1177
2	2030	2	1177
2	2030	6	1177
2	2030	0	1177
2	2030	1	1177
2	2030	2	1177
2	2030	1	1177
2	2030	0	1177
2	2030	0	1177
2	2030	6	1177
2	2030	8	1177
2	2030	1	1177
2	2030	2	1177
2	2030	1	1177
2	2030	4	1177
2	2030	0	1177
2	2030	1	1177
2	2030	0	1177
0	1970	5	1178
1	2000	2	1178
1	2000	0	1178
1	2000	0	1178
1	2000	0	1178
1	2000	1	1178
2	2030	0	1178
2	2030	0	1178
2	2030	1	1178
0	1970	10	1179
1	2000	3	1179
1	2000	1	1179
1	2000	1	1179
1	2000	2	1179
1	2000	1	1179
1	2000	3	1179
1	2000	3	1179
1	2000	3	1179
1	2000	1	1179
1	2000	6	1179
2	2030	1	1179
2	2030	1	1179
2	2030	3	1179
2	2030	0	1179
2	2030	1	1179
2	2030	1	1179
2	2030	1	1179
2	2030	3	1179
2	2030	0	1179
2	2030	0	1179
2	2030	2	1179
2	2030	0	1179
2	2030	0	1179
2	2030	1	1179
2	2030	5	1179
2	2030	3	1179
2	2030	0	1179
2	2030	0	1179
2	2030	1	1179
2	2030	2	1179
2	2030	0	1179
2	2030	0	1179
2	2030	1	1179
2	2030	0	1179
0	1970	5	1180
1	2000	0	1180
1	2000	1	1180
1	2000	3	1180
1	2000	1	1180
1	2000	12	1180
2	2030	0	1180
2	2030	0	1180
2	2030	2	1180
2	2030	0	1180
2	2030	1	1180
2	2030	1	1180
2	2030	3	1180
2	2030	0	1180
2	2030	0	1180
2	2030	2	1180
2	2030	5	1180
2	2030	0	1180
2	2030	2	1180
2	2030	0	1180
2	2030	1	1180
2	2030	1	1180
2	2030	0	1180
0	1970	2	1181
1	2000	0	1181
1	2000	7	1181
2	2030	0	1181
2	2030	0	1181
2	2030	1	1181
2	2030	0	1181
2	2030	0	1181
2	2030	7	1181
2	2030	0	1181
0	1970	3	1182
1	2000	1	1182
1	2000	11	1182
1	2000	6	1182
2	2030	2	1182
2	2030	7	1182
2	2030	1	1182
2	2030	1	1182
2	2030	1	1182
2	2030	1	1182
2	2030	0	1182
2	2030	0	1182
2	2030	1	1182
2	2030	3	1182
2	2030	7	1182
2	2030	5	1182
2	2030	1	1182
2	2030	2	1182
2	2030	0	1182
2	2030	3	1182
2	2030	2	1182
2	2030	4	1182
0	1970	2	1183
1	2000	2	1183
1	2000	0	1183
2	2030	1	1183
2	2030	0	1183
0	1970	3	1184
1	2000	0	1184
1	2000	2	1184
1	2000	1	1184
2	2030	4	1184
2	2030	0	1184
2	2030	1	1184
0	1970	3	1185
1	2000	1	1185
1	2000	3	1185
1	2000	5	1185
1	2000	1	1185
1	2000	3	1185
1	2000	5	1185
2	2030	2	1185
2	2030	2	1185
2	2030	3	1185
2	2030	0	1185
2	2030	3	1185
2	2030	0	1185
2	2030	0	1185
2	2030	1	1185
2	2030	0	1185
0	1970	5	1186
0	1970	8	1186
1	2000	0	1186
1	2000	2	1186
1	2000	1	1186
1	2000	1	1186
1	2000	0	1186
1	2000	2	1186
1	2000	3	1186
1	2000	1	1186
1	2000	2	1186
1	2000	1	1186
1	2000	1	1186
1	2000	2	1186
1	2000	2	1186
2	2030	1	1186
2	2030	0	1186
2	2030	8	1186
2	2030	2	1186
2	2030	2	1186
2	2030	0	1186
2	2030	5	1186
2	2030	3	1186
2	2030	8	1186
2	2030	1	1186
2	2030	4	1186
2	2030	1	1186
2	2030	1	1186
2	2030	3	1186
2	2030	2	1186
0	1970	7	1187
0	1970	6	1187
1	2000	1	1187
1	2000	1	1187
1	2000	3	1187
1	2000	0	1187
1	2000	3	1187
1	2000	5	1187
1	2000	12	1187
1	2000	1	1187
1	2000	4	1187
1	2000	5	1187
1	2000	5	1187
1	2000	8	1187
1	2000	12	1187
2	2030	1	1187
2	2030	0	1187
2	2030	2	1187
2	2030	3	1187
2	2030	6	1187
2	2030	2	1187
2	2030	0	1187
2	2030	0	1187
2	2030	4	1187
2	2030	0	1187
2	2030	0	1187
2	2030	0	1187
2	2030	4	1187
2	2030	2	1187
2	2030	2	1187
2	2030	0	1187
2	2030	7	1187
2	2030	2	1187
2	2030	2	1187
2	2030	2	1187
2	2030	3	1187
2	2030	3	1187
2	2030	5	1187
2	2030	5	1187
2	2030	2	1187
2	2030	2	1187
2	2030	3	1187
2	2030	5	1187
2	2030	6	1187
2	2030	0	1187
2	2030	2	1187
2	2030	0	1187
2	2030	0	1187
2	2030	0	1187
2	2030	1	1187
2	2030	1	1187
2	2030	5	1187
2	2030	1	1187
2	2030	1	1187
2	2030	2	1187
2	2030	0	1187
2	2030	0	1187
2	2030	0	1187
0	1970	5	1188
1	2000	9	1188
1	2000	5	1188
1	2000	8	1188
1	2000	5	1188
1	2000	2	1188
2	2030	0	1188
2	2030	1	1188
2	2030	0	1188
2	2030	2	1188
2	2030	4	1188
2	2030	1	1188
2	2030	4	1188
2	2030	0	1188
2	2030	0	1188
2	2030	3	1188
2	2030	1	1188
2	2030	0	1188
2	2030	7	1188
2	2030	1	1188
2	2030	2	1188
2	2030	0	1188
2	2030	4	1188
2	2030	3	1188
2	2030	1	1188
2	2030	1	1188
2	2030	4	1188
2	2030	1	1188
2	2030	2	1188
2	2030	1	1188
2	2030	0	1188
2	2030	3	1188
2	2030	0	1188
2	2030	0	1188
2	2030	1	1188
0	1970	8	1189
1	2000	3	1189
1	2000	1	1189
1	2000	1	1189
1	2000	0	1189
1	2000	1	1189
1	2000	2	1189
1	2000	3	1189
1	2000	2	1189
2	2030	0	1189
2	2030	6	1189
2	2030	1	1189
2	2030	1	1189
2	2030	3	1189
2	2030	0	1189
2	2030	3	1189
2	2030	2	1189
2	2030	0	1189
2	2030	1	1189
2	2030	2	1189
2	2030	1	1189
2	2030	1	1189
0	1970	0	1190
0	1970	11	1190
1	2000	0	1190
1	2000	4	1190
1	2000	2	1190
1	2000	2	1190
1	2000	2	1190
1	2000	0	1190
1	2000	1	1190
1	2000	1	1190
1	2000	6	1190
1	2000	0	1190
1	2000	3	1190
2	2030	0	1190
2	2030	0	1190
2	2030	0	1190
2	2030	3	1190
2	2030	2	1190
2	2030	3	1190
2	2030	4	1190
2	2030	7	1190
2	2030	0	1190
2	2030	0	1190
2	2030	0	1190
2	2030	0	1190
2	2030	10	1190
2	2030	0	1190
2	2030	1	1190
2	2030	0	1190
2	2030	0	1190
2	2030	0	1190
2	2030	2	1190
2	2030	0	1190
2	2030	4	1190
0	1970	6	1191
1	2000	1	1191
1	2000	0	1191
1	2000	4	1191
1	2000	1	1191
1	2000	2	1191
1	2000	1	1191
2	2030	1	1191
2	2030	3	1191
2	2030	4	1191
2	2030	1	1191
2	2030	0	1191
2	2030	2	1191
2	2030	1	1191
2	2030	0	1191
2	2030	0	1191
0	1970	0	1192
0	1970	3	1192
1	2000	0	1192
1	2000	1	1192
1	2000	1	1192
2	2030	1	1192
2	2030	3	1192
0	1970	3	1193
0	1970	3	1193
1	2000	0	1193
1	2000	3	1193
1	2000	0	1193
1	2000	4	1193
1	2000	0	1193
1	2000	1	1193
2	2030	1	1193
2	2030	1	1193
2	2030	1	1193
2	2030	6	1193
2	2030	0	1193
2	2030	1	1193
2	2030	6	1193
2	2030	0	1193
0	1970	1	1194
1	2000	1	1194
2	2030	0	1194
0	1970	1	1195
1	2000	5	1195
2	2030	3	1195
2	2030	0	1195
2	2030	0	1195
2	2030	3	1195
2	2030	2	1195
0	1970	10	1196
0	1970	2	1196
1	2000	0	1196
1	2000	1	1196
1	2000	1	1196
1	2000	2	1196
1	2000	5	1196
1	2000	0	1196
1	2000	5	1196
1	2000	6	1196
1	2000	3	1196
1	2000	0	1196
1	2000	5	1196
1	2000	4	1196
2	2030	2	1196
2	2030	1	1196
2	2030	0	1196
2	2030	0	1196
2	2030	5	1196
2	2030	0	1196
2	2030	1	1196
2	2030	1	1196
2	2030	0	1196
2	2030	2	1196
2	2030	1	1196
2	2030	2	1196
2	2030	4	1196
2	2030	3	1196
2	2030	5	1196
2	2030	3	1196
2	2030	2	1196
2	2030	0	1196
2	2030	0	1196
2	2030	0	1196
2	2030	0	1196
2	2030	5	1196
2	2030	0	1196
2	2030	0	1196
2	2030	3	1196
2	2030	2	1196
2	2030	3	1196
0	1970	3	1197
1	2000	1	1197
1	2000	2	1197
1	2000	1	1197
2	2030	0	1197
2	2030	0	1197
2	2030	4	1197
2	2030	0	1197
0	1970	3	1198
1	2000	1	1198
1	2000	1	1198
1	2000	4	1198
2	2030	1	1198
2	2030	0	1198
2	2030	0	1198
2	2030	0	1198
2	2030	0	1198
2	2030	2	1198
0	1970	9	1199
0	1970	3	1199
1	2000	1	1199
1	2000	10	1199
1	2000	3	1199
1	2000	1	1199
1	2000	2	1199
1	2000	3	1199
1	2000	0	1199
1	2000	3	1199
1	2000	3	1199
1	2000	7	1199
1	2000	0	1199
1	2000	3	1199
2	2030	0	1199
2	2030	1	1199
2	2030	4	1199
2	2030	0	1199
2	2030	0	1199
2	2030	0	1199
2	2030	1	1199
2	2030	4	1199
2	2030	1	1199
2	2030	8	1199
2	2030	1	1199
2	2030	0	1199
2	2030	0	1199
2	2030	4	1199
2	2030	2	1199
2	2030	3	1199
2	2030	5	1199
2	2030	0	1199
2	2030	1	1199
2	2030	0	1199
2	2030	5	1199
2	2030	6	1199
2	2030	0	1199
2	2030	1	1199
2	2030	0	1199
2	2030	1	1199
2	2030	0	1199
2	2030	0	1199
2	2030	0	1199
2	2030	0	1199
2	2030	1	1199
2	2030	3	1199
2	2030	0	1199
0	1970	1	1200
1	2000	12	1200
2	2030	0	1200
2	2030	4	1200
2	2030	0	1200
2	2030	1	1200
2	2030	0	1200
2	2030	0	1200
2	2030	4	1200
2	2030	0	1200
2	2030	1	1200
2	2030	1	1200
2	2030	0	1200
2	2030	1	1200
0	1970	4	1201
0	1970	3	1201
1	2000	2	1201
1	2000	0	1201
1	2000	2	1201
1	2000	4	1201
1	2000	4	1201
1	2000	9	1201
1	2000	9	1201
2	2030	3	1201
2	2030	0	1201
2	2030	3	1201
2	2030	0	1201
2	2030	0	1201
2	2030	0	1201
2	2030	2	1201
2	2030	0	1201
2	2030	0	1201
2	2030	3	1201
2	2030	0	1201
2	2030	4	1201
2	2030	2	1201
2	2030	3	1201
2	2030	0	1201
2	2030	3	1201
2	2030	3	1201
0	1970	14	1202
0	1970	9	1202
1	2000	0	1202
1	2000	2	1202
1	2000	0	1202
1	2000	1	1202
1	2000	1	1202
1	2000	6	1202
1	2000	5	1202
1	2000	5	1202
1	2000	2	1202
1	2000	13	1202
1	2000	7	1202
1	2000	5	1202
1	2000	5	1202
1	2000	2	1202
1	2000	1	1202
1	2000	3	1202
1	2000	3	1202
1	2000	4	1202
1	2000	11	1202
1	2000	5	1202
1	2000	2	1202
1	2000	13	1202
1	2000	7	1202
2	2030	1	1202
2	2030	1	1202
2	2030	1	1202
2	2030	0	1202
2	2030	1	1202
2	2030	1	1202
2	2030	1	1202
2	2030	1	1202
2	2030	2	1202
2	2030	0	1202
2	2030	0	1202
2	2030	1	1202
2	2030	1	1202
2	2030	5	1202
2	2030	6	1202
2	2030	0	1202
2	2030	3	1202
2	2030	2	1202
2	2030	1	1202
2	2030	2	1202
2	2030	2	1202
2	2030	0	1202
2	2030	5	1202
2	2030	0	1202
2	2030	2	1202
2	2030	0	1202
2	2030	1	1202
2	2030	1	1202
2	2030	1	1202
2	2030	1	1202
2	2030	0	1202
2	2030	3	1202
2	2030	1	1202
2	2030	0	1202
2	2030	0	1202
2	2030	0	1202
2	2030	1	1202
2	2030	3	1202
2	2030	2	1202
2	2030	4	1202
2	2030	1	1202
2	2030	1	1202
2	2030	4	1202
2	2030	0	1202
2	2030	3	1202
2	2030	0	1202
2	2030	0	1202
2	2030	5	1202
2	2030	2	1202
2	2030	1	1202
2	2030	1	1202
2	2030	1	1202
2	2030	3	1202
2	2030	1	1202
2	2030	5	1202
2	2030	1	1202
2	2030	4	1202
2	2030	1	1202
2	2030	0	1202
2	2030	2	1202
2	2030	1	1202
2	2030	1	1202
2	2030	1	1202
2	2030	1	1202
2	2030	3	1202
2	2030	1	1202
2	2030	4	1202
2	2030	0	1202
2	2030	0	1202
2	2030	3	1202
2	2030	1	1202
0	1970	2	1203
1	2000	2	1203
1	2000	1	1203
2	2030	1	1203
2	2030	1	1203
2	2030	2	1203
0	1970	6	1204
1	2000	5	1204
1	2000	6	1204
1	2000	1	1204
1	2000	2	1204
1	2000	3	1204
1	2000	4	1204
2	2030	0	1204
2	2030	0	1204
2	2030	3	1204
2	2030	1	1204
2	2030	0	1204
2	2030	1	1204
2	2030	1	1204
2	2030	4	1204
2	2030	0	1204
2	2030	4	1204
2	2030	2	1204
2	2030	1	1204
2	2030	1	1204
2	2030	1	1204
2	2030	0	1204
2	2030	0	1204
2	2030	0	1204
2	2030	1	1204
2	2030	4	1204
2	2030	0	1204
2	2030	0	1204
0	1970	1	1205
1	2000	7	1205
2	2030	1	1205
2	2030	0	1205
2	2030	12	1205
2	2030	1	1205
2	2030	0	1205
2	2030	2	1205
2	2030	5	1205
0	1970	2	1206
1	2000	6	1206
1	2000	7	1206
2	2030	2	1206
2	2030	1	1206
2	2030	2	1206
2	2030	1	1206
2	2030	0	1206
2	2030	1	1206
2	2030	1	1206
2	2030	1	1206
2	2030	3	1206
2	2030	1	1206
2	2030	0	1206
2	2030	6	1206
2	2030	5	1206
0	1970	14	1207
1	2000	4	1207
1	2000	2	1207
1	2000	10	1207
1	2000	0	1207
1	2000	1	1207
1	2000	1	1207
1	2000	2	1207
1	2000	2	1207
1	2000	2	1207
1	2000	4	1207
1	2000	0	1207
1	2000	3	1207
1	2000	3	1207
1	2000	1	1207
2	2030	1	1207
2	2030	5	1207
2	2030	0	1207
2	2030	0	1207
2	2030	1	1207
2	2030	0	1207
2	2030	0	1207
2	2030	1	1207
2	2030	1	1207
2	2030	3	1207
2	2030	1	1207
2	2030	1	1207
2	2030	1	1207
2	2030	2	1207
2	2030	0	1207
2	2030	0	1207
2	2030	1	1207
2	2030	1	1207
2	2030	1	1207
2	2030	0	1207
2	2030	6	1207
2	2030	0	1207
2	2030	2	1207
2	2030	3	1207
2	2030	0	1207
2	2030	1	1207
2	2030	0	1207
2	2030	2	1207
2	2030	2	1207
2	2030	2	1207
2	2030	0	1207
2	2030	2	1207
2	2030	6	1207
2	2030	0	1207
2	2030	1	1207
0	1970	2	1208
0	1970	1	1208
1	2000	1	1208
1	2000	2	1208
1	2000	1	1208
2	2030	3	1208
2	2030	3	1208
2	2030	0	1208
2	2030	4	1208
0	1970	2	1209
1	2000	10	1209
1	2000	0	1209
2	2030	1	1209
2	2030	6	1209
2	2030	1	1209
2	2030	4	1209
2	2030	5	1209
2	2030	5	1209
2	2030	3	1209
2	2030	1	1209
2	2030	0	1209
2	2030	6	1209
0	1970	1	1210
1	2000	1	1210
2	2030	2	1210
0	1970	9	1211
1	2000	7	1211
1	2000	1	1211
1	2000	4	1211
1	2000	2	1211
1	2000	0	1211
1	2000	2	1211
1	2000	5	1211
1	2000	1	1211
1	2000	1	1211
2	2030	0	1211
2	2030	1	1211
2	2030	0	1211
2	2030	1	1211
2	2030	0	1211
2	2030	3	1211
2	2030	2	1211
2	2030	5	1211
2	2030	0	1211
2	2030	1	1211
2	2030	0	1211
2	2030	0	1211
2	2030	2	1211
2	2030	1	1211
2	2030	2	1211
2	2030	3	1211
2	2030	1	1211
2	2030	1	1211
2	2030	1	1211
2	2030	2	1211
2	2030	3	1211
2	2030	1	1211
2	2030	1	1211
0	1970	3	1212
1	2000	4	1212
1	2000	1	1212
1	2000	4	1212
2	2030	1	1212
2	2030	0	1212
2	2030	2	1212
2	2030	2	1212
2	2030	0	1212
2	2030	0	1212
2	2030	1	1212
2	2030	0	1212
2	2030	2	1212
0	1970	8	1213
0	1970	0	1213
1	2000	2	1213
1	2000	5	1213
1	2000	0	1213
1	2000	10	1213
1	2000	0	1213
1	2000	2	1213
1	2000	5	1213
1	2000	0	1213
2	2030	1	1213
2	2030	1	1213
2	2030	0	1213
2	2030	6	1213
2	2030	0	1213
2	2030	2	1213
2	2030	1	1213
2	2030	0	1213
2	2030	1	1213
2	2030	5	1213
2	2030	3	1213
2	2030	0	1213
2	2030	3	1213
2	2030	5	1213
2	2030	0	1213
2	2030	0	1213
2	2030	4	1213
2	2030	3	1213
2	2030	1	1213
2	2030	1	1213
2	2030	1	1213
2	2030	0	1213
2	2030	4	1213
2	2030	1	1213
0	1970	2	1214
1	2000	4	1214
1	2000	1	1214
2	2030	0	1214
2	2030	2	1214
2	2030	3	1214
2	2030	1	1214
2	2030	0	1214
0	1970	1	1215
1	2000	3	1215
2	2030	1	1215
2	2030	0	1215
2	2030	1	1215
0	1970	7	1216
1	2000	11	1216
1	2000	0	1216
1	2000	2	1216
1	2000	1	1216
1	2000	1	1216
1	2000	2	1216
1	2000	1	1216
2	2030	2	1216
2	2030	1	1216
2	2030	0	1216
2	2030	1	1216
2	2030	1	1216
2	2030	4	1216
2	2030	1	1216
2	2030	1	1216
2	2030	2	1216
2	2030	1	1216
2	2030	0	1216
2	2030	6	1216
2	2030	0	1216
2	2030	1	1216
2	2030	1	1216
2	2030	0	1216
2	2030	4	1216
2	2030	1	1216
0	1970	8	1217
1	2000	1	1217
1	2000	3	1217
1	2000	2	1217
1	2000	4	1217
1	2000	1	1217
1	2000	1	1217
1	2000	0	1217
1	2000	9	1217
2	2030	1	1217
2	2030	1	1217
2	2030	1	1217
2	2030	5	1217
2	2030	0	1217
2	2030	3	1217
2	2030	2	1217
2	2030	0	1217
2	2030	0	1217
2	2030	4	1217
2	2030	0	1217
2	2030	1	1217
2	2030	0	1217
2	2030	0	1217
2	2030	4	1217
2	2030	0	1217
2	2030	1	1217
2	2030	3	1217
2	2030	0	1217
2	2030	0	1217
2	2030	3	1217
0	1970	5	1218
0	1970	1	1218
1	2000	4	1218
1	2000	0	1218
1	2000	2	1218
1	2000	1	1218
1	2000	12	1218
1	2000	2	1218
2	2030	3	1218
2	2030	1	1218
2	2030	1	1218
2	2030	1	1218
2	2030	2	1218
2	2030	1	1218
2	2030	4	1218
2	2030	0	1218
2	2030	1	1218
2	2030	0	1218
2	2030	3	1218
2	2030	0	1218
2	2030	0	1218
2	2030	0	1218
2	2030	2	1218
2	2030	0	1218
2	2030	2	1218
2	2030	1	1218
2	2030	2	1218
0	1970	1	1219
1	2000	2	1219
1	2000	1	1219
2	2030	4	1219
2	2030	4	1219
2	2030	0	1219
0	1970	2	1220
1	2000	4	1220
1	2000	0	1220
2	2030	5	1220
2	2030	1	1220
2	2030	6	1220
2	2030	5	1220
0	1970	4	1221
1	2000	7	1221
1	2000	6	1221
1	2000	1	1221
1	2000	1	1221
2	2030	2	1221
2	2030	1	1221
2	2030	1	1221
2	2030	1	1221
2	2030	2	1221
2	2030	0	1221
2	2030	7	1221
2	2030	2	1221
2	2030	0	1221
2	2030	1	1221
2	2030	2	1221
2	2030	0	1221
2	2030	2	1221
2	2030	2	1221
2	2030	6	1221
0	1970	4	1222
1	2000	2	1222
1	2000	0	1222
1	2000	3	1222
1	2000	10	1222
2	2030	1	1222
2	2030	1	1222
2	2030	3	1222
2	2030	3	1222
2	2030	0	1222
2	2030	2	1222
2	2030	3	1222
2	2030	1	1222
2	2030	0	1222
2	2030	0	1222
2	2030	0	1222
2	2030	0	1222
2	2030	0	1222
2	2030	0	1222
2	2030	0	1222
0	1970	2	1223
1	2000	2	1223
1	2000	3	1223
2	2030	1	1223
2	2030	0	1223
2	2030	2	1223
2	2030	2	1223
2	2030	1	1223
0	1970	4	1224
1	2000	6	1224
1	2000	0	1224
1	2000	0	1224
1	2000	2	1224
2	2030	3	1224
2	2030	1	1224
2	2030	3	1224
2	2030	2	1224
2	2030	5	1224
2	2030	0	1224
2	2030	2	1224
2	2030	0	1224
0	1970	8	1225
1	2000	6	1225
1	2000	3	1225
1	2000	10	1225
1	2000	9	1225
1	2000	0	1225
1	2000	1	1225
1	2000	0	1225
1	2000	2	1225
2	2030	2	1225
2	2030	2	1225
2	2030	0	1225
2	2030	7	1225
2	2030	2	1225
2	2030	0	1225
2	2030	0	1225
2	2030	3	1225
2	2030	1	1225
2	2030	1	1225
2	2030	0	1225
2	2030	2	1225
2	2030	0	1225
2	2030	3	1225
2	2030	0	1225
2	2030	0	1225
2	2030	3	1225
2	2030	3	1225
2	2030	1	1225
2	2030	1	1225
2	2030	0	1225
2	2030	4	1225
2	2030	0	1225
2	2030	0	1225
2	2030	0	1225
2	2030	0	1225
2	2030	6	1225
2	2030	0	1225
2	2030	2	1225
2	2030	2	1225
2	2030	0	1225
0	1970	3	1226
1	2000	2	1226
1	2000	5	1226
1	2000	2	1226
2	2030	0	1226
2	2030	1	1226
2	2030	0	1226
2	2030	2	1226
2	2030	3	1226
2	2030	0	1226
2	2030	1	1226
2	2030	0	1226
2	2030	6	1226
0	1970	11	1227
1	2000	3	1227
1	2000	2	1227
1	2000	12	1227
1	2000	2	1227
1	2000	2	1227
1	2000	2	1227
1	2000	2	1227
1	2000	1	1227
1	2000	6	1227
1	2000	6	1227
1	2000	4	1227
2	2030	1	1227
2	2030	2	1227
2	2030	4	1227
2	2030	1	1227
2	2030	0	1227
2	2030	0	1227
2	2030	1	1227
2	2030	1	1227
2	2030	4	1227
2	2030	1	1227
2	2030	1	1227
2	2030	5	1227
2	2030	0	1227
2	2030	0	1227
2	2030	2	1227
2	2030	4	1227
2	2030	1	1227
2	2030	0	1227
2	2030	2	1227
2	2030	0	1227
2	2030	1	1227
2	2030	0	1227
2	2030	5	1227
2	2030	1	1227
2	2030	0	1227
2	2030	2	1227
2	2030	1	1227
2	2030	8	1227
2	2030	1	1227
2	2030	0	1227
2	2030	2	1227
2	2030	4	1227
2	2030	1	1227
2	2030	2	1227
2	2030	1	1227
2	2030	3	1227
2	2030	8	1227
2	2030	2	1227
2	2030	1	1227
2	2030	4	1227
2	2030	2	1227
2	2030	4	1227
0	1970	1	1228
1	2000	2	1228
2	2030	1	1228
2	2030	1	1228
0	1970	23	1229
1	2000	3	1229
1	2000	4	1229
1	2000	2	1229
1	2000	5	1229
1	2000	0	1229
1	2000	1	1229
1	2000	6	1229
1	2000	1	1229
1	2000	5	1229
1	2000	2	1229
1	2000	0	1229
1	2000	1	1229
1	2000	2	1229
1	2000	1	1229
1	2000	8	1229
1	2000	2	1229
1	2000	6	1229
1	2000	5	1229
1	2000	1	1229
1	2000	14	1229
1	2000	2	1229
1	2000	0	1229
1	2000	4	1229
2	2030	0	1229
2	2030	6	1229
2	2030	0	1229
2	2030	0	1229
2	2030	0	1229
2	2030	0	1229
2	2030	0	1229
2	2030	2	1229
2	2030	2	1229
2	2030	4	1229
2	2030	3	1229
2	2030	1	1229
2	2030	0	1229
2	2030	3	1229
2	2030	0	1229
2	2030	1	1229
2	2030	1	1229
2	2030	5	1229
2	2030	0	1229
2	2030	0	1229
2	2030	3	1229
2	2030	1	1229
2	2030	5	1229
2	2030	3	1229
2	2030	3	1229
2	2030	6	1229
2	2030	1	1229
2	2030	4	1229
2	2030	3	1229
2	2030	0	1229
2	2030	2	1229
2	2030	0	1229
2	2030	0	1229
2	2030	1	1229
2	2030	2	1229
2	2030	0	1229
2	2030	0	1229
2	2030	3	1229
2	2030	5	1229
2	2030	0	1229
2	2030	1	1229
2	2030	1	1229
2	2030	1	1229
2	2030	4	1229
2	2030	0	1229
2	2030	0	1229
2	2030	0	1229
2	2030	1	1229
2	2030	4	1229
2	2030	1	1229
2	2030	0	1229
2	2030	0	1229
2	2030	0	1229
2	2030	2	1229
2	2030	3	1229
2	2030	3	1229
2	2030	0	1229
2	2030	2	1229
2	2030	6	1229
2	2030	4	1229
2	2030	0	1229
2	2030	0	1229
2	2030	0	1229
2	2030	1	1229
2	2030	1	1229
2	2030	4	1229
2	2030	0	1229
2	2030	3	1229
2	2030	2	1229
2	2030	5	1229
2	2030	1	1229
2	2030	1	1229
2	2030	1	1229
2	2030	2	1229
2	2030	3	1229
0	1970	1	1230
0	1970	7	1230
1	2000	9	1230
1	2000	3	1230
1	2000	3	1230
1	2000	5	1230
1	2000	5	1230
1	2000	2	1230
1	2000	5	1230
1	2000	6	1230
2	2030	4	1230
2	2030	1	1230
2	2030	0	1230
2	2030	4	1230
2	2030	0	1230
2	2030	0	1230
2	2030	5	1230
2	2030	0	1230
2	2030	0	1230
2	2030	0	1230
2	2030	5	1230
2	2030	3	1230
2	2030	1	1230
2	2030	0	1230
2	2030	0	1230
2	2030	0	1230
2	2030	1	1230
2	2030	1	1230
2	2030	2	1230
2	2030	0	1230
2	2030	0	1230
2	2030	2	1230
2	2030	2	1230
2	2030	1	1230
2	2030	1	1230
2	2030	0	1230
2	2030	4	1230
2	2030	3	1230
2	2030	1	1230
2	2030	2	1230
2	2030	5	1230
2	2030	0	1230
2	2030	8	1230
0	1970	2	1231
0	1970	4	1231
1	2000	9	1231
1	2000	4	1231
1	2000	3	1231
1	2000	4	1231
1	2000	4	1231
1	2000	0	1231
2	2030	1	1231
2	2030	0	1231
2	2030	1	1231
2	2030	0	1231
2	2030	1	1231
2	2030	0	1231
2	2030	0	1231
2	2030	2	1231
2	2030	1	1231
2	2030	2	1231
2	2030	5	1231
2	2030	1	1231
2	2030	2	1231
2	2030	1	1231
2	2030	1	1231
2	2030	4	1231
2	2030	1	1231
2	2030	0	1231
2	2030	1	1231
2	2030	12	1231
0	1970	1	1232
1	2000	2	1232
2	2030	0	1232
2	2030	3	1232
0	1970	4	1233
1	2000	3	1233
1	2000	1	1233
1	2000	6	1233
1	2000	5	1233
2	2030	1	1233
2	2030	1	1233
2	2030	5	1233
2	2030	6	1233
2	2030	1	1233
2	2030	0	1233
2	2030	3	1233
2	2030	1	1233
2	2030	1	1233
2	2030	1	1233
2	2030	0	1233
2	2030	4	1233
2	2030	0	1233
2	2030	2	1233
2	2030	1	1233
0	1970	2	1234
1	2000	2	1234
1	2000	0	1234
2	2030	2	1234
2	2030	3	1234
0	1970	2	1235
1	2000	3	1235
1	2000	0	1235
2	2030	1	1235
2	2030	2	1235
2	2030	5	1235
0	1970	10	1236
1	2000	2	1236
1	2000	3	1236
1	2000	3	1236
1	2000	1	1236
1	2000	1	1236
1	2000	2	1236
1	2000	4	1236
1	2000	1	1236
1	2000	2	1236
1	2000	3	1236
2	2030	1	1236
2	2030	1	1236
2	2030	2	1236
2	2030	1	1236
2	2030	0	1236
2	2030	4	1236
2	2030	4	1236
2	2030	2	1236
2	2030	0	1236
2	2030	4	1236
2	2030	2	1236
2	2030	1	1236
2	2030	4	1236
2	2030	0	1236
2	2030	0	1236
2	2030	2	1236
2	2030	0	1236
2	2030	3	1236
2	2030	0	1236
2	2030	1	1236
2	2030	0	1236
2	2030	2	1236
0	1970	3	1237
1	2000	6	1237
1	2000	1	1237
1	2000	0	1237
2	2030	3	1237
2	2030	1	1237
2	2030	0	1237
2	2030	9	1237
2	2030	1	1237
2	2030	1	1237
2	2030	1	1237
0	1970	1	1238
1	2000	7	1238
1	2000	7	1238
2	2030	11	1238
2	2030	1	1238
2	2030	0	1238
2	2030	2	1238
2	2030	2	1238
2	2030	2	1238
2	2030	0	1238
0	1970	4	1239
1	2000	1	1239
1	2000	0	1239
1	2000	2	1239
1	2000	1	1239
2	2030	1	1239
2	2030	0	1239
2	2030	1	1239
2	2030	0	1239
0	1970	1	1240
0	1970	4	1240
1	2000	6	1240
1	2000	7	1240
1	2000	0	1240
1	2000	5	1240
1	2000	0	1240
2	2030	0	1240
2	2030	5	1240
2	2030	0	1240
2	2030	4	1240
2	2030	0	1240
2	2030	0	1240
2	2030	6	1240
2	2030	16	1240
2	2030	2	1240
2	2030	0	1240
2	2030	4	1240
2	2030	2	1240
2	2030	2	1240
2	2030	2	1240
2	2030	0	1240
2	2030	4	1240
2	2030	1	1240
2	2030	1	1240
0	1970	2	1241
1	2000	1	1241
1	2000	5	1241
2	2030	3	1241
2	2030	0	1241
2	2030	1	1241
2	2030	3	1241
2	2030	0	1241
2	2030	1	1241
0	1970	3	1242
0	1970	5	1242
1	2000	2	1242
1	2000	6	1242
1	2000	7	1242
1	2000	1	1242
1	2000	7	1242
1	2000	6	1242
1	2000	7	1242
1	2000	9	1242
2	2030	4	1242
2	2030	1	1242
2	2030	1	1242
2	2030	3	1242
2	2030	0	1242
2	2030	1	1242
2	2030	0	1242
2	2030	4	1242
2	2030	9	1242
2	2030	2	1242
2	2030	0	1242
2	2030	4	1242
2	2030	2	1242
2	2030	1	1242
2	2030	0	1242
2	2030	1	1242
2	2030	3	1242
2	2030	1	1242
2	2030	3	1242
2	2030	0	1242
2	2030	6	1242
2	2030	9	1242
2	2030	2	1242
2	2030	0	1242
2	2030	6	1242
2	2030	5	1242
2	2030	1	1242
2	2030	4	1242
2	2030	0	1242
2	2030	0	1242
2	2030	2	1242
2	2030	2	1242
2	2030	2	1242
2	2030	0	1242
2	2030	0	1242
2	2030	0	1242
2	2030	0	1242
2	2030	0	1242
0	1970	1	1243
1	2000	1	1243
1	2000	1	1243
2	2030	2	1243
0	1970	11	1244
1	2000	8	1244
1	2000	6	1244
1	2000	0	1244
1	2000	6	1244
1	2000	0	1244
1	2000	0	1244
1	2000	1	1244
1	2000	0	1244
1	2000	7	1244
1	2000	2	1244
1	2000	1	1244
2	2030	1	1244
2	2030	1	1244
2	2030	3	1244
2	2030	2	1244
2	2030	1	1244
2	2030	1	1244
2	2030	1	1244
2	2030	2	1244
2	2030	1	1244
2	2030	6	1244
2	2030	1	1244
2	2030	0	1244
2	2030	0	1244
2	2030	1	1244
2	2030	4	1244
2	2030	2	1244
2	2030	0	1244
2	2030	0	1244
2	2030	1	1244
2	2030	3	1244
2	2030	0	1244
2	2030	1	1244
2	2030	0	1244
2	2030	0	1244
2	2030	1	1244
2	2030	0	1244
2	2030	0	1244
2	2030	2	1244
2	2030	0	1244
2	2030	2	1244
2	2030	0	1244
0	1970	1	1245
1	2000	9	1245
1	2000	9	1245
2	2030	3	1245
2	2030	2	1245
2	2030	4	1245
2	2030	3	1245
2	2030	1	1245
2	2030	1	1245
2	2030	1	1245
2	2030	4	1245
2	2030	1	1245
0	1970	1	1246
1	2000	2	1246
2	2030	0	1246
2	2030	3	1246
0	1970	1	1247
1	2000	1	1247
2	2030	0	1247
0	1970	2	1248
1	2000	2	1248
1	2000	1	1248
2	2030	0	1248
2	2030	0	1248
2	2030	2	1248
0	1970	1	1249
1	2000	2	1249
2	2030	1	1249
2	2030	0	1249
0	1970	2	1250
1	2000	0	1250
1	2000	5	1250
2	2030	0	1250
2	2030	1	1250
2	2030	0	1250
2	2030	3	1250
2	2030	3	1250
0	1970	8	1251
1	2000	2	1251
1	2000	2	1251
1	2000	0	1251
1	2000	2	1251
1	2000	0	1251
1	2000	3	1251
1	2000	0	1251
1	2000	3	1251
2	2030	0	1251
2	2030	2	1251
2	2030	0	1251
2	2030	0	1251
2	2030	1	1251
2	2030	3	1251
2	2030	0	1251
2	2030	0	1251
2	2030	1	1251
2	2030	2	1251
2	2030	2	1251
2	2030	1	1251
0	1970	3	1252
0	1970	15	1252
1	2000	0	1252
1	2000	4	1252
1	2000	4	1252
1	2000	2	1252
1	2000	6	1252
1	2000	4	1252
1	2000	1	1252
1	2000	0	1252
1	2000	3	1252
1	2000	0	1252
1	2000	2	1252
1	2000	5	1252
1	2000	4	1252
1	2000	0	1252
1	2000	0	1252
1	2000	4	1252
1	2000	4	1252
1	2000	2	1252
2	2030	2	1252
2	2030	0	1252
2	2030	3	1252
2	2030	7	1252
2	2030	2	1252
2	2030	1	1252
2	2030	0	1252
2	2030	2	1252
2	2030	0	1252
2	2030	1	1252
2	2030	2	1252
2	2030	4	1252
2	2030	3	1252
2	2030	2	1252
2	2030	1	1252
2	2030	3	1252
2	2030	3	1252
2	2030	7	1252
2	2030	3	1252
2	2030	1	1252
2	2030	0	1252
2	2030	2	1252
2	2030	3	1252
2	2030	2	1252
2	2030	1	1252
2	2030	0	1252
2	2030	0	1252
2	2030	0	1252
2	2030	1	1252
2	2030	1	1252
2	2030	0	1252
2	2030	1	1252
2	2030	0	1252
2	2030	0	1252
2	2030	1	1252
2	2030	0	1252
2	2030	6	1252
2	2030	0	1252
2	2030	0	1252
2	2030	2	1252
2	2030	9	1252
2	2030	3	1252
2	2030	0	1252
2	2030	0	1252
2	2030	2	1252
0	1970	0	1253
0	1970	8	1253
1	2000	5	1253
1	2000	0	1253
1	2000	1	1253
1	2000	4	1253
1	2000	2	1253
1	2000	1	1253
1	2000	2	1253
1	2000	0	1253
2	2030	1	1253
2	2030	2	1253
2	2030	4	1253
2	2030	0	1253
2	2030	1	1253
2	2030	0	1253
2	2030	2	1253
2	2030	2	1253
2	2030	0	1253
2	2030	2	1253
2	2030	0	1253
2	2030	3	1253
2	2030	5	1253
2	2030	6	1253
2	2030	2	1253
0	1970	11	1254
1	2000	1	1254
1	2000	2	1254
1	2000	3	1254
1	2000	0	1254
1	2000	5	1254
1	2000	1	1254
1	2000	3	1254
1	2000	3	1254
1	2000	2	1254
1	2000	1	1254
1	2000	2	1254
2	2030	0	1254
2	2030	3	1254
2	2030	2	1254
2	2030	2	1254
2	2030	1	1254
2	2030	0	1254
2	2030	1	1254
2	2030	1	1254
2	2030	2	1254
2	2030	1	1254
2	2030	0	1254
2	2030	1	1254
2	2030	2	1254
2	2030	0	1254
2	2030	7	1254
2	2030	2	1254
2	2030	1	1254
2	2030	3	1254
2	2030	0	1254
2	2030	1	1254
2	2030	1	1254
2	2030	10	1254
2	2030	4	1254
0	1970	1	1255
1	2000	3	1255
1	2000	3	1255
2	2030	3	1255
2	2030	3	1255
2	2030	0	1255
2	2030	0	1255
2	2030	0	1255
2	2030	1	1255
0	1970	5	1256
1	2000	3	1256
1	2000	5	1256
1	2000	4	1256
1	2000	4	1256
1	2000	3	1256
2	2030	0	1256
2	2030	0	1256
2	2030	1	1256
2	2030	1	1256
2	2030	1	1256
2	2030	1	1256
2	2030	1	1256
2	2030	0	1256
2	2030	0	1256
2	2030	1	1256
2	2030	2	1256
2	2030	0	1256
2	2030	2	1256
2	2030	0	1256
2	2030	0	1256
2	2030	1	1256
2	2030	3	1256
2	2030	0	1256
2	2030	2	1256
0	1970	1	1257
1	2000	1	1257
2	2030	3	1257
0	1970	1	1258
1	2000	2	1258
1	2000	3	1258
2	2030	4	1258
2	2030	5	1258
2	2030	5	1258
2	2030	1	1258
2	2030	3	1258
0	1970	8	1259
1	2000	1	1259
1	2000	5	1259
1	2000	1	1259
1	2000	1	1259
1	2000	4	1259
1	2000	0	1259
1	2000	0	1259
1	2000	3	1259
2	2030	3	1259
2	2030	3	1259
2	2030	3	1259
2	2030	7	1259
2	2030	3	1259
2	2030	0	1259
2	2030	0	1259
2	2030	0	1259
2	2030	1	1259
2	2030	2	1259
2	2030	2	1259
2	2030	1	1259
2	2030	0	1259
2	2030	4	1259
2	2030	0	1259
0	1970	4	1260
0	1970	1	1260
1	2000	0	1260
1	2000	5	1260
1	2000	2	1260
1	2000	1	1260
1	2000	3	1260
2	2030	0	1260
2	2030	0	1260
2	2030	4	1260
2	2030	1	1260
2	2030	0	1260
2	2030	2	1260
2	2030	0	1260
2	2030	0	1260
2	2030	0	1260
2	2030	1	1260
2	2030	0	1260
0	1970	11	1261
1	2000	9	1261
1	2000	7	1261
1	2000	1	1261
1	2000	1	1261
1	2000	4	1261
1	2000	6	1261
1	2000	1	1261
1	2000	1	1261
1	2000	0	1261
1	2000	2	1261
1	2000	1	1261
2	2030	0	1261
2	2030	2	1261
2	2030	4	1261
2	2030	1	1261
2	2030	2	1261
2	2030	1	1261
2	2030	4	1261
2	2030	2	1261
2	2030	7	1261
2	2030	2	1261
2	2030	3	1261
2	2030	1	1261
2	2030	3	1261
2	2030	1	1261
2	2030	2	1261
2	2030	0	1261
2	2030	2	1261
2	2030	2	1261
2	2030	0	1261
2	2030	0	1261
2	2030	0	1261
2	2030	2	1261
2	2030	2	1261
2	2030	1	1261
2	2030	2	1261
2	2030	4	1261
2	2030	0	1261
2	2030	1	1261
2	2030	2	1261
2	2030	0	1261
2	2030	0	1261
2	2030	0	1261
2	2030	4	1261
0	1970	1	1262
1	2000	1	1262
2	2030	3	1262
0	1970	1	1263
1	2000	2	1263
2	2030	2	1263
2	2030	2	1263
0	1970	3	1264
1	2000	1	1264
1	2000	3	1264
1	2000	4	1264
2	2030	0	1264
2	2030	2	1264
2	2030	0	1264
2	2030	2	1264
2	2030	1	1264
2	2030	2	1264
2	2030	0	1264
2	2030	1	1264
0	1970	10	1265
1	2000	4	1265
1	2000	0	1265
1	2000	2	1265
1	2000	1	1265
1	2000	2	1265
1	2000	15	1265
1	2000	3	1265
1	2000	5	1265
1	2000	4	1265
1	2000	3	1265
2	2030	4	1265
2	2030	1	1265
2	2030	1	1265
2	2030	2	1265
2	2030	5	1265
2	2030	4	1265
2	2030	4	1265
2	2030	3	1265
2	2030	2	1265
2	2030	1	1265
2	2030	1	1265
2	2030	3	1265
2	2030	1	1265
2	2030	1	1265
2	2030	0	1265
2	2030	1	1265
2	2030	2	1265
2	2030	0	1265
2	2030	4	1265
2	2030	0	1265
2	2030	0	1265
2	2030	0	1265
2	2030	1	1265
2	2030	1	1265
2	2030	1	1265
2	2030	2	1265
2	2030	1	1265
2	2030	0	1265
2	2030	0	1265
2	2030	1	1265
2	2030	2	1265
2	2030	2	1265
2	2030	2	1265
2	2030	0	1265
2	2030	5	1265
2	2030	1	1265
2	2030	1	1265
2	2030	2	1265
2	2030	0	1265
0	1970	2	1266
1	2000	0	1266
1	2000	1	1266
2	2030	0	1266
0	1970	7	1267
1	2000	0	1267
1	2000	2	1267
1	2000	0	1267
1	2000	3	1267
1	2000	0	1267
1	2000	5	1267
1	2000	3	1267
2	2030	3	1267
2	2030	7	1267
2	2030	5	1267
2	2030	0	1267
2	2030	0	1267
2	2030	1	1267
2	2030	0	1267
2	2030	2	1267
2	2030	1	1267
2	2030	1	1267
2	2030	0	1267
2	2030	0	1267
2	2030	0	1267
0	1970	1	1268
1	2000	3	1268
2	2030	1	1268
2	2030	0	1268
2	2030	0	1268
0	1970	8	1269
1	2000	2	1269
1	2000	2	1269
1	2000	0	1269
1	2000	0	1269
1	2000	0	1269
1	2000	0	1269
1	2000	0	1269
1	2000	4	1269
2	2030	2	1269
2	2030	2	1269
2	2030	1	1269
2	2030	1	1269
2	2030	2	1269
2	2030	3	1269
2	2030	0	1269
2	2030	2	1269
0	1970	3	1270
1	2000	2	1270
1	2000	1	1270
1	2000	3	1270
2	2030	0	1270
2	2030	0	1270
2	2030	2	1270
2	2030	1	1270
2	2030	2	1270
2	2030	4	1270
0	1970	5	1271
1	2000	3	1271
1	2000	4	1271
1	2000	1	1271
1	2000	0	1271
1	2000	0	1271
2	2030	1	1271
2	2030	1	1271
2	2030	2	1271
2	2030	1	1271
2	2030	1	1271
2	2030	0	1271
2	2030	2	1271
2	2030	7	1271
0	1970	5	1272
1	2000	6	1272
1	2000	1	1272
1	2000	1	1272
1	2000	0	1272
1	2000	2	1272
2	2030	0	1272
2	2030	4	1272
2	2030	0	1272
2	2030	1	1272
2	2030	0	1272
2	2030	1	1272
2	2030	0	1272
2	2030	0	1272
2	2030	0	1272
2	2030	2	1272
0	1970	1	1273
1	2000	6	1273
2	2030	1	1273
2	2030	3	1273
2	2030	0	1273
2	2030	2	1273
2	2030	3	1273
2	2030	2	1273
0	1970	2	1274
1	2000	20	1274
1	2000	8	1274
2	2030	2	1274
2	2030	2	1274
2	2030	1	1274
2	2030	0	1274
2	2030	1	1274
2	2030	3	1274
2	2030	2	1274
2	2030	0	1274
2	2030	1	1274
2	2030	3	1274
2	2030	2	1274
2	2030	3	1274
2	2030	5	1274
2	2030	4	1274
2	2030	3	1274
2	2030	2	1274
2	2030	2	1274
2	2030	2	1274
2	2030	0	1274
2	2030	0	1274
2	2030	1	1274
2	2030	1	1274
2	2030	1	1274
2	2030	0	1274
2	2030	0	1274
2	2030	0	1274
2	2030	0	1274
2	2030	4	1274
0	1970	3	1275
1	2000	1	1275
1	2000	1	1275
1	2000	3	1275
2	2030	1	1275
2	2030	0	1275
2	2030	10	1275
2	2030	0	1275
2	2030	6	1275
0	1970	2	1276
1	2000	3	1276
1	2000	3	1276
2	2030	2	1276
2	2030	3	1276
2	2030	1	1276
2	2030	1	1276
2	2030	5	1276
2	2030	0	1276
0	1970	7	1277
1	2000	2	1277
1	2000	1	1277
1	2000	4	1277
1	2000	0	1277
1	2000	2	1277
1	2000	0	1277
1	2000	4	1277
2	2030	0	1277
2	2030	0	1277
2	2030	2	1277
2	2030	0	1277
2	2030	0	1277
2	2030	0	1277
2	2030	4	1277
2	2030	3	1277
2	2030	0	1277
2	2030	1	1277
2	2030	0	1277
2	2030	3	1277
2	2030	2	1277
0	1970	4	1278
1	2000	0	1278
1	2000	7	1278
1	2000	2	1278
1	2000	3	1278
2	2030	0	1278
2	2030	1	1278
2	2030	1	1278
2	2030	1	1278
2	2030	3	1278
2	2030	0	1278
2	2030	3	1278
2	2030	2	1278
2	2030	4	1278
2	2030	2	1278
2	2030	2	1278
2	2030	0	1278
0	1970	5	1279
1	2000	2	1279
1	2000	1	1279
1	2000	0	1279
1	2000	2	1279
1	2000	0	1279
2	2030	0	1279
2	2030	3	1279
2	2030	1	1279
2	2030	1	1279
2	2030	1	1279
0	1970	2	1280
0	1970	5	1280
1	2000	1	1280
1	2000	3	1280
1	2000	10	1280
1	2000	4	1280
1	2000	0	1280
1	2000	10	1280
1	2000	5	1280
2	2030	0	1280
2	2030	4	1280
2	2030	5	1280
2	2030	2	1280
2	2030	5	1280
2	2030	1	1280
2	2030	1	1280
2	2030	0	1280
2	2030	1	1280
2	2030	0	1280
2	2030	5	1280
2	2030	0	1280
2	2030	1	1280
2	2030	1	1280
2	2030	0	1280
2	2030	5	1280
2	2030	2	1280
2	2030	0	1280
2	2030	0	1280
2	2030	2	1280
2	2030	1	1280
2	2030	1	1280
2	2030	2	1280
0	1970	4	1281
1	2000	2	1281
1	2000	2	1281
1	2000	4	1281
1	2000	0	1281
2	2030	0	1281
2	2030	0	1281
2	2030	1	1281
2	2030	7	1281
2	2030	2	1281
2	2030	4	1281
2	2030	0	1281
2	2030	1	1281
0	1970	1	1282
1	2000	1	1282
2	2030	1	1282
0	1970	9	1283
1	2000	5	1283
1	2000	1	1283
1	2000	5	1283
1	2000	1	1283
1	2000	1	1283
1	2000	4	1283
1	2000	0	1283
1	2000	1	1283
1	2000	0	1283
2	2030	7	1283
2	2030	3	1283
2	2030	0	1283
2	2030	4	1283
2	2030	0	1283
2	2030	0	1283
2	2030	1	1283
2	2030	4	1283
2	2030	1	1283
2	2030	0	1283
2	2030	0	1283
2	2030	7	1283
2	2030	0	1283
2	2030	9	1283
2	2030	1	1283
2	2030	1	1283
2	2030	0	1283
2	2030	2	1283
0	1970	2	1284
1	2000	0	1284
1	2000	9	1284
2	2030	1	1284
2	2030	1	1284
2	2030	0	1284
2	2030	0	1284
2	2030	3	1284
2	2030	0	1284
2	2030	2	1284
2	2030	1	1284
2	2030	2	1284
0	1970	5	1285
1	2000	7	1285
1	2000	2	1285
1	2000	12	1285
1	2000	4	1285
1	2000	1	1285
2	2030	1	1285
2	2030	0	1285
2	2030	0	1285
2	2030	0	1285
2	2030	1	1285
2	2030	0	1285
2	2030	6	1285
2	2030	0	1285
2	2030	1	1285
2	2030	6	1285
2	2030	0	1285
2	2030	4	1285
2	2030	2	1285
2	2030	2	1285
2	2030	5	1285
2	2030	4	1285
2	2030	4	1285
2	2030	2	1285
2	2030	4	1285
2	2030	7	1285
2	2030	1	1285
2	2030	0	1285
2	2030	0	1285
2	2030	1	1285
2	2030	1	1285
2	2030	1	1285
0	1970	5	1286
1	2000	5	1286
1	2000	2	1286
1	2000	0	1286
1	2000	0	1286
1	2000	4	1286
2	2030	1	1286
2	2030	2	1286
2	2030	2	1286
2	2030	5	1286
2	2030	2	1286
2	2030	3	1286
2	2030	0	1286
2	2030	1	1286
2	2030	0	1286
2	2030	0	1286
2	2030	1	1286
0	1970	3	1287
1	2000	1	1287
1	2000	3	1287
1	2000	2	1287
2	2030	1	1287
2	2030	1	1287
2	2030	1	1287
2	2030	0	1287
2	2030	2	1287
2	2030	0	1287
0	1970	5	1288
1	2000	5	1288
1	2000	2	1288
1	2000	0	1288
1	2000	7	1288
1	2000	0	1288
2	2030	0	1288
2	2030	3	1288
2	2030	6	1288
2	2030	1	1288
2	2030	0	1288
2	2030	1	1288
2	2030	0	1288
2	2030	1	1288
2	2030	1	1288
2	2030	8	1288
2	2030	2	1288
2	2030	4	1288
2	2030	1	1288
2	2030	0	1288
0	1970	7	1289
1	2000	0	1289
1	2000	3	1289
1	2000	2	1289
1	2000	1	1289
1	2000	7	1289
1	2000	3	1289
1	2000	1	1289
2	2030	3	1289
2	2030	1	1289
2	2030	0	1289
2	2030	3	1289
2	2030	2	1289
2	2030	2	1289
2	2030	0	1289
2	2030	3	1289
2	2030	0	1289
2	2030	1	1289
2	2030	1	1289
2	2030	4	1289
2	2030	0	1289
2	2030	3	1289
2	2030	0	1289
2	2030	1	1289
2	2030	1	1289
0	1970	7	1290
1	2000	6	1290
1	2000	3	1290
1	2000	2	1290
1	2000	2	1290
1	2000	1	1290
1	2000	1	1290
1	2000	9	1290
2	2030	8	1290
2	2030	3	1290
2	2030	1	1290
2	2030	19	1290
2	2030	1	1290
2	2030	0	1290
2	2030	1	1290
2	2030	0	1290
2	2030	0	1290
2	2030	1	1290
2	2030	5	1290
2	2030	2	1290
2	2030	2	1290
2	2030	0	1290
2	2030	0	1290
2	2030	3	1290
2	2030	1	1290
2	2030	2	1290
2	2030	0	1290
2	2030	2	1290
2	2030	2	1290
2	2030	1	1290
2	2030	8	1290
2	2030	4	1290
0	1970	5	1291
1	2000	0	1291
1	2000	3	1291
1	2000	1	1291
1	2000	2	1291
1	2000	0	1291
2	2030	12	1291
2	2030	2	1291
2	2030	2	1291
2	2030	3	1291
2	2030	1	1291
2	2030	2	1291
0	1970	1	1292
1	2000	0	1292
1	2000	3	1292
2	2030	0	1292
2	2030	1	1292
2	2030	0	1292
0	1970	1	1293
1	2000	1	1293
1	2000	4	1293
2	2030	1	1293
2	2030	1	1293
2	2030	2	1293
2	2030	1	1293
2	2030	1	1293
0	1970	3	1294
1	2000	14	1294
1	2000	1	1294
1	2000	0	1294
2	2030	3	1294
2	2030	0	1294
2	2030	1	1294
2	2030	1	1294
2	2030	0	1294
2	2030	2	1294
2	2030	1	1294
2	2030	2	1294
2	2030	0	1294
2	2030	0	1294
2	2030	1	1294
2	2030	2	1294
2	2030	2	1294
2	2030	1	1294
2	2030	0	1294
0	1970	4	1295
1	2000	1	1295
1	2000	0	1295
1	2000	1	1295
1	2000	4	1295
2	2030	4	1295
2	2030	0	1295
2	2030	0	1295
2	2030	3	1295
2	2030	2	1295
2	2030	1	1295
0	1970	3	1296
1	2000	3	1296
1	2000	4	1296
1	2000	2	1296
2	2030	1	1296
2	2030	0	1296
2	2030	1	1296
2	2030	1	1296
2	2030	2	1296
2	2030	2	1296
2	2030	1	1296
2	2030	0	1296
2	2030	2	1296
0	1970	3	1297
1	2000	2	1297
1	2000	10	1297
1	2000	7	1297
2	2030	1	1297
2	2030	0	1297
2	2030	2	1297
2	2030	0	1297
2	2030	3	1297
2	2030	0	1297
2	2030	3	1297
2	2030	0	1297
2	2030	1	1297
2	2030	2	1297
2	2030	3	1297
2	2030	5	1297
2	2030	1	1297
2	2030	1	1297
2	2030	0	1297
2	2030	0	1297
2	2030	4	1297
2	2030	2	1297
2	2030	1	1297
0	1970	1	1298
1	2000	4	1298
2	2030	8	1298
2	2030	2	1298
2	2030	3	1298
2	2030	2	1298
0	1970	7	1299
1	2000	3	1299
1	2000	0	1299
1	2000	2	1299
1	2000	2	1299
1	2000	3	1299
1	2000	0	1299
1	2000	0	1299
2	2030	4	1299
2	2030	1	1299
2	2030	2	1299
2	2030	7	1299
2	2030	0	1299
2	2030	2	1299
2	2030	0	1299
2	2030	2	1299
2	2030	3	1299
2	2030	2	1299
0	1970	1	1300
1	2000	2	1300
2	2030	0	1300
2	2030	0	1300
0	1970	0	1301
0	1970	10	1301
1	2000	0	1301
1	2000	0	1301
1	2000	1	1301
1	2000	4	1301
1	2000	8	1301
1	2000	0	1301
1	2000	3	1301
1	2000	4	1301
1	2000	3	1301
1	2000	2	1301
2	2030	0	1301
2	2030	3	1301
2	2030	1	1301
2	2030	2	1301
2	2030	0	1301
2	2030	1	1301
2	2030	0	1301
2	2030	0	1301
2	2030	1	1301
2	2030	1	1301
2	2030	4	1301
2	2030	8	1301
2	2030	3	1301
2	2030	1	1301
2	2030	0	1301
2	2030	0	1301
2	2030	0	1301
2	2030	0	1301
2	2030	1	1301
2	2030	7	1301
2	2030	1	1301
2	2030	3	1301
2	2030	0	1301
2	2030	0	1301
2	2030	1	1301
0	1970	3	1302
1	2000	0	1302
1	2000	1	1302
1	2000	11	1302
2	2030	0	1302
2	2030	1	1302
2	2030	1	1302
2	2030	5	1302
2	2030	0	1302
2	2030	0	1302
2	2030	4	1302
2	2030	2	1302
2	2030	1	1302
2	2030	3	1302
2	2030	0	1302
2	2030	1	1302
0	1970	7	1303
0	1970	0	1303
1	2000	0	1303
1	2000	1	1303
1	2000	4	1303
1	2000	0	1303
1	2000	2	1303
1	2000	0	1303
1	2000	4	1303
2	2030	3	1303
2	2030	0	1303
2	2030	1	1303
2	2030	4	1303
2	2030	0	1303
2	2030	1	1303
2	2030	0	1303
2	2030	1	1303
2	2030	2	1303
2	2030	3	1303
2	2030	5	1303
0	1970	11	1304
1	2000	1	1304
1	2000	3	1304
1	2000	1	1304
1	2000	0	1304
1	2000	0	1304
1	2000	0	1304
1	2000	0	1304
1	2000	2	1304
1	2000	1	1304
1	2000	2	1304
1	2000	0	1304
2	2030	0	1304
2	2030	1	1304
2	2030	1	1304
2	2030	1	1304
2	2030	0	1304
2	2030	1	1304
2	2030	3	1304
2	2030	1	1304
2	2030	1	1304
2	2030	1	1304
0	1970	2	1305
1	2000	3	1305
1	2000	9	1305
2	2030	0	1305
2	2030	0	1305
2	2030	0	1305
2	2030	0	1305
2	2030	1	1305
2	2030	1	1305
2	2030	2	1305
2	2030	3	1305
2	2030	2	1305
2	2030	0	1305
2	2030	1	1305
2	2030	0	1305
0	1970	1	1306
1	2000	1	1306
1	2000	4	1306
2	2030	0	1306
2	2030	2	1306
2	2030	1	1306
2	2030	1	1306
2	2030	0	1306
0	1970	10	1307
1	2000	0	1307
1	2000	0	1307
1	2000	3	1307
1	2000	1	1307
1	2000	0	1307
1	2000	1	1307
1	2000	1	1307
1	2000	2	1307
1	2000	4	1307
1	2000	2	1307
2	2030	0	1307
2	2030	2	1307
2	2030	4	1307
2	2030	1	1307
2	2030	4	1307
2	2030	1	1307
2	2030	0	1307
2	2030	5	1307
2	2030	4	1307
2	2030	4	1307
2	2030	1	1307
2	2030	0	1307
2	2030	0	1307
2	2030	2	1307
0	1970	11	1308
1	2000	4	1308
1	2000	3	1308
1	2000	3	1308
1	2000	2	1308
1	2000	0	1308
1	2000	4	1308
1	2000	4	1308
1	2000	0	1308
1	2000	1	1308
1	2000	0	1308
1	2000	0	1308
2	2030	1	1308
2	2030	5	1308
2	2030	0	1308
2	2030	3	1308
2	2030	6	1308
2	2030	0	1308
2	2030	2	1308
2	2030	0	1308
2	2030	3	1308
2	2030	1	1308
2	2030	1	1308
2	2030	1	1308
2	2030	0	1308
2	2030	1	1308
2	2030	1	1308
2	2030	11	1308
2	2030	0	1308
2	2030	1	1308
2	2030	0	1308
2	2030	0	1308
2	2030	0	1308
0	1970	6	1309
1	2000	2	1309
1	2000	0	1309
1	2000	2	1309
1	2000	1	1309
1	2000	2	1309
1	2000	0	1309
2	2030	0	1309
2	2030	0	1309
2	2030	4	1309
2	2030	0	1309
2	2030	2	1309
2	2030	6	1309
2	2030	0	1309
0	1970	1	1310
1	2000	4	1310
2	2030	2	1310
2	2030	2	1310
2	2030	0	1310
2	2030	0	1310
0	1970	3	1311
1	2000	0	1311
1	2000	1	1311
1	2000	4	1311
2	2030	3	1311
2	2030	1	1311
2	2030	0	1311
2	2030	0	1311
2	2030	0	1311
0	1970	6	1312
1	2000	4	1312
1	2000	1	1312
1	2000	0	1312
1	2000	5	1312
1	2000	8	1312
1	2000	3	1312
2	2030	0	1312
2	2030	1	1312
2	2030	0	1312
2	2030	0	1312
2	2030	3	1312
2	2030	0	1312
2	2030	0	1312
2	2030	0	1312
2	2030	1	1312
2	2030	0	1312
2	2030	1	1312
2	2030	1	1312
2	2030	1	1312
2	2030	0	1312
2	2030	0	1312
2	2030	2	1312
2	2030	3	1312
2	2030	1	1312
2	2030	0	1312
2	2030	0	1312
2	2030	0	1312
0	1970	5	1313
1	2000	6	1313
1	2000	4	1313
1	2000	1	1313
1	2000	5	1313
1	2000	0	1313
2	2030	3	1313
2	2030	7	1313
2	2030	1	1313
2	2030	4	1313
2	2030	0	1313
2	2030	0	1313
2	2030	0	1313
2	2030	0	1313
2	2030	1	1313
2	2030	0	1313
2	2030	0	1313
2	2030	2	1313
2	2030	3	1313
2	2030	2	1313
2	2030	0	1313
2	2030	2	1313
0	1970	2	1314
1	2000	0	1314
1	2000	2	1314
2	2030	1	1314
2	2030	1	1314
0	1970	1	1315
1	2000	2	1315
2	2030	1	1315
2	2030	0	1315
0	1970	8	1316
0	1970	1	1316
1	2000	0	1316
1	2000	2	1316
1	2000	2	1316
1	2000	5	1316
1	2000	5	1316
1	2000	8	1316
1	2000	1	1316
1	2000	0	1316
1	2000	1	1316
2	2030	2	1316
2	2030	0	1316
2	2030	4	1316
2	2030	3	1316
2	2030	0	1316
2	2030	0	1316
2	2030	0	1316
2	2030	2	1316
2	2030	0	1316
2	2030	0	1316
2	2030	3	1316
2	2030	1	1316
2	2030	2	1316
2	2030	2	1316
2	2030	1	1316
2	2030	1	1316
2	2030	0	1316
2	2030	14	1316
2	2030	2	1316
0	1970	1	1317
1	2000	3	1317
1	2000	7	1317
2	2030	1	1317
2	2030	1	1317
2	2030	3	1317
2	2030	2	1317
2	2030	1	1317
2	2030	3	1317
2	2030	5	1317
2	2030	2	1317
2	2030	2	1317
2	2030	5	1317
0	1970	5	1318
1	2000	2	1318
1	2000	1	1318
1	2000	3	1318
1	2000	5	1318
1	2000	1	1318
2	2030	0	1318
2	2030	0	1318
2	2030	1	1318
2	2030	2	1318
2	2030	1	1318
2	2030	1	1318
2	2030	0	1318
2	2030	3	1318
2	2030	1	1318
2	2030	0	1318
2	2030	0	1318
2	2030	2	1318
0	1970	2	1319
1	2000	1	1319
1	2000	0	1319
2	2030	2	1319
0	1970	2	1320
1	2000	1	1320
1	2000	0	1320
2	2030	0	1320
0	1970	3	1321
0	1970	14	1321
1	2000	1	1321
1	2000	1	1321
1	2000	4	1321
1	2000	2	1321
1	2000	3	1321
1	2000	9	1321
1	2000	4	1321
1	2000	9	1321
1	2000	4	1321
1	2000	1	1321
1	2000	1	1321
1	2000	1	1321
1	2000	1	1321
1	2000	3	1321
1	2000	0	1321
1	2000	6	1321
1	2000	1	1321
2	2030	0	1321
2	2030	1	1321
2	2030	4	1321
2	2030	1	1321
2	2030	2	1321
2	2030	0	1321
2	2030	1	1321
2	2030	1	1321
2	2030	3	1321
2	2030	5	1321
2	2030	4	1321
2	2030	0	1321
2	2030	3	1321
2	2030	1	1321
2	2030	3	1321
2	2030	2	1321
2	2030	1	1321
2	2030	4	1321
2	2030	0	1321
2	2030	5	1321
2	2030	1	1321
2	2030	1	1321
2	2030	0	1321
2	2030	5	1321
2	2030	6	1321
2	2030	0	1321
2	2030	2	1321
2	2030	0	1321
2	2030	0	1321
2	2030	0	1321
2	2030	4	1321
2	2030	0	1321
2	2030	1	1321
2	2030	3	1321
2	2030	1	1321
2	2030	0	1321
2	2030	2	1321
2	2030	2	1321
0	1970	2	1322
0	1970	1	1322
1	2000	0	1322
1	2000	5	1322
1	2000	0	1322
2	2030	2	1322
2	2030	0	1322
2	2030	1	1322
2	2030	0	1322
2	2030	1	1322
0	1970	3	1323
1	2000	3	1323
1	2000	1	1323
1	2000	3	1323
2	2030	2	1323
2	2030	0	1323
2	2030	1	1323
2	2030	1	1323
2	2030	1	1323
2	2030	1	1323
2	2030	1	1323
0	1970	8	1324
1	2000	0	1324
1	2000	2	1324
1	2000	2	1324
1	2000	0	1324
1	2000	7	1324
1	2000	1	1324
1	2000	1	1324
1	2000	1	1324
2	2030	1	1324
2	2030	10	1324
2	2030	1	1324
2	2030	1	1324
2	2030	2	1324
2	2030	1	1324
2	2030	0	1324
2	2030	0	1324
2	2030	1	1324
2	2030	0	1324
2	2030	2	1324
2	2030	0	1324
2	2030	7	1324
2	2030	1	1324
0	1970	3	1325
1	2000	1	1325
1	2000	0	1325
1	2000	4	1325
2	2030	3	1325
2	2030	0	1325
2	2030	2	1325
2	2030	1	1325
2	2030	5	1325
0	1970	1	1326
1	2000	6	1326
2	2030	0	1326
2	2030	5	1326
2	2030	2	1326
2	2030	3	1326
2	2030	0	1326
2	2030	1	1326
0	1970	3	1327
1	2000	1	1327
1	2000	2	1327
1	2000	4	1327
2	2030	2	1327
2	2030	0	1327
2	2030	1	1327
2	2030	0	1327
2	2030	0	1327
2	2030	5	1327
2	2030	0	1327
0	1970	2	1328
1	2000	5	1328
1	2000	4	1328
2	2030	0	1328
2	2030	1	1328
2	2030	0	1328
2	2030	0	1328
2	2030	1	1328
2	2030	1	1328
2	2030	1	1328
2	2030	2	1328
2	2030	3	1328
0	1970	6	1329
1	2000	1	1329
1	2000	0	1329
1	2000	0	1329
1	2000	2	1329
1	2000	4	1329
1	2000	1	1329
2	2030	3	1329
2	2030	4	1329
2	2030	0	1329
2	2030	0	1329
2	2030	0	1329
2	2030	0	1329
2	2030	4	1329
2	2030	6	1329
0	1970	7	1330
1	2000	8	1330
1	2000	2	1330
1	2000	3	1330
1	2000	4	1330
1	2000	1	1330
1	2000	0	1330
1	2000	12	1330
2	2030	0	1330
2	2030	4	1330
2	2030	3	1330
2	2030	1	1330
2	2030	2	1330
2	2030	2	1330
2	2030	4	1330
2	2030	2	1330
2	2030	7	1330
2	2030	1	1330
2	2030	1	1330
2	2030	0	1330
2	2030	0	1330
2	2030	4	1330
2	2030	3	1330
2	2030	3	1330
2	2030	0	1330
2	2030	6	1330
2	2030	2	1330
2	2030	2	1330
2	2030	1	1330
2	2030	1	1330
2	2030	0	1330
2	2030	1	1330
2	2030	0	1330
2	2030	0	1330
2	2030	8	1330
2	2030	0	1330
2	2030	3	1330
2	2030	0	1330
0	1970	6	1331
1	2000	3	1331
1	2000	0	1331
1	2000	1	1331
1	2000	5	1331
1	2000	1	1331
1	2000	1	1331
2	2030	0	1331
2	2030	0	1331
2	2030	1	1331
2	2030	0	1331
2	2030	6	1331
2	2030	0	1331
2	2030	1	1331
2	2030	2	1331
2	2030	0	1331
2	2030	0	1331
2	2030	2	1331
0	1970	2	1332
1	2000	3	1332
1	2000	0	1332
2	2030	3	1332
2	2030	2	1332
2	2030	0	1332
0	1970	1	1333
1	2000	7	1333
2	2030	3	1333
2	2030	4	1333
2	2030	1	1333
2	2030	1	1333
2	2030	2	1333
2	2030	4	1333
2	2030	0	1333
0	1970	19	1334
1	2000	1	1334
1	2000	0	1334
1	2000	5	1334
1	2000	3	1334
1	2000	0	1334
1	2000	4	1334
1	2000	8	1334
1	2000	4	1334
1	2000	2	1334
1	2000	2	1334
1	2000	0	1334
1	2000	2	1334
1	2000	6	1334
1	2000	2	1334
1	2000	8	1334
1	2000	0	1334
1	2000	3	1334
1	2000	5	1334
1	2000	9	1334
2	2030	2	1334
2	2030	1	1334
2	2030	2	1334
2	2030	7	1334
2	2030	0	1334
2	2030	3	1334
2	2030	1	1334
2	2030	2	1334
2	2030	1	1334
2	2030	1	1334
2	2030	1	1334
2	2030	1	1334
2	2030	5	1334
2	2030	3	1334
2	2030	0	1334
2	2030	0	1334
2	2030	5	1334
2	2030	4	1334
2	2030	2	1334
2	2030	0	1334
2	2030	1	1334
2	2030	0	1334
2	2030	3	1334
2	2030	2	1334
2	2030	3	1334
2	2030	0	1334
2	2030	3	1334
2	2030	0	1334
2	2030	2	1334
2	2030	1	1334
2	2030	1	1334
2	2030	8	1334
2	2030	0	1334
2	2030	0	1334
2	2030	3	1334
2	2030	3	1334
2	2030	0	1334
2	2030	0	1334
2	2030	1	1334
2	2030	0	1334
2	2030	1	1334
2	2030	2	1334
2	2030	0	1334
2	2030	0	1334
2	2030	0	1334
2	2030	1	1334
2	2030	3	1334
2	2030	1	1334
2	2030	0	1334
2	2030	7	1334
2	2030	0	1334
2	2030	2	1334
2	2030	0	1334
2	2030	1	1334
2	2030	1	1334
2	2030	4	1334
2	2030	0	1334
2	2030	3	1334
2	2030	1	1334
2	2030	5	1334
2	2030	0	1334
2	2030	4	1334
2	2030	2	1334
2	2030	2	1334
0	1970	4	1335
1	2000	3	1335
1	2000	1	1335
1	2000	0	1335
1	2000	2	1335
2	2030	0	1335
2	2030	0	1335
2	2030	0	1335
2	2030	1	1335
2	2030	1	1335
2	2030	3	1335
0	1970	3	1336
0	1970	6	1336
1	2000	4	1336
1	2000	1	1336
1	2000	2	1336
1	2000	8	1336
1	2000	2	1336
1	2000	9	1336
1	2000	3	1336
1	2000	9	1336
1	2000	2	1336
2	2030	4	1336
2	2030	3	1336
2	2030	5	1336
2	2030	1	1336
2	2030	0	1336
2	2030	1	1336
2	2030	4	1336
2	2030	2	1336
2	2030	1	1336
2	2030	2	1336
2	2030	1	1336
2	2030	1	1336
2	2030	0	1336
2	2030	2	1336
2	2030	1	1336
2	2030	1	1336
2	2030	1	1336
2	2030	11	1336
2	2030	1	1336
2	2030	2	1336
2	2030	2	1336
2	2030	1	1336
2	2030	2	1336
2	2030	2	1336
2	2030	2	1336
2	2030	1	1336
2	2030	2	1336
2	2030	0	1336
2	2030	3	1336
2	2030	0	1336
2	2030	1	1336
0	1970	1	1337
0	1970	5	1337
1	2000	3	1337
1	2000	5	1337
1	2000	0	1337
1	2000	0	1337
1	2000	3	1337
1	2000	1	1337
2	2030	0	1337
2	2030	3	1337
2	2030	2	1337
2	2030	2	1337
2	2030	0	1337
2	2030	1	1337
2	2030	0	1337
2	2030	2	1337
2	2030	1	1337
2	2030	4	1337
2	2030	0	1337
2	2030	0	1337
0	1970	3	1338
1	2000	1	1338
1	2000	1	1338
1	2000	1	1338
2	2030	2	1338
2	2030	0	1338
2	2030	4	1338
0	1970	15	1339
1	2000	5	1339
1	2000	1	1339
1	2000	0	1339
1	2000	0	1339
1	2000	5	1339
1	2000	0	1339
1	2000	5	1339
1	2000	1	1339
1	2000	4	1339
1	2000	4	1339
1	2000	4	1339
1	2000	1	1339
1	2000	5	1339
1	2000	5	1339
1	2000	2	1339
2	2030	1	1339
2	2030	2	1339
2	2030	0	1339
2	2030	2	1339
2	2030	5	1339
2	2030	3	1339
2	2030	0	1339
2	2030	0	1339
2	2030	0	1339
2	2030	3	1339
2	2030	1	1339
2	2030	1	1339
2	2030	2	1339
2	2030	0	1339
2	2030	2	1339
2	2030	0	1339
2	2030	0	1339
2	2030	0	1339
2	2030	1	1339
2	2030	1	1339
2	2030	0	1339
2	2030	1	1339
2	2030	1	1339
2	2030	1	1339
2	2030	3	1339
2	2030	1	1339
2	2030	3	1339
2	2030	0	1339
2	2030	0	1339
2	2030	3	1339
2	2030	0	1339
2	2030	0	1339
2	2030	0	1339
2	2030	1	1339
2	2030	2	1339
2	2030	0	1339
2	2030	0	1339
2	2030	1	1339
2	2030	1	1339
2	2030	1	1339
2	2030	2	1339
2	2030	1	1339
0	1970	2	1340
1	2000	2	1340
1	2000	0	1340
2	2030	1	1340
2	2030	0	1340
0	1970	2	1341
1	2000	1	1341
1	2000	2	1341
2	2030	0	1341
2	2030	1	1341
2	2030	1	1341
0	1970	2	1342
1	2000	8	1342
1	2000	5	1342
1	2000	5	1342
1	2000	0	1342
2	2030	1	1342
2	2030	1	1342
2	2030	4	1342
2	2030	0	1342
2	2030	5	1342
2	2030	2	1342
2	2030	1	1342
2	2030	2	1342
2	2030	1	1342
2	2030	2	1342
2	2030	0	1342
2	2030	0	1342
2	2030	1	1342
0	1970	2	1343
1	2000	2	1343
1	2000	1	1343
2	2030	0	1343
2	2030	5	1343
2	2030	0	1343
0	1970	1	1344
1	2000	3	1344
2	2030	0	1344
2	2030	1	1344
2	2030	1	1344
0	1970	5	1345
1	2000	1	1345
1	2000	3	1345
1	2000	1	1345
1	2000	1	1345
1	2000	8	1345
2	2030	1	1345
2	2030	3	1345
2	2030	0	1345
2	2030	0	1345
2	2030	2	1345
2	2030	3	1345
2	2030	2	1345
2	2030	0	1345
2	2030	1	1345
2	2030	0	1345
2	2030	1	1345
2	2030	0	1345
2	2030	6	1345
2	2030	3	1345
0	1970	9	1346
1	2000	12	1346
1	2000	2	1346
1	2000	1	1346
1	2000	3	1346
1	2000	2	1346
1	2000	6	1346
1	2000	0	1346
1	2000	5	1346
1	2000	4	1346
2	2030	0	1346
2	2030	2	1346
2	2030	2	1346
2	2030	1	1346
2	2030	1	1346
2	2030	0	1346
2	2030	0	1346
2	2030	1	1346
2	2030	1	1346
2	2030	1	1346
2	2030	1	1346
2	2030	1	1346
2	2030	6	1346
2	2030	1	1346
2	2030	3	1346
2	2030	0	1346
2	2030	3	1346
2	2030	2	1346
2	2030	2	1346
2	2030	1	1346
2	2030	0	1346
2	2030	0	1346
2	2030	3	1346
2	2030	2	1346
2	2030	1	1346
2	2030	0	1346
2	2030	1	1346
2	2030	2	1346
2	2030	3	1346
2	2030	0	1346
2	2030	0	1346
2	2030	3	1346
2	2030	0	1346
2	2030	1	1346
2	2030	1	1346
0	1970	3	1347
1	2000	2	1347
1	2000	0	1347
1	2000	1	1347
2	2030	1	1347
2	2030	0	1347
2	2030	2	1347
0	1970	14	1348
1	2000	1	1348
1	2000	2	1348
1	2000	5	1348
1	2000	6	1348
1	2000	2	1348
1	2000	2	1348
1	2000	4	1348
1	2000	11	1348
1	2000	0	1348
1	2000	6	1348
1	2000	4	1348
1	2000	7	1348
1	2000	0	1348
1	2000	2	1348
2	2030	2	1348
2	2030	0	1348
2	2030	3	1348
2	2030	0	1348
2	2030	4	1348
2	2030	2	1348
2	2030	0	1348
2	2030	0	1348
2	2030	2	1348
2	2030	0	1348
2	2030	3	1348
2	2030	1	1348
2	2030	3	1348
2	2030	1	1348
2	2030	1	1348
2	2030	1	1348
2	2030	6	1348
2	2030	0	1348
2	2030	2	1348
2	2030	2	1348
2	2030	2	1348
2	2030	1	1348
2	2030	2	1348
2	2030	0	1348
2	2030	1	1348
2	2030	1	1348
2	2030	0	1348
2	2030	1	1348
2	2030	2	1348
2	2030	1	1348
2	2030	1	1348
2	2030	4	1348
2	2030	0	1348
2	2030	1	1348
2	2030	0	1348
2	2030	15	1348
2	2030	5	1348
2	2030	0	1348
2	2030	1	1348
2	2030	2	1348
2	2030	0	1348
2	2030	2	1348
2	2030	0	1348
2	2030	0	1348
2	2030	2	1348
2	2030	1	1348
2	2030	1	1348
2	2030	1	1348
2	2030	0	1348
2	2030	4	1348
2	2030	2	1348
2	2030	0	1348
0	1970	1	1349
1	2000	3	1349
2	2030	0	1349
2	2030	1	1349
2	2030	2	1349
0	1970	1	1350
1	2000	1	1350
2	2030	1	1350
0	1970	3	1351
1	2000	1	1351
1	2000	2	1351
1	2000	1	1351
2	2030	1	1351
2	2030	2	1351
2	2030	0	1351
2	2030	2	1351
0	1970	7	1352
1	2000	1	1352
1	2000	0	1352
1	2000	0	1352
1	2000	11	1352
1	2000	0	1352
1	2000	1	1352
1	2000	2	1352
2	2030	2	1352
2	2030	0	1352
2	2030	1	1352
2	2030	3	1352
2	2030	2	1352
2	2030	4	1352
2	2030	0	1352
2	2030	0	1352
2	2030	0	1352
2	2030	0	1352
2	2030	4	1352
2	2030	0	1352
2	2030	3	1352
2	2030	0	1352
2	2030	2	1352
0	1970	6	1353
1	2000	1	1353
1	2000	0	1353
1	2000	6	1353
1	2000	1	1353
1	2000	0	1353
1	2000	1	1353
2	2030	4	1353
2	2030	3	1353
2	2030	4	1353
2	2030	5	1353
2	2030	0	1353
2	2030	3	1353
2	2030	1	1353
2	2030	0	1353
2	2030	1	1353
0	1970	10	1354
1	2000	0	1354
1	2000	7	1354
1	2000	0	1354
1	2000	2	1354
1	2000	0	1354
1	2000	3	1354
1	2000	0	1354
1	2000	2	1354
1	2000	6	1354
1	2000	3	1354
2	2030	3	1354
2	2030	1	1354
2	2030	0	1354
2	2030	8	1354
2	2030	0	1354
2	2030	1	1354
2	2030	9	1354
2	2030	1	1354
2	2030	1	1354
2	2030	3	1354
2	2030	2	1354
2	2030	0	1354
2	2030	2	1354
2	2030	1	1354
2	2030	1	1354
2	2030	0	1354
2	2030	0	1354
2	2030	0	1354
2	2030	0	1354
2	2030	1	1354
2	2030	4	1354
2	2030	1	1354
2	2030	0	1354
0	1970	2	1355
1	2000	6	1355
1	2000	2	1355
2	2030	5	1355
2	2030	0	1355
2	2030	1	1355
2	2030	1	1355
2	2030	2	1355
2	2030	0	1355
2	2030	2	1355
2	2030	2	1355
0	1970	0	1356
0	1970	1	1356
1	2000	2	1356
2	2030	0	1356
2	2030	2	1356
0	1970	2	1357
0	1970	1	1357
1	2000	1	1357
1	2000	1	1357
1	2000	7	1357
2	2030	0	1357
2	2030	3	1357
2	2030	0	1357
2	2030	3	1357
2	2030	1	1357
2	2030	0	1357
2	2030	2	1357
2	2030	0	1357
2	2030	1	1357
0	1970	5	1358
1	2000	0	1358
1	2000	11	1358
1	2000	0	1358
1	2000	3	1358
1	2000	6	1358
2	2030	1	1358
2	2030	3	1358
2	2030	0	1358
2	2030	2	1358
2	2030	2	1358
2	2030	0	1358
2	2030	2	1358
2	2030	1	1358
2	2030	0	1358
2	2030	0	1358
2	2030	3	1358
2	2030	3	1358
2	2030	0	1358
2	2030	0	1358
2	2030	0	1358
2	2030	1	1358
2	2030	4	1358
2	2030	0	1358
2	2030	1	1358
2	2030	2	1358
0	1970	2	1359
1	2000	2	1359
1	2000	1	1359
2	2030	0	1359
2	2030	5	1359
2	2030	0	1359
0	1970	1	1360
0	1970	2	1360
1	2000	7	1360
1	2000	2	1360
1	2000	2	1360
2	2030	1	1360
2	2030	3	1360
2	2030	1	1360
2	2030	2	1360
2	2030	0	1360
2	2030	4	1360
2	2030	0	1360
2	2030	1	1360
2	2030	4	1360
2	2030	1	1360
2	2030	0	1360
0	1970	1	1361
1	2000	10	1361
1	2000	10	1361
2	2030	2	1361
2	2030	1	1361
2	2030	5	1361
2	2030	2	1361
2	2030	1	1361
2	2030	0	1361
2	2030	3	1361
2	2030	1	1361
2	2030	3	1361
2	2030	1	1361
0	1970	1	1362
1	2000	1	1362
2	2030	0	1362
0	1970	4	1363
1	2000	2	1363
1	2000	0	1363
1	2000	1	1363
1	2000	7	1363
2	2030	0	1363
2	2030	0	1363
2	2030	2	1363
2	2030	1	1363
2	2030	1	1363
2	2030	3	1363
2	2030	1	1363
2	2030	2	1363
2	2030	3	1363
2	2030	1	1363
0	1970	23	1364
0	1970	9	1364
1	2000	0	1364
1	2000	11	1364
1	2000	6	1364
1	2000	2	1364
1	2000	6	1364
1	2000	7	1364
1	2000	2	1364
1	2000	0	1364
1	2000	5	1364
1	2000	3	1364
1	2000	2	1364
1	2000	5	1364
1	2000	5	1364
1	2000	7	1364
1	2000	1	1364
1	2000	2	1364
1	2000	2	1364
1	2000	2	1364
1	2000	5	1364
1	2000	5	1364
1	2000	7	1364
1	2000	1	1364
1	2000	2	1364
1	2000	2	1364
1	2000	3	1364
1	2000	0	1364
1	2000	0	1364
1	2000	5	1364
1	2000	8	1364
1	2000	5	1364
1	2000	0	1364
1	2000	1	1364
2	2030	0	1364
2	2030	1	1364
2	2030	3	1364
2	2030	5	1364
2	2030	2	1364
2	2030	1	1364
2	2030	1	1364
2	2030	1	1364
2	2030	0	1364
2	2030	0	1364
2	2030	0	1364
2	2030	0	1364
2	2030	3	1364
2	2030	3	1364
2	2030	0	1364
2	2030	2	1364
2	2030	4	1364
2	2030	1	1364
2	2030	1	1364
2	2030	0	1364
2	2030	0	1364
2	2030	0	1364
2	2030	1	1364
2	2030	2	1364
2	2030	2	1364
2	2030	0	1364
2	2030	0	1364
2	2030	0	1364
2	2030	1	1364
2	2030	2	1364
2	2030	1	1364
2	2030	5	1364
2	2030	3	1364
2	2030	6	1364
2	2030	2	1364
2	2030	2	1364
2	2030	0	1364
2	2030	0	1364
2	2030	1	1364
2	2030	2	1364
2	2030	0	1364
2	2030	2	1364
2	2030	0	1364
2	2030	1	1364
2	2030	5	1364
2	2030	1	1364
2	2030	1	1364
2	2030	4	1364
2	2030	4	1364
2	2030	1	1364
2	2030	2	1364
2	2030	2	1364
2	2030	2	1364
2	2030	3	1364
2	2030	2	1364
2	2030	1	1364
2	2030	5	1364
2	2030	1	1364
2	2030	3	1364
2	2030	0	1364
2	2030	13	1364
2	2030	3	1364
2	2030	0	1364
2	2030	7	1364
2	2030	0	1364
2	2030	0	1364
2	2030	1	1364
2	2030	3	1364
2	2030	0	1364
2	2030	0	1364
2	2030	2	1364
2	2030	1	1364
2	2030	1	1364
2	2030	0	1364
2	2030	0	1364
2	2030	3	1364
2	2030	3	1364
2	2030	0	1364
2	2030	2	1364
2	2030	3	1364
2	2030	0	1364
2	2030	1	1364
2	2030	1	1364
2	2030	0	1364
2	2030	0	1364
2	2030	0	1364
2	2030	0	1364
2	2030	1	1364
2	2030	1	1364
2	2030	1	1364
0	1970	6	1365
1	2000	0	1365
1	2000	0	1365
1	2000	3	1365
1	2000	0	1365
1	2000	0	1365
1	2000	2	1365
2	2030	1	1365
2	2030	5	1365
2	2030	3	1365
2	2030	0	1365
2	2030	2	1365
0	1970	8	1366
0	1970	3	1366
1	2000	3	1366
1	2000	9	1366
1	2000	0	1366
1	2000	0	1366
1	2000	1	1366
1	2000	0	1366
1	2000	1	1366
1	2000	0	1366
1	2000	0	1366
1	2000	5	1366
1	2000	0	1366
2	2030	0	1366
2	2030	0	1366
2	2030	1	1366
2	2030	1	1366
2	2030	3	1366
2	2030	4	1366
2	2030	0	1366
2	2030	2	1366
2	2030	0	1366
2	2030	0	1366
2	2030	6	1366
2	2030	0	1366
2	2030	3	1366
2	2030	1	1366
2	2030	1	1366
2	2030	3	1366
2	2030	0	1366
2	2030	1	1366
2	2030	0	1366
0	1970	6	1367
1	2000	0	1367
1	2000	3	1367
1	2000	16	1367
1	2000	3	1367
1	2000	1	1367
1	2000	3	1367
2	2030	1	1367
2	2030	3	1367
2	2030	2	1367
2	2030	2	1367
2	2030	0	1367
2	2030	4	1367
2	2030	0	1367
2	2030	2	1367
2	2030	0	1367
2	2030	0	1367
2	2030	0	1367
2	2030	0	1367
2	2030	1	1367
2	2030	0	1367
2	2030	1	1367
2	2030	0	1367
2	2030	0	1367
2	2030	1	1367
2	2030	0	1367
2	2030	4	1367
2	2030	0	1367
2	2030	0	1367
2	2030	0	1367
2	2030	1	1367
2	2030	0	1367
2	2030	5	1367
0	1970	7	1368
1	2000	9	1368
1	2000	3	1368
1	2000	0	1368
1	2000	2	1368
1	2000	7	1368
1	2000	1	1368
1	2000	3	1368
2	2030	0	1368
2	2030	1	1368
2	2030	0	1368
2	2030	5	1368
2	2030	2	1368
2	2030	0	1368
2	2030	0	1368
2	2030	1	1368
2	2030	2	1368
2	2030	1	1368
2	2030	0	1368
2	2030	1	1368
2	2030	0	1368
2	2030	0	1368
2	2030	2	1368
2	2030	0	1368
2	2030	2	1368
2	2030	3	1368
2	2030	2	1368
2	2030	4	1368
2	2030	1	1368
2	2030	0	1368
2	2030	1	1368
2	2030	1	1368
2	2030	4	1368
0	1970	4	1369
1	2000	13	1369
1	2000	0	1369
1	2000	1	1369
1	2000	6	1369
2	2030	2	1369
2	2030	1	1369
2	2030	0	1369
2	2030	0	1369
2	2030	0	1369
2	2030	3	1369
2	2030	0	1369
2	2030	3	1369
2	2030	3	1369
2	2030	2	1369
2	2030	4	1369
2	2030	1	1369
2	2030	2	1369
2	2030	0	1369
2	2030	0	1369
2	2030	0	1369
2	2030	0	1369
2	2030	0	1369
2	2030	2	1369
2	2030	6	1369
0	1970	1	1370
1	2000	2	1370
1	2000	2	1370
2	2030	1	1370
2	2030	2	1370
0	1970	5	1371
1	2000	0	1371
1	2000	0	1371
1	2000	0	1371
1	2000	12	1371
1	2000	10	1371
2	2030	1	1371
2	2030	2	1371
2	2030	0	1371
2	2030	6	1371
2	2030	0	1371
2	2030	0	1371
2	2030	0	1371
2	2030	0	1371
2	2030	0	1371
2	2030	1	1371
2	2030	1	1371
2	2030	5	1371
2	2030	0	1371
2	2030	0	1371
2	2030	3	1371
2	2030	3	1371
2	2030	1	1371
2	2030	10	1371
2	2030	0	1371
2	2030	1	1371
2	2030	0	1371
2	2030	0	1371
0	1970	4	1372
1	2000	1	1372
1	2000	1	1372
1	2000	7	1372
1	2000	7	1372
2	2030	4	1372
2	2030	0	1372
2	2030	0	1372
2	2030	1	1372
2	2030	9	1372
2	2030	4	1372
2	2030	0	1372
2	2030	1	1372
2	2030	1	1372
2	2030	0	1372
2	2030	0	1372
2	2030	0	1372
2	2030	2	1372
2	2030	0	1372
2	2030	2	1372
2	2030	1	1372
0	1970	1	1373
1	2000	1	1373
2	2030	1	1373
0	1970	4	1374
1	2000	6	1374
1	2000	2	1374
1	2000	2	1374
1	2000	4	1374
2	2030	2	1374
2	2030	3	1374
2	2030	0	1374
2	2030	2	1374
2	2030	0	1374
2	2030	0	1374
2	2030	4	1374
2	2030	1	1374
2	2030	0	1374
2	2030	0	1374
2	2030	2	1374
2	2030	6	1374
2	2030	2	1374
2	2030	5	1374
0	1970	5	1375
0	1970	2	1375
1	2000	2	1375
1	2000	2	1375
1	2000	10	1375
1	2000	0	1375
1	2000	4	1375
1	2000	0	1375
1	2000	10	1375
2	2030	1	1375
2	2030	0	1375
2	2030	0	1375
2	2030	0	1375
2	2030	0	1375
2	2030	0	1375
2	2030	0	1375
2	2030	0	1375
2	2030	0	1375
2	2030	2	1375
2	2030	3	1375
2	2030	3	1375
2	2030	4	1375
2	2030	1	1375
2	2030	2	1375
2	2030	1	1375
2	2030	0	1375
2	2030	1	1375
0	1970	9	1376
1	2000	1	1376
1	2000	5	1376
1	2000	6	1376
1	2000	2	1376
1	2000	1	1376
1	2000	6	1376
1	2000	0	1376
1	2000	1	1376
1	2000	0	1376
2	2030	0	1376
2	2030	0	1376
2	2030	3	1376
2	2030	1	1376
2	2030	0	1376
2	2030	2	1376
2	2030	0	1376
2	2030	1	1376
2	2030	0	1376
2	2030	0	1376
2	2030	0	1376
2	2030	3	1376
2	2030	0	1376
2	2030	12	1376
2	2030	1	1376
2	2030	2	1376
2	2030	1	1376
2	2030	0	1376
2	2030	4	1376
2	2030	0	1376
2	2030	9	1376
2	2030	3	1376
0	1970	3	1377
1	2000	3	1377
1	2000	0	1377
1	2000	0	1377
2	2030	0	1377
2	2030	0	1377
2	2030	1	1377
0	1970	4	1378
1	2000	1	1378
1	2000	0	1378
1	2000	13	1378
1	2000	0	1378
2	2030	1	1378
2	2030	2	1378
2	2030	1	1378
2	2030	0	1378
2	2030	1	1378
2	2030	2	1378
2	2030	1	1378
2	2030	3	1378
2	2030	0	1378
2	2030	0	1378
2	2030	7	1378
2	2030	2	1378
2	2030	0	1378
2	2030	2	1378
0	1970	2	1379
1	2000	8	1379
1	2000	3	1379
2	2030	2	1379
2	2030	0	1379
2	2030	0	1379
2	2030	0	1379
2	2030	2	1379
2	2030	2	1379
2	2030	0	1379
2	2030	5	1379
2	2030	0	1379
2	2030	1	1379
2	2030	2	1379
0	1970	1	1380
1	2000	1	1380
2	2030	1	1380
0	1970	3	1381
1	2000	1	1381
1	2000	0	1381
1	2000	0	1381
2	2030	0	1381
0	1970	5	1382
1	2000	1	1382
1	2000	1	1382
1	2000	10	1382
1	2000	5	1382
1	2000	2	1382
2	2030	2	1382
2	2030	0	1382
2	2030	2	1382
2	2030	3	1382
2	2030	1	1382
2	2030	0	1382
2	2030	0	1382
2	2030	0	1382
2	2030	1	1382
2	2030	2	1382
2	2030	0	1382
2	2030	0	1382
2	2030	0	1382
2	2030	0	1382
2	2030	0	1382
2	2030	2	1382
2	2030	2	1382
2	2030	1	1382
2	2030	1	1382
0	1970	3	1383
1	2000	2	1383
1	2000	5	1383
1	2000	0	1383
2	2030	2	1383
2	2030	0	1383
2	2030	3	1383
2	2030	0	1383
2	2030	2	1383
2	2030	1	1383
2	2030	1	1383
0	1970	15	1384
1	2000	8	1384
1	2000	0	1384
1	2000	0	1384
1	2000	2	1384
1	2000	6	1384
1	2000	2	1384
1	2000	6	1384
1	2000	6	1384
1	2000	0	1384
1	2000	5	1384
1	2000	3	1384
1	2000	3	1384
1	2000	0	1384
1	2000	0	1384
1	2000	1	1384
2	2030	8	1384
2	2030	3	1384
2	2030	0	1384
2	2030	4	1384
2	2030	2	1384
2	2030	0	1384
2	2030	0	1384
2	2030	1	1384
2	2030	0	1384
2	2030	2	1384
2	2030	0	1384
2	2030	1	1384
2	2030	2	1384
2	2030	3	1384
2	2030	1	1384
2	2030	1	1384
2	2030	6	1384
2	2030	2	1384
2	2030	1	1384
2	2030	0	1384
2	2030	9	1384
2	2030	0	1384
2	2030	0	1384
2	2030	0	1384
2	2030	5	1384
2	2030	0	1384
2	2030	7	1384
2	2030	0	1384
2	2030	3	1384
2	2030	0	1384
2	2030	1	1384
2	2030	1	1384
2	2030	1	1384
2	2030	3	1384
2	2030	0	1384
2	2030	7	1384
2	2030	0	1384
2	2030	1	1384
2	2030	1	1384
2	2030	1	1384
2	2030	3	1384
2	2030	0	1384
0	1970	1	1385
1	2000	3	1385
1	2000	3	1385
2	2030	1	1385
2	2030	1	1385
2	2030	1	1385
0	1970	4	1386
1	2000	7	1386
1	2000	1	1386
1	2000	0	1386
1	2000	0	1386
2	2030	6	1386
2	2030	1	1386
2	2030	0	1386
2	2030	3	1386
2	2030	1	1386
2	2030	2	1386
2	2030	1	1386
2	2030	1	1386
0	1970	3	1387
1	2000	7	1387
1	2000	4	1387
1	2000	1	1387
2	2030	5	1387
2	2030	2	1387
2	2030	1	1387
2	2030	3	1387
2	2030	0	1387
2	2030	0	1387
2	2030	2	1387
2	2030	0	1387
2	2030	2	1387
2	2030	2	1387
2	2030	2	1387
2	2030	1	1387
0	1970	4	1388
1	2000	2	1388
1	2000	0	1388
1	2000	3	1388
1	2000	0	1388
2	2030	4	1388
2	2030	1	1388
2	2030	5	1388
2	2030	1	1388
2	2030	2	1388
0	1970	1	1389
0	1970	3	1389
1	2000	0	1389
1	2000	8	1389
1	2000	4	1389
1	2000	0	1389
2	2030	2	1389
2	2030	0	1389
2	2030	1	1389
2	2030	1	1389
2	2030	2	1389
2	2030	0	1389
2	2030	1	1389
2	2030	0	1389
2	2030	1	1389
2	2030	4	1389
2	2030	5	1389
2	2030	1	1389
0	1970	3	1390
1	2000	0	1390
1	2000	1	1390
1	2000	3	1390
2	2030	2	1390
2	2030	1	1390
2	2030	0	1390
2	2030	6	1390
0	1970	2	1391
1	2000	5	1391
1	2000	12	1391
2	2030	5	1391
2	2030	2	1391
2	2030	1	1391
2	2030	0	1391
2	2030	0	1391
2	2030	1	1391
2	2030	2	1391
2	2030	2	1391
2	2030	9	1391
2	2030	0	1391
2	2030	6	1391
2	2030	7	1391
2	2030	6	1391
2	2030	1	1391
2	2030	1	1391
2	2030	0	1391
2	2030	0	1391
0	1970	5	1392
1	2000	3	1392
1	2000	2	1392
1	2000	0	1392
1	2000	0	1392
1	2000	7	1392
2	2030	5	1392
2	2030	1	1392
2	2030	5	1392
2	2030	2	1392
2	2030	0	1392
2	2030	6	1392
2	2030	0	1392
2	2030	3	1392
2	2030	1	1392
2	2030	4	1392
2	2030	4	1392
2	2030	2	1392
0	1970	1	1393
1	2000	1	1393
2	2030	0	1393
0	1970	5	1394
1	2000	3	1394
1	2000	1	1394
1	2000	6	1394
1	2000	5	1394
1	2000	3	1394
2	2030	1	1394
2	2030	0	1394
2	2030	1	1394
2	2030	0	1394
2	2030	2	1394
2	2030	4	1394
2	2030	0	1394
2	2030	1	1394
2	2030	2	1394
2	2030	0	1394
2	2030	4	1394
2	2030	4	1394
2	2030	3	1394
2	2030	3	1394
2	2030	1	1394
2	2030	3	1394
2	2030	0	1394
2	2030	7	1394
0	1970	7	1395
1	2000	3	1395
1	2000	0	1395
1	2000	2	1395
1	2000	2	1395
1	2000	5	1395
1	2000	1	1395
1	2000	3	1395
2	2030	2	1395
2	2030	3	1395
2	2030	1	1395
2	2030	0	1395
2	2030	4	1395
2	2030	0	1395
2	2030	6	1395
2	2030	0	1395
2	2030	1	1395
2	2030	0	1395
2	2030	1	1395
2	2030	0	1395
2	2030	3	1395
2	2030	1	1395
2	2030	0	1395
2	2030	1	1395
0	1970	1	1396
1	2000	3	1396
2	2030	2	1396
2	2030	2	1396
2	2030	4	1396
0	1970	12	1397
1	2000	2	1397
1	2000	2	1397
1	2000	1	1397
1	2000	3	1397
1	2000	1	1397
1	2000	1	1397
1	2000	17	1397
1	2000	0	1397
1	2000	3	1397
1	2000	3	1397
1	2000	1	1397
1	2000	1	1397
2	2030	0	1397
2	2030	5	1397
2	2030	1	1397
2	2030	4	1397
2	2030	0	1397
2	2030	0	1397
2	2030	0	1397
2	2030	0	1397
2	2030	1	1397
2	2030	0	1397
2	2030	1	1397
2	2030	0	1397
2	2030	0	1397
2	2030	0	1397
2	2030	0	1397
2	2030	3	1397
2	2030	5	1397
2	2030	0	1397
2	2030	1	1397
2	2030	2	1397
2	2030	3	1397
2	2030	1	1397
2	2030	2	1397
2	2030	2	1397
2	2030	1	1397
2	2030	0	1397
2	2030	0	1397
2	2030	0	1397
2	2030	2	1397
2	2030	3	1397
2	2030	1	1397
2	2030	0	1397
2	2030	0	1397
2	2030	0	1397
2	2030	0	1397
0	1970	6	1398
1	2000	9	1398
1	2000	0	1398
1	2000	2	1398
1	2000	2	1398
1	2000	0	1398
1	2000	4	1398
2	2030	0	1398
2	2030	0	1398
2	2030	4	1398
2	2030	5	1398
2	2030	4	1398
2	2030	2	1398
2	2030	0	1398
2	2030	3	1398
2	2030	4	1398
2	2030	1	1398
2	2030	1	1398
2	2030	1	1398
2	2030	2	1398
2	2030	2	1398
2	2030	3	1398
2	2030	1	1398
2	2030	0	1398
0	1970	10	1399
1	2000	0	1399
1	2000	4	1399
1	2000	4	1399
1	2000	2	1399
1	2000	2	1399
1	2000	2	1399
1	2000	0	1399
1	2000	0	1399
1	2000	0	1399
1	2000	3	1399
2	2030	0	1399
2	2030	3	1399
2	2030	0	1399
2	2030	2	1399
2	2030	2	1399
2	2030	0	1399
2	2030	0	1399
2	2030	0	1399
2	2030	6	1399
2	2030	3	1399
2	2030	0	1399
2	2030	7	1399
2	2030	0	1399
2	2030	0	1399
2	2030	4	1399
2	2030	2	1399
2	2030	3	1399
0	1970	2	1400
1	2000	5	1400
1	2000	1	1400
2	2030	2	1400
2	2030	3	1400
2	2030	0	1400
2	2030	0	1400
2	2030	0	1400
2	2030	0	1400
0	1970	1	1401
1	2000	3	1401
1	2000	3	1401
2	2030	0	1401
2	2030	0	1401
2	2030	0	1401
0	1970	6	1402
1	2000	5	1402
1	2000	1	1402
1	2000	1	1402
1	2000	0	1402
1	2000	1	1402
1	2000	11	1402
2	2030	0	1402
2	2030	1	1402
2	2030	1	1402
2	2030	0	1402
2	2030	2	1402
2	2030	0	1402
2	2030	4	1402
2	2030	0	1402
2	2030	0	1402
2	2030	10	1402
2	2030	1	1402
2	2030	1	1402
2	2030	4	1402
2	2030	0	1402
2	2030	0	1402
2	2030	3	1402
2	2030	3	1402
2	2030	1	1402
2	2030	1	1402
0	1970	5	1403
1	2000	1	1403
1	2000	0	1403
1	2000	1	1403
1	2000	3	1403
1	2000	5	1403
2	2030	1	1403
2	2030	1	1403
2	2030	1	1403
2	2030	1	1403
2	2030	1	1403
2	2030	3	1403
2	2030	1	1403
2	2030	0	1403
2	2030	5	1403
2	2030	1	1403
0	1970	1	1404
1	2000	2	1404
2	2030	1	1404
2	2030	0	1404
0	1970	11	1405
1	2000	1	1405
1	2000	1	1405
1	2000	0	1405
1	2000	4	1405
1	2000	4	1405
1	2000	7	1405
1	2000	0	1405
1	2000	3	1405
1	2000	0	1405
1	2000	2	1405
1	2000	1	1405
2	2030	1	1405
2	2030	0	1405
2	2030	5	1405
2	2030	3	1405
2	2030	1	1405
2	2030	2	1405
2	2030	2	1405
2	2030	0	1405
2	2030	1	1405
2	2030	5	1405
2	2030	3	1405
2	2030	0	1405
2	2030	3	1405
2	2030	3	1405
2	2030	0	1405
2	2030	4	1405
2	2030	0	1405
2	2030	1	1405
2	2030	3	1405
2	2030	3	1405
2	2030	1	1405
2	2030	2	1405
2	2030	0	1405
0	1970	4	1406
1	2000	0	1406
1	2000	0	1406
1	2000	3	1406
1	2000	3	1406
2	2030	0	1406
2	2030	1	1406
2	2030	0	1406
2	2030	0	1406
2	2030	0	1406
2	2030	1	1406
0	1970	8	1407
1	2000	4	1407
1	2000	1	1407
1	2000	0	1407
1	2000	0	1407
1	2000	0	1407
1	2000	3	1407
1	2000	2	1407
1	2000	2	1407
2	2030	2	1407
2	2030	0	1407
2	2030	1	1407
2	2030	3	1407
2	2030	3	1407
2	2030	1	1407
2	2030	1	1407
2	2030	2	1407
2	2030	1	1407
2	2030	1	1407
2	2030	1	1407
2	2030	1	1407
0	1970	2	1408
1	2000	5	1408
1	2000	1	1408
2	2030	1	1408
2	2030	3	1408
2	2030	2	1408
2	2030	2	1408
2	2030	0	1408
2	2030	2	1408
0	1970	1	1409
1	2000	9	1409
1	2000	9	1409
2	2030	0	1409
2	2030	4	1409
2	2030	2	1409
2	2030	3	1409
2	2030	2	1409
2	2030	2	1409
2	2030	0	1409
2	2030	1	1409
2	2030	1	1409
0	1970	3	1410
1	2000	0	1410
1	2000	2	1410
1	2000	0	1410
2	2030	3	1410
2	2030	0	1410
0	1970	1	1411
1	2000	10	1411
2	2030	0	1411
2	2030	0	1411
2	2030	4	1411
2	2030	4	1411
2	2030	1	1411
2	2030	0	1411
2	2030	4	1411
2	2030	0	1411
2	2030	0	1411
2	2030	5	1411
0	1970	7	1412
1	2000	0	1412
1	2000	1	1412
1	2000	1	1412
1	2000	2	1412
1	2000	0	1412
1	2000	6	1412
1	2000	0	1412
2	2030	0	1412
2	2030	3	1412
2	2030	5	1412
2	2030	2	1412
2	2030	3	1412
2	2030	4	1412
2	2030	1	1412
2	2030	1	1412
2	2030	1	1412
2	2030	1	1412
0	1970	7	1413
0	1970	2	1413
1	2000	0	1413
1	2000	2	1413
1	2000	0	1413
1	2000	5	1413
1	2000	4	1413
1	2000	7	1413
1	2000	1	1413
1	2000	5	1413
1	2000	0	1413
2	2030	1	1413
2	2030	3	1413
2	2030	0	1413
2	2030	4	1413
2	2030	2	1413
2	2030	3	1413
2	2030	0	1413
2	2030	1	1413
2	2030	0	1413
2	2030	1	1413
2	2030	2	1413
2	2030	3	1413
2	2030	0	1413
2	2030	2	1413
2	2030	0	1413
2	2030	3	1413
2	2030	2	1413
2	2030	1	1413
2	2030	0	1413
0	1970	3	1414
1	2000	7	1414
1	2000	4	1414
1	2000	2	1414
2	2030	4	1414
2	2030	2	1414
2	2030	0	1414
2	2030	0	1414
2	2030	3	1414
2	2030	2	1414
2	2030	3	1414
2	2030	2	1414
2	2030	2	1414
2	2030	17	1414
2	2030	0	1414
2	2030	0	1414
2	2030	0	1414
0	1970	4	1415
1	2000	1	1415
1	2000	3	1415
1	2000	1	1415
1	2000	4	1415
2	2030	1	1415
2	2030	0	1415
2	2030	1	1415
2	2030	2	1415
2	2030	2	1415
2	2030	3	1415
2	2030	0	1415
2	2030	0	1415
2	2030	1	1415
0	1970	5	1416
1	2000	4	1416
1	2000	1	1416
1	2000	1	1416
1	2000	1	1416
1	2000	2	1416
2	2030	2	1416
2	2030	2	1416
2	2030	1	1416
2	2030	1	1416
2	2030	2	1416
2	2030	0	1416
2	2030	0	1416
2	2030	1	1416
2	2030	1	1416
0	1970	1	1417
0	1970	0	1417
1	2000	3	1417
2	2030	1	1417
2	2030	1	1417
2	2030	1	1417
0	1970	4	1418
1	2000	3	1418
1	2000	2	1418
1	2000	0	1418
1	2000	3	1418
2	2030	4	1418
2	2030	1	1418
2	2030	2	1418
2	2030	0	1418
2	2030	4	1418
2	2030	0	1418
2	2030	2	1418
2	2030	1	1418
0	1970	1	1419
1	2000	6	1419
2	2030	2	1419
2	2030	0	1419
2	2030	3	1419
2	2030	13	1419
2	2030	1	1419
2	2030	2	1419
0	1970	4	1420
1	2000	2	1420
1	2000	0	1420
1	2000	0	1420
1	2000	0	1420
2	2030	2	1420
2	2030	5	1420
0	1970	5	1421
1	2000	2	1421
1	2000	2	1421
1	2000	3	1421
1	2000	4	1421
1	2000	6	1421
2	2030	1	1421
2	2030	0	1421
2	2030	1	1421
2	2030	1	1421
2	2030	2	1421
2	2030	6	1421
2	2030	1	1421
2	2030	5	1421
2	2030	0	1421
2	2030	0	1421
2	2030	1	1421
2	2030	0	1421
2	2030	3	1421
2	2030	0	1421
2	2030	9	1421
2	2030	0	1421
2	2030	0	1421
0	1970	30	1422
1	2000	1	1422
1	2000	2	1422
1	2000	0	1422
1	2000	6	1422
1	2000	2	1422
1	2000	1	1422
1	2000	4	1422
1	2000	5	1422
1	2000	3	1422
1	2000	9	1422
1	2000	3	1422
1	2000	0	1422
1	2000	6	1422
1	2000	0	1422
1	2000	2	1422
1	2000	2	1422
1	2000	1	1422
1	2000	9	1422
1	2000	0	1422
1	2000	6	1422
1	2000	7	1422
1	2000	0	1422
1	2000	12	1422
1	2000	1	1422
1	2000	2	1422
1	2000	1	1422
1	2000	1	1422
1	2000	0	1422
1	2000	3	1422
1	2000	2	1422
2	2030	1	1422
2	2030	0	1422
2	2030	2	1422
2	2030	2	1422
2	2030	1	1422
2	2030	1	1422
2	2030	1	1422
2	2030	2	1422
2	2030	3	1422
2	2030	2	1422
2	2030	1	1422
2	2030	1	1422
2	2030	3	1422
2	2030	4	1422
2	2030	1	1422
2	2030	0	1422
2	2030	5	1422
2	2030	0	1422
2	2030	1	1422
2	2030	2	1422
2	2030	2	1422
2	2030	3	1422
2	2030	4	1422
2	2030	0	1422
2	2030	5	1422
2	2030	1	1422
2	2030	0	1422
2	2030	2	1422
2	2030	0	1422
2	2030	2	1422
2	2030	0	1422
2	2030	0	1422
2	2030	0	1422
2	2030	0	1422
2	2030	0	1422
2	2030	1	1422
2	2030	1	1422
2	2030	0	1422
2	2030	1	1422
2	2030	1	1422
2	2030	5	1422
2	2030	0	1422
2	2030	0	1422
2	2030	0	1422
2	2030	0	1422
2	2030	4	1422
2	2030	0	1422
2	2030	2	1422
2	2030	1	1422
2	2030	0	1422
2	2030	0	1422
2	2030	3	1422
2	2030	2	1422
2	2030	1	1422
2	2030	1	1422
2	2030	1	1422
2	2030	1	1422
2	2030	0	1422
2	2030	0	1422
2	2030	2	1422
2	2030	0	1422
2	2030	0	1422
2	2030	2	1422
2	2030	3	1422
2	2030	3	1422
2	2030	0	1422
2	2030	0	1422
2	2030	5	1422
2	2030	2	1422
2	2030	1	1422
2	2030	1	1422
2	2030	1	1422
2	2030	1	1422
2	2030	1	1422
2	2030	1	1422
2	2030	3	1422
2	2030	2	1422
2	2030	0	1422
2	2030	1	1422
2	2030	1	1422
2	2030	5	1422
2	2030	1	1422
2	2030	1	1422
2	2030	9	1422
2	2030	1	1422
2	2030	3	1422
2	2030	0	1422
2	2030	1	1422
2	2030	1	1422
2	2030	3	1422
2	2030	0	1422
0	1970	1	1423
1	2000	5	1423
2	2030	0	1423
2	2030	0	1423
2	2030	1	1423
2	2030	2	1423
2	2030	0	1423
0	1970	6	1424
1	2000	0	1424
1	2000	3	1424
1	2000	1	1424
1	2000	3	1424
1	2000	0	1424
1	2000	1	1424
2	2030	1	1424
2	2030	0	1424
2	2030	5	1424
2	2030	0	1424
2	2030	3	1424
2	2030	0	1424
2	2030	2	1424
2	2030	4	1424
0	1970	7	1425
1	2000	0	1425
1	2000	1	1425
1	2000	0	1425
1	2000	1	1425
1	2000	0	1425
1	2000	4	1425
1	2000	4	1425
2	2030	0	1425
2	2030	0	1425
2	2030	3	1425
2	2030	0	1425
2	2030	0	1425
2	2030	1	1425
2	2030	2	1425
2	2030	3	1425
2	2030	0	1425
2	2030	1	1425
0	1970	8	1426
1	2000	4	1426
1	2000	0	1426
1	2000	2	1426
1	2000	2	1426
1	2000	4	1426
1	2000	0	1426
1	2000	1	1426
1	2000	2	1426
2	2030	1	1426
2	2030	0	1426
2	2030	1	1426
2	2030	0	1426
2	2030	3	1426
2	2030	0	1426
2	2030	1	1426
2	2030	3	1426
2	2030	0	1426
2	2030	4	1426
2	2030	2	1426
2	2030	0	1426
2	2030	2	1426
2	2030	2	1426
2	2030	1	1426
0	1970	3	1427
1	2000	1	1427
1	2000	2	1427
1	2000	2	1427
2	2030	0	1427
2	2030	0	1427
2	2030	1	1427
2	2030	2	1427
2	2030	0	1427
0	1970	4	1428
1	2000	3	1428
1	2000	5	1428
1	2000	1	1428
1	2000	4	1428
2	2030	0	1428
2	2030	0	1428
2	2030	0	1428
2	2030	0	1428
2	2030	3	1428
2	2030	2	1428
2	2030	0	1428
2	2030	0	1428
2	2030	0	1428
2	2030	0	1428
2	2030	0	1428
2	2030	3	1428
2	2030	2	1428
0	1970	1	1429
1	2000	2	1429
1	2000	16	1429
2	2030	2	1429
2	2030	3	1429
2	2030	1	1429
2	2030	0	1429
2	2030	0	1429
2	2030	3	1429
2	2030	2	1429
2	2030	3	1429
2	2030	3	1429
2	2030	2	1429
2	2030	3	1429
2	2030	1	1429
2	2030	6	1429
2	2030	2	1429
2	2030	1	1429
2	2030	4	1429
2	2030	3	1429
2	2030	2	1429
0	1970	8	1430
0	1970	3	1430
1	2000	2	1430
1	2000	0	1430
1	2000	3	1430
1	2000	4	1430
1	2000	4	1430
1	2000	2	1430
1	2000	8	1430
1	2000	4	1430
1	2000	2	1430
1	2000	8	1430
1	2000	0	1430
2	2030	0	1430
2	2030	0	1430
2	2030	1	1430
2	2030	1	1430
2	2030	0	1430
2	2030	2	1430
2	2030	1	1430
2	2030	0	1430
2	2030	2	1430
2	2030	0	1430
2	2030	3	1430
2	2030	1	1430
2	2030	1	1430
2	2030	1	1430
2	2030	3	1430
2	2030	3	1430
2	2030	1	1430
2	2030	2	1430
2	2030	4	1430
2	2030	1	1430
2	2030	3	1430
2	2030	0	1430
2	2030	1	1430
0	1970	1	1431
1	2000	9	1431
2	2030	1	1431
2	2030	7	1431
2	2030	2	1431
2	2030	0	1431
2	2030	2	1431
2	2030	0	1431
2	2030	0	1431
2	2030	3	1431
2	2030	3	1431
0	1970	2	1432
1	2000	2	1432
1	2000	0	1432
2	2030	4	1432
2	2030	0	1432
0	1970	4	1433
1	2000	1	1433
1	2000	12	1433
1	2000	6	1433
1	2000	5	1433
2	2030	1	1433
2	2030	3	1433
2	2030	0	1433
2	2030	3	1433
2	2030	0	1433
2	2030	3	1433
2	2030	3	1433
2	2030	1	1433
2	2030	3	1433
2	2030	1	1433
2	2030	0	1433
2	2030	1	1433
2	2030	1	1433
2	2030	4	1433
2	2030	0	1433
2	2030	0	1433
2	2030	1	1433
2	2030	1	1433
2	2030	1	1433
2	2030	3	1433
2	2030	2	1433
2	2030	0	1433
2	2030	1	1433
2	2030	0	1433
0	1970	1	1434
1	2000	5	1434
2	2030	3	1434
2	2030	0	1434
2	2030	2	1434
2	2030	3	1434
2	2030	0	1434
0	1970	1	1435
1	2000	1	1435
1	2000	1	1435
2	2030	2	1435
0	1970	9	1436
0	1970	1	1436
1	2000	3	1436
1	2000	6	1436
1	2000	1	1436
1	2000	6	1436
1	2000	5	1436
1	2000	0	1436
1	2000	1	1436
1	2000	1	1436
1	2000	3	1436
1	2000	7	1436
2	2030	0	1436
2	2030	3	1436
2	2030	2	1436
2	2030	4	1436
2	2030	2	1436
2	2030	2	1436
2	2030	2	1436
2	2030	2	1436
2	2030	1	1436
2	2030	0	1436
2	2030	3	1436
2	2030	0	1436
2	2030	2	1436
2	2030	1	1436
2	2030	2	1436
2	2030	3	1436
2	2030	0	1436
2	2030	2	1436
2	2030	9	1436
2	2030	0	1436
2	2030	0	1436
2	2030	3	1436
2	2030	1	1436
2	2030	1	1436
2	2030	3	1436
2	2030	0	1436
2	2030	5	1436
2	2030	2	1436
2	2030	2	1436
2	2030	9	1436
2	2030	1	1436
2	2030	0	1436
2	2030	0	1436
0	1970	5	1437
0	1970	11	1437
1	2000	0	1437
1	2000	1	1437
1	2000	2	1437
1	2000	2	1437
1	2000	4	1437
1	2000	0	1437
1	2000	4	1437
1	2000	14	1437
1	2000	2	1437
1	2000	1	1437
1	2000	6	1437
1	2000	14	1437
1	2000	6	1437
1	2000	2	1437
1	2000	0	1437
1	2000	2	1437
2	2030	0	1437
2	2030	1	1437
2	2030	5	1437
2	2030	1	1437
2	2030	3	1437
2	2030	1	1437
2	2030	0	1437
2	2030	3	1437
2	2030	4	1437
2	2030	0	1437
2	2030	6	1437
2	2030	1	1437
2	2030	7	1437
2	2030	2	1437
2	2030	2	1437
2	2030	0	1437
2	2030	3	1437
2	2030	0	1437
2	2030	0	1437
2	2030	3	1437
2	2030	0	1437
2	2030	6	1437
2	2030	0	1437
2	2030	0	1437
2	2030	0	1437
2	2030	3	1437
2	2030	7	1437
2	2030	0	1437
2	2030	0	1437
2	2030	2	1437
2	2030	0	1437
2	2030	1	1437
2	2030	3	1437
2	2030	3	1437
2	2030	1	1437
2	2030	0	1437
2	2030	0	1437
2	2030	2	1437
2	2030	1	1437
2	2030	1	1437
2	2030	0	1437
2	2030	1	1437
2	2030	2	1437
2	2030	1	1437
0	1970	4	1438
1	2000	1	1438
1	2000	0	1438
1	2000	4	1438
1	2000	3	1438
2	2030	2	1438
2	2030	0	1438
2	2030	0	1438
2	2030	1	1438
2	2030	2	1438
2	2030	2	1438
2	2030	2	1438
2	2030	3	1438
0	1970	2	1439
1	2000	3	1439
1	2000	6	1439
1	2000	6	1439
1	2000	0	1439
2	2030	0	1439
2	2030	1	1439
2	2030	0	1439
2	2030	2	1439
2	2030	2	1439
2	2030	2	1439
2	2030	0	1439
2	2030	0	1439
2	2030	2	1439
0	1970	3	1440
1	2000	0	1440
1	2000	0	1440
1	2000	1	1440
2	2030	1	1440
0	1970	3	1441
1	2000	2	1441
1	2000	7	1441
1	2000	1	1441
2	2030	0	1441
2	2030	2	1441
2	2030	1	1441
2	2030	1	1441
2	2030	1	1441
2	2030	4	1441
2	2030	0	1441
2	2030	0	1441
2	2030	3	1441
2	2030	2	1441
0	1970	2	1442
1	2000	3	1442
1	2000	0	1442
2	2030	1	1442
2	2030	3	1442
2	2030	3	1442
0	1970	1	1443
0	1970	0	1443
1	2000	2	1443
2	2030	1	1443
2	2030	1	1443
0	1970	3	1444
0	1970	3	1444
1	2000	2	1444
1	2000	2	1444
1	2000	10	1444
1	2000	2	1444
1	2000	0	1444
1	2000	10	1444
2	2030	3	1444
2	2030	7	1444
2	2030	3	1444
2	2030	1	1444
2	2030	2	1444
2	2030	2	1444
2	2030	2	1444
2	2030	4	1444
2	2030	0	1444
2	2030	1	1444
2	2030	1	1444
2	2030	0	1444
2	2030	4	1444
2	2030	0	1444
0	1970	8	1445
1	2000	4	1445
1	2000	2	1445
1	2000	2	1445
1	2000	2	1445
1	2000	7	1445
1	2000	3	1445
1	2000	0	1445
1	2000	2	1445
2	2030	1	1445
2	2030	1	1445
2	2030	2	1445
2	2030	2	1445
2	2030	7	1445
2	2030	0	1445
2	2030	0	1445
2	2030	0	1445
2	2030	4	1445
2	2030	1	1445
2	2030	0	1445
2	2030	1	1445
2	2030	4	1445
2	2030	1	1445
2	2030	3	1445
2	2030	3	1445
2	2030	3	1445
2	2030	0	1445
2	2030	0	1445
2	2030	0	1445
2	2030	0	1445
2	2030	1	1445
0	1970	2	1446
1	2000	1	1446
1	2000	6	1446
2	2030	0	1446
2	2030	5	1446
2	2030	6	1446
2	2030	3	1446
2	2030	6	1446
2	2030	3	1446
2	2030	0	1446
0	1970	9	1447
1	2000	3	1447
1	2000	3	1447
1	2000	0	1447
1	2000	1	1447
1	2000	10	1447
1	2000	6	1447
1	2000	5	1447
1	2000	9	1447
1	2000	3	1447
2	2030	1	1447
2	2030	0	1447
2	2030	1	1447
2	2030	0	1447
2	2030	0	1447
2	2030	3	1447
2	2030	0	1447
2	2030	0	1447
2	2030	0	1447
2	2030	5	1447
2	2030	3	1447
2	2030	1	1447
2	2030	1	1447
2	2030	3	1447
2	2030	1	1447
2	2030	2	1447
2	2030	0	1447
2	2030	2	1447
2	2030	1	1447
2	2030	2	1447
2	2030	5	1447
2	2030	1	1447
2	2030	2	1447
2	2030	2	1447
2	2030	1	1447
2	2030	0	1447
2	2030	0	1447
2	2030	7	1447
2	2030	0	1447
2	2030	1	1447
2	2030	1	1447
2	2030	0	1447
2	2030	0	1447
2	2030	1	1447
2	2030	2	1447
2	2030	7	1447
2	2030	1	1447
2	2030	0	1447
2	2030	0	1447
2	2030	2	1447
0	1970	1	1448
1	2000	1	1448
1	2000	1	1448
2	2030	1	1448
0	1970	7	1449
1	2000	1	1449
1	2000	1	1449
1	2000	2	1449
1	2000	1	1449
1	2000	2	1449
1	2000	6	1449
1	2000	2	1449
2	2030	1	1449
2	2030	0	1449
2	2030	1	1449
2	2030	1	1449
2	2030	0	1449
2	2030	1	1449
2	2030	0	1449
2	2030	0	1449
2	2030	0	1449
2	2030	6	1449
2	2030	1	1449
2	2030	0	1449
2	2030	0	1449
2	2030	2	1449
2	2030	3	1449
0	1970	1	1450
1	2000	5	1450
1	2000	2	1450
2	2030	0	1450
2	2030	3	1450
2	2030	2	1450
2	2030	2	1450
2	2030	0	1450
2	2030	0	1450
2	2030	2	1450
0	1970	7	1451
1	2000	2	1451
1	2000	2	1451
1	2000	5	1451
1	2000	0	1451
1	2000	0	1451
1	2000	3	1451
1	2000	2	1451
2	2030	6	1451
2	2030	1	1451
2	2030	3	1451
2	2030	0	1451
2	2030	1	1451
2	2030	1	1451
2	2030	2	1451
2	2030	3	1451
2	2030	3	1451
2	2030	8	1451
2	2030	2	1451
2	2030	0	1451
2	2030	2	1451
2	2030	0	1451
0	1970	1	1452
1	2000	1	1452
2	2030	1	1452
0	1970	4	1453
1	2000	0	1453
1	2000	7	1453
1	2000	5	1453
1	2000	4	1453
2	2030	2	1453
2	2030	0	1453
2	2030	2	1453
2	2030	0	1453
2	2030	1	1453
2	2030	2	1453
2	2030	2	1453
2	2030	2	1453
2	2030	8	1453
2	2030	2	1453
2	2030	1	1453
2	2030	0	1453
2	2030	1	1453
2	2030	0	1453
2	2030	1	1453
2	2030	3	1453
0	1970	1	1454
1	2000	3	1454
2	2030	3	1454
2	2030	1	1454
2	2030	1	1454
0	1970	2	1455
1	2000	3	1455
1	2000	1	1455
2	2030	4	1455
2	2030	0	1455
2	2030	0	1455
2	2030	0	1455
0	1970	3	1456
1	2000	8	1456
1	2000	3	1456
1	2000	3	1456
2	2030	0	1456
2	2030	4	1456
2	2030	2	1456
2	2030	2	1456
2	2030	1	1456
2	2030	3	1456
2	2030	0	1456
2	2030	4	1456
2	2030	4	1456
2	2030	0	1456
2	2030	1	1456
2	2030	4	1456
2	2030	3	1456
2	2030	1	1456
0	1970	6	1457
1	2000	7	1457
1	2000	0	1457
1	2000	1	1457
1	2000	2	1457
1	2000	2	1457
1	2000	1	1457
2	2030	1	1457
2	2030	0	1457
2	2030	2	1457
2	2030	0	1457
2	2030	0	1457
2	2030	2	1457
2	2030	3	1457
2	2030	6	1457
2	2030	0	1457
2	2030	1	1457
2	2030	3	1457
2	2030	2	1457
2	2030	3	1457
0	1970	2	1458
1	2000	4	1458
1	2000	0	1458
2	2030	0	1458
2	2030	2	1458
2	2030	0	1458
2	2030	4	1458
0	1970	6	1459
1	2000	0	1459
1	2000	1	1459
1	2000	4	1459
1	2000	5	1459
1	2000	1	1459
1	2000	3	1459
2	2030	0	1459
2	2030	2	1459
2	2030	1	1459
2	2030	0	1459
2	2030	1	1459
2	2030	0	1459
2	2030	1	1459
2	2030	3	1459
2	2030	3	1459
2	2030	0	1459
2	2030	0	1459
2	2030	0	1459
2	2030	6	1459
2	2030	0	1459
0	1970	1	1460
1	2000	2	1460
2	2030	3	1460
2	2030	1	1460
0	1970	6	1461
1	2000	5	1461
1	2000	11	1461
1	2000	1	1461
1	2000	1	1461
1	2000	0	1461
1	2000	5	1461
2	2030	2	1461
2	2030	4	1461
2	2030	3	1461
2	2030	0	1461
2	2030	0	1461
2	2030	0	1461
2	2030	0	1461
2	2030	1	1461
2	2030	1	1461
2	2030	1	1461
2	2030	0	1461
2	2030	5	1461
2	2030	3	1461
2	2030	0	1461
2	2030	2	1461
2	2030	1	1461
2	2030	2	1461
2	2030	0	1461
2	2030	5	1461
2	2030	0	1461
2	2030	7	1461
2	2030	2	1461
2	2030	1	1461
0	1970	6	1462
1	2000	1	1462
1	2000	2	1462
1	2000	3	1462
1	2000	5	1462
1	2000	0	1462
1	2000	4	1462
2	2030	2	1462
2	2030	2	1462
2	2030	3	1462
2	2030	0	1462
2	2030	1	1462
2	2030	0	1462
2	2030	1	1462
2	2030	0	1462
2	2030	0	1462
2	2030	1	1462
2	2030	4	1462
2	2030	3	1462
2	2030	2	1462
2	2030	5	1462
2	2030	1	1462
0	1970	1	1463
1	2000	13	1463
2	2030	1	1463
2	2030	0	1463
2	2030	4	1463
2	2030	1	1463
2	2030	2	1463
2	2030	2	1463
2	2030	1	1463
2	2030	1	1463
2	2030	3	1463
2	2030	0	1463
2	2030	1	1463
2	2030	5	1463
2	2030	5	1463
0	1970	5	1464
1	2000	5	1464
1	2000	9	1464
1	2000	5	1464
1	2000	4	1464
1	2000	9	1464
2	2030	0	1464
2	2030	0	1464
2	2030	3	1464
2	2030	3	1464
2	2030	3	1464
2	2030	2	1464
2	2030	1	1464
2	2030	0	1464
2	2030	0	1464
2	2030	1	1464
2	2030	7	1464
2	2030	1	1464
2	2030	2	1464
2	2030	0	1464
2	2030	4	1464
2	2030	1	1464
2	2030	1	1464
2	2030	1	1464
2	2030	1	1464
2	2030	9	1464
2	2030	1	1464
2	2030	1	1464
2	2030	1	1464
2	2030	2	1464
2	2030	0	1464
2	2030	0	1464
2	2030	0	1464
2	2030	2	1464
2	2030	1	1464
2	2030	3	1464
2	2030	0	1464
2	2030	1	1464
0	1970	2	1465
1	2000	7	1465
1	2000	6	1465
2	2030	1	1465
2	2030	4	1465
2	2030	1	1465
2	2030	1	1465
2	2030	6	1465
2	2030	2	1465
2	2030	0	1465
2	2030	0	1465
2	2030	4	1465
2	2030	4	1465
2	2030	2	1465
2	2030	7	1465
2	2030	0	1465
0	1970	4	1466
1	2000	4	1466
1	2000	2	1466
1	2000	1	1466
1	2000	3	1466
2	2030	1	1466
2	2030	0	1466
2	2030	2	1466
2	2030	0	1466
2	2030	0	1466
2	2030	0	1466
2	2030	2	1466
2	2030	0	1466
2	2030	1	1466
2	2030	1	1466
0	1970	2	1467
0	1970	2	1467
1	2000	1	1467
1	2000	5	1467
1	2000	5	1467
1	2000	6	1467
2	2030	2	1467
2	2030	6	1467
2	2030	3	1467
2	2030	4	1467
2	2030	2	1467
2	2030	2	1467
2	2030	1	1467
2	2030	0	1467
2	2030	2	1467
2	2030	0	1467
2	2030	1	1467
2	2030	2	1467
2	2030	1	1467
2	2030	0	1467
2	2030	1	1467
2	2030	0	1467
2	2030	1	1467
0	1970	11	1468
1	2000	2	1468
1	2000	2	1468
1	2000	0	1468
1	2000	4	1468
1	2000	2	1468
1	2000	1	1468
1	2000	1	1468
1	2000	1	1468
1	2000	4	1468
1	2000	5	1468
1	2000	1	1468
2	2030	2	1468
2	2030	0	1468
2	2030	1	1468
2	2030	1	1468
2	2030	2	1468
2	2030	2	1468
2	2030	2	1468
2	2030	1	1468
2	2030	4	1468
2	2030	1	1468
2	2030	2	1468
2	2030	3	1468
2	2030	0	1468
2	2030	0	1468
2	2030	0	1468
2	2030	1	1468
2	2030	2	1468
2	2030	1	1468
2	2030	4	1468
2	2030	0	1468
2	2030	1	1468
2	2030	1	1468
2	2030	0	1468
0	1970	4	1469
0	1970	0	1469
1	2000	2	1469
1	2000	3	1469
1	2000	8	1469
1	2000	1	1469
2	2030	0	1469
2	2030	0	1469
2	2030	0	1469
2	2030	0	1469
2	2030	3	1469
2	2030	2	1469
2	2030	0	1469
2	2030	0	1469
2	2030	1	1469
2	2030	2	1469
2	2030	0	1469
2	2030	2	1469
2	2030	1	1469
2	2030	1	1469
0	1970	9	1470
1	2000	1	1470
1	2000	1	1470
1	2000	0	1470
1	2000	5	1470
1	2000	4	1470
1	2000	1	1470
1	2000	1	1470
1	2000	2	1470
1	2000	3	1470
2	2030	1	1470
2	2030	0	1470
2	2030	0	1470
2	2030	2	1470
2	2030	1	1470
2	2030	0	1470
2	2030	1	1470
2	2030	3	1470
2	2030	7	1470
2	2030	0	1470
2	2030	2	1470
2	2030	2	1470
2	2030	8	1470
2	2030	0	1470
2	2030	3	1470
2	2030	1	1470
2	2030	12	1470
2	2030	6	1470
0	1970	1	1471
1	2000	1	1471
1	2000	1	1471
2	2030	3	1471
2	2030	3	1471
0	1970	14	1472
1	2000	0	1472
1	2000	0	1472
1	2000	3	1472
1	2000	0	1472
1	2000	0	1472
1	2000	1	1472
1	2000	0	1472
1	2000	6	1472
1	2000	5	1472
1	2000	1	1472
1	2000	2	1472
1	2000	2	1472
1	2000	1	1472
1	2000	2	1472
2	2030	0	1472
2	2030	1	1472
2	2030	2	1472
2	2030	1	1472
2	2030	2	1472
2	2030	3	1472
2	2030	1	1472
2	2030	4	1472
2	2030	0	1472
2	2030	1	1472
2	2030	4	1472
2	2030	2	1472
2	2030	2	1472
2	2030	5	1472
2	2030	0	1472
2	2030	1	1472
2	2030	0	1472
2	2030	7	1472
2	2030	2	1472
2	2030	3	1472
2	2030	0	1472
2	2030	1	1472
2	2030	1	1472
0	1970	1	1473
1	2000	3	1473
2	2030	1	1473
2	2030	0	1473
2	2030	0	1473
0	1970	6	1474
1	2000	0	1474
1	2000	1	1474
1	2000	0	1474
1	2000	7	1474
1	2000	5	1474
1	2000	1	1474
2	2030	2	1474
2	2030	1	1474
2	2030	1	1474
2	2030	2	1474
2	2030	0	1474
2	2030	2	1474
2	2030	0	1474
2	2030	3	1474
2	2030	2	1474
2	2030	0	1474
2	2030	2	1474
2	2030	3	1474
2	2030	3	1474
2	2030	2	1474
0	1970	20	1475
0	1970	2	1475
1	2000	5	1475
1	2000	5	1475
1	2000	6	1475
1	2000	6	1475
1	2000	3	1475
1	2000	1	1475
1	2000	6	1475
1	2000	4	1475
1	2000	4	1475
1	2000	3	1475
1	2000	2	1475
1	2000	1	1475
1	2000	3	1475
1	2000	3	1475
1	2000	0	1475
1	2000	2	1475
1	2000	0	1475
1	2000	6	1475
1	2000	2	1475
1	2000	0	1475
1	2000	4	1475
1	2000	6	1475
2	2030	0	1475
2	2030	0	1475
2	2030	1	1475
2	2030	3	1475
2	2030	0	1475
2	2030	2	1475
2	2030	2	1475
2	2030	1	1475
2	2030	0	1475
2	2030	0	1475
2	2030	4	1475
2	2030	1	1475
2	2030	1	1475
2	2030	0	1475
2	2030	5	1475
2	2030	1	1475
2	2030	1	1475
2	2030	1	1475
2	2030	1	1475
2	2030	1	1475
2	2030	0	1475
2	2030	1	1475
2	2030	0	1475
2	2030	1	1475
2	2030	1	1475
2	2030	1	1475
2	2030	2	1475
2	2030	3	1475
2	2030	1	1475
2	2030	0	1475
2	2030	0	1475
2	2030	0	1475
2	2030	0	1475
2	2030	2	1475
2	2030	1	1475
2	2030	10	1475
2	2030	0	1475
2	2030	10	1475
2	2030	4	1475
2	2030	5	1475
2	2030	1	1475
2	2030	2	1475
2	2030	1	1475
2	2030	0	1475
2	2030	4	1475
2	2030	4	1475
2	2030	0	1475
2	2030	0	1475
2	2030	0	1475
2	2030	0	1475
2	2030	1	1475
2	2030	0	1475
2	2030	4	1475
2	2030	1	1475
2	2030	0	1475
2	2030	3	1475
2	2030	3	1475
2	2030	4	1475
2	2030	0	1475
2	2030	1	1475
2	2030	5	1475
2	2030	0	1475
2	2030	4	1475
2	2030	1	1475
2	2030	1	1475
2	2030	4	1475
2	2030	10	1475
2	2030	1	1475
0	1970	2	1476
1	2000	3	1476
1	2000	2	1476
2	2030	1	1476
2	2030	1	1476
2	2030	4	1476
2	2030	1	1476
2	2030	3	1476
0	1970	1	1477
1	2000	2	1477
2	2030	7	1477
2	2030	0	1477
0	1970	1	1478
1	2000	1	1478
2	2030	0	1478
0	1970	4	1479
1	2000	1	1479
1	2000	2	1479
1	2000	1	1479
1	2000	1	1479
2	2030	5	1479
2	2030	1	1479
2	2030	0	1479
2	2030	1	1479
2	2030	0	1479
0	1970	1	1480
1	2000	1	1480
2	2030	1	1480
0	1970	3	1481
1	2000	1	1481
1	2000	1	1481
1	2000	4	1481
2	2030	1	1481
2	2030	0	1481
2	2030	0	1481
2	2030	3	1481
2	2030	1	1481
2	2030	2	1481
0	1970	9	1482
1	2000	2	1482
1	2000	2	1482
1	2000	1	1482
1	2000	1	1482
1	2000	2	1482
1	2000	1	1482
1	2000	2	1482
1	2000	0	1482
1	2000	0	1482
2	2030	0	1482
2	2030	1	1482
2	2030	2	1482
2	2030	0	1482
2	2030	1	1482
2	2030	1	1482
2	2030	0	1482
2	2030	1	1482
2	2030	1	1482
2	2030	2	1482
2	2030	2	1482
0	1970	5	1483
1	2000	1	1483
1	2000	5	1483
1	2000	6	1483
1	2000	1	1483
1	2000	1	1483
2	2030	4	1483
2	2030	1	1483
2	2030	1	1483
2	2030	2	1483
2	2030	1	1483
2	2030	2	1483
2	2030	3	1483
2	2030	5	1483
2	2030	0	1483
2	2030	2	1483
2	2030	2	1483
2	2030	0	1483
2	2030	1	1483
2	2030	0	1483
0	1970	2	1484
1	2000	1	1484
1	2000	1	1484
2	2030	1	1484
2	2030	0	1484
0	1970	7	1485
1	2000	2	1485
1	2000	5	1485
1	2000	0	1485
1	2000	1	1485
1	2000	5	1485
1	2000	7	1485
1	2000	1	1485
2	2030	2	1485
2	2030	0	1485
2	2030	1	1485
2	2030	0	1485
2	2030	0	1485
2	2030	2	1485
2	2030	3	1485
2	2030	2	1485
2	2030	0	1485
2	2030	2	1485
2	2030	0	1485
2	2030	4	1485
2	2030	1	1485
2	2030	0	1485
2	2030	6	1485
2	2030	0	1485
2	2030	0	1485
2	2030	7	1485
2	2030	0	1485
2	2030	1	1485
2	2030	1	1485
0	1970	1	1486
1	2000	11	1486
2	2030	0	1486
2	2030	1	1486
2	2030	4	1486
2	2030	3	1486
2	2030	1	1486
2	2030	2	1486
2	2030	0	1486
2	2030	0	1486
2	2030	2	1486
2	2030	0	1486
2	2030	3	1486
0	1970	2	1487
1	2000	3	1487
1	2000	0	1487
2	2030	3	1487
2	2030	1	1487
2	2030	1	1487
0	1970	1	1488
1	2000	1	1488
2	2030	2	1488
0	1970	5	1489
1	2000	0	1489
1	2000	2	1489
1	2000	1	1489
1	2000	6	1489
1	2000	4	1489
2	2030	3	1489
2	2030	2	1489
2	2030	0	1489
2	2030	0	1489
2	2030	2	1489
2	2030	7	1489
2	2030	0	1489
2	2030	2	1489
2	2030	2	1489
2	2030	1	1489
2	2030	0	1489
2	2030	5	1489
2	2030	0	1489
0	1970	2	1490
1	2000	2	1490
1	2000	0	1490
2	2030	1	1490
2	2030	3	1490
0	1970	0	1491
0	1970	1	1491
1	2000	3	1491
2	2030	2	1491
2	2030	0	1491
2	2030	0	1491
0	1970	3	1492
1	2000	1	1492
1	2000	5	1492
1	2000	0	1492
2	2030	0	1492
2	2030	0	1492
2	2030	0	1492
2	2030	1	1492
2	2030	0	1492
2	2030	1	1492
0	1970	2	1493
1	2000	1	1493
1	2000	4	1493
2	2030	0	1493
2	2030	1	1493
2	2030	1	1493
2	2030	0	1493
2	2030	1	1493
0	1970	26	1494
1	2000	3	1494
1	2000	6	1494
1	2000	3	1494
1	2000	0	1494
1	2000	5	1494
1	2000	3	1494
1	2000	1	1494
1	2000	9	1494
1	2000	2	1494
1	2000	1	1494
1	2000	4	1494
1	2000	10	1494
1	2000	1	1494
1	2000	6	1494
1	2000	1	1494
1	2000	2	1494
1	2000	2	1494
1	2000	1	1494
1	2000	1	1494
1	2000	0	1494
1	2000	9	1494
1	2000	3	1494
1	2000	3	1494
1	2000	1	1494
1	2000	3	1494
1	2000	1	1494
2	2030	1	1494
2	2030	1	1494
2	2030	0	1494
2	2030	0	1494
2	2030	1	1494
2	2030	0	1494
2	2030	1	1494
2	2030	0	1494
2	2030	2	1494
2	2030	2	1494
2	2030	5	1494
2	2030	3	1494
2	2030	0	1494
2	2030	0	1494
2	2030	1	1494
2	2030	3	1494
2	2030	0	1494
2	2030	2	1494
2	2030	1	1494
2	2030	1	1494
2	2030	0	1494
2	2030	0	1494
2	2030	1	1494
2	2030	0	1494
2	2030	1	1494
2	2030	0	1494
2	2030	2	1494
2	2030	0	1494
2	2030	0	1494
2	2030	3	1494
2	2030	1	1494
2	2030	14	1494
2	2030	2	1494
2	2030	0	1494
2	2030	0	1494
2	2030	1	1494
2	2030	0	1494
2	2030	1	1494
2	2030	4	1494
2	2030	3	1494
2	2030	0	1494
2	2030	0	1494
2	2030	2	1494
2	2030	1	1494
2	2030	5	1494
2	2030	3	1494
2	2030	3	1494
2	2030	2	1494
2	2030	0	1494
2	2030	0	1494
2	2030	3	1494
2	2030	2	1494
2	2030	1	1494
2	2030	0	1494
2	2030	0	1494
2	2030	0	1494
2	2030	0	1494
2	2030	0	1494
2	2030	1	1494
2	2030	7	1494
2	2030	1	1494
2	2030	1	1494
2	2030	0	1494
2	2030	1	1494
2	2030	1	1494
2	2030	0	1494
2	2030	1	1494
2	2030	5	1494
2	2030	2	1494
2	2030	2	1494
2	2030	0	1494
2	2030	0	1494
2	2030	0	1494
2	2030	1	1494
2	2030	0	1494
2	2030	0	1494
2	2030	1	1494
2	2030	0	1494
2	2030	2	1494
2	2030	1	1494
2	2030	0	1494
0	1970	9	1495
0	1970	2	1495
1	2000	4	1495
1	2000	0	1495
1	2000	0	1495
1	2000	3	1495
1	2000	8	1495
1	2000	6	1495
1	2000	8	1495
1	2000	5	1495
1	2000	0	1495
1	2000	0	1495
1	2000	6	1495
2	2030	5	1495
2	2030	3	1495
2	2030	0	1495
2	2030	0	1495
2	2030	0	1495
2	2030	1	1495
2	2030	0	1495
2	2030	1	1495
2	2030	3	1495
2	2030	2	1495
2	2030	2	1495
2	2030	4	1495
2	2030	2	1495
2	2030	1	1495
2	2030	0	1495
2	2030	0	1495
2	2030	1	1495
2	2030	0	1495
2	2030	0	1495
2	2030	2	1495
2	2030	0	1495
2	2030	3	1495
2	2030	2	1495
2	2030	0	1495
2	2030	1	1495
2	2030	1	1495
0	1970	2	1496
1	2000	1	1496
1	2000	0	1496
2	2030	2	1496
0	1970	8	1497
1	2000	4	1497
1	2000	0	1497
1	2000	3	1497
1	2000	2	1497
1	2000	4	1497
1	2000	1	1497
1	2000	6	1497
1	2000	7	1497
2	2030	4	1497
2	2030	1	1497
2	2030	1	1497
2	2030	0	1497
2	2030	3	1497
2	2030	5	1497
2	2030	0	1497
2	2030	3	1497
2	2030	0	1497
2	2030	1	1497
2	2030	0	1497
2	2030	1	1497
2	2030	1	1497
2	2030	0	1497
2	2030	1	1497
2	2030	3	1497
2	2030	1	1497
2	2030	0	1497
2	2030	1	1497
2	2030	3	1497
2	2030	0	1497
2	2030	2	1497
2	2030	1	1497
2	2030	0	1497
2	2030	3	1497
2	2030	0	1497
2	2030	5	1497
0	1970	1	1498
0	1970	4	1498
1	2000	1	1498
1	2000	2	1498
1	2000	2	1498
1	2000	0	1498
1	2000	1	1498
2	2030	3	1498
2	2030	0	1498
2	2030	1	1498
2	2030	7	1498
0	1970	4	1499
0	1970	7	1499
1	2000	1	1499
1	2000	9	1499
1	2000	3	1499
1	2000	2	1499
1	2000	5	1499
1	2000	2	1499
1	2000	5	1499
1	2000	2	1499
1	2000	4	1499
1	2000	6	1499
1	2000	2	1499
2	2030	2	1499
2	2030	1	1499
2	2030	0	1499
2	2030	6	1499
2	2030	0	1499
2	2030	1	1499
2	2030	3	1499
2	2030	2	1499
2	2030	1	1499
2	2030	0	1499
2	2030	1	1499
2	2030	1	1499
2	2030	0	1499
2	2030	5	1499
2	2030	1	1499
2	2030	2	1499
2	2030	5	1499
2	2030	1	1499
2	2030	0	1499
2	2030	1	1499
2	2030	7	1499
2	2030	1	1499
2	2030	1	1499
2	2030	1	1499
2	2030	0	1499
2	2030	4	1499
2	2030	1	1499
2	2030	7	1499
2	2030	0	1499
2	2030	3	1499
2	2030	0	1499
2	2030	1	1499
2	2030	4	1499
2	2030	2	1499
0	1970	11	1500
1	2000	1	1500
1	2000	0	1500
1	2000	9	1500
1	2000	0	1500
1	2000	1	1500
1	2000	3	1500
1	2000	2	1500
1	2000	6	1500
1	2000	1	1500
1	2000	1	1500
1	2000	1	1500
2	2030	1	1500
2	2030	1	1500
2	2030	3	1500
2	2030	2	1500
2	2030	4	1500
2	2030	1	1500
2	2030	3	1500
2	2030	2	1500
2	2030	0	1500
2	2030	3	1500
2	2030	1	1500
2	2030	0	1500
2	2030	2	1500
2	2030	1	1500
2	2030	0	1500
2	2030	0	1500
2	2030	0	1500
2	2030	0	1500
2	2030	0	1500
2	2030	2	1500
2	2030	3	1500
2	2030	3	1500
2	2030	4	1500
2	2030	0	1500
2	2030	1	1500
