gen	yob_children	N_offspring
0	1889	3
0	1886.42857142857	7
0	1889.83333333333	6
0	1891.25	4
1	1920	3
1	1921	4
1	1922	6
1	1914	4
1	1916	5
1	1917	3
1	1922	1
1	1919	5
1	1922	4
1	1926	5
1	1916	0
1	1917	3
1	1917	4
1	1915	3
1	1920	4
1	1922	1
1	1922	1
1	1922	0
0	1889	3
0	1886.42857142857	7
0	1889.83333333333	6
0	1891.25	4
1	1920	3
1	1921	4
1	1922	6
1	1914	4
1	1916	5
1	1917	3
1	1922	1
1	1919	5
1	1922	4
1	1926	5
1	1916	0
1	1917	3
1	1917	4
1	1915	3
1	1920	4
1	1922	1
1	1922	1
1	1922	0
1	1922	0
0	1889	3
0	1886.42857142857	7
0	1889.83333333333	6
0	1891.25	4
1	1920	3
1	1921	4
1	1922	6
1	1914	4
1	1916	5
1	1917	3
1	1922	1
1	1919	5
1	1922	4
1	1926	5
1	1916	0
1	1917	3
1	1917	4
1	1915	3
1	1920	4
1	1922	1
1	1922	1
1	1922	0
1	1922	0
1	1922	0
0	1987	1
0	1987	2
1	2017	5
1	2013	2
0	1955	5
0	1956	2
0	1954	2
0	1954	2
0	1952	3
0	1954	3
1	1986	1
1	1985	0
1	1984	3
1	1985	0
1	1983	1
1	1983	1
1	1983	0
1	1986	3
1	1979	1
1	1977	4
1	1984	2
1	1984	0
0	2002	2
0	2002	1
0	2002	1
1	2031	2
1	2032	4
0	1933	3
0	1934	3
0	1933	2
0	1933	1
1	1960	3
1	1964	3
1	1963	2
1	1964	3
1	1963	0
1	1965	2
0	1895	3
0	1896	9
0	1894	7
0	1896	4
1	1925	2
1	1925	3
1	1924	2
1	1925	3
1	1925	5
1	1923	6
1	1927	1
1	1925	2
1	1925	4
1	1924	2
1	1923	4
1	1926	3
1	1927	3
1	1926	5
1	1925	3
1	1925	3
1	1922	4
1	1923	2
1	1925	5
1	1925	1
0	1892	2
0	1895	5
0	1890	4
1	1923	5
1	1922	5
1	1924	2
1	1928	3
1	1926	4
1	1920	5
1	1922	4
1	1924	4
1	1922	3
0	1952	1
0	1951	3
1	1982	1
1	1983	1
1	1981	0
0	1905	2
0	1906	4
0	1908	8
1	1935	1
1	1935	0
1	1933	2
1	1940	3
1	1940	3
1	1939	0
1	1935	2
1	1936	3
1	1939	0
1	1940	6
1	1938	7
1	1939	0
0	1916	5
0	1914	5
0	1916	3
0	1916	1
0	1913	3
0	1915	4
1	1948	2
1	1943	3
1	1946	5
1	1944	2
1	1946	5
1	1948	5
1	1943	2
1	1945	2
1	1943	6
1	1945	1
1	1944	3
1	1948	2
1	1945	3
1	1942	3
1	1944	1
1	1948	2
0	1985	2
0	1985	1
0	1985	2
1	2013	2
1	2015	1
1	2016	2
0	1952	5
0	1952	2
0	1952	4
0	1953	3
0	1950	4
0	1953	2
1	1983	3
1	1981	1
1	1979	1
1	1982	0
1	1984	1
1	1984	1
1	1982	0
1	1985	3
1	1977	1
1	1983	2
1	1984	2
1	1980	1
1	1980	0
1	1981	1
1	1984	1
0	1992	1
0	1992	1
1	2025	2
0	1941	3
0	1941	1
0	1942	3
0	1941	1
1	1971	3
1	1971	2
1	1971	1
1	1969	2
1	1970	2
0	1915	1
0	1917	5
1	1942	5
1	1946	2
1	1945	2
1	1946	4
1	1948	3
0	1960	1
0	1960	1
1	1990	1
0	1988	2
0	1988	1
0	1988	2
1	2016	3
1	2020	5
1	2018	0
0	1996	2
0	1996	1
0	1996	1
1	2026	1
1	2026	0
0	1934	4
0	1934	1
0	1933	3
0	1936	2
0	1934	1
1	1963	1
1	1963	4
1	1964	2
1	1963	3
1	1969	4
1	1962	3
1	1965	2
0	2001	1
0	2002	2
1	2031	1
1	2036	1
0	1952	1
0	1952	2
1	1981	2
1	1981	0
0	1894	2
0	1894	3
0	1891	6
1	1923	1
1	1922	6
1	1924	1
1	1923	3
1	1921	2
1	1919	3
1	1921	4
1	1920	4
1	1921	6
0	1993	1
0	1994	2
1	2023	2
1	2025	0
0	2018	2
0	2018	1
0	2019	4
1	2048	2
1	2048	1
1	2048	3
1	2049	0
1	2050	3
0	1952	2
0	1952	2
0	1951	3
1	1982	1
1	1980	1
1	1980	1
1	1981	0
1	1980	1
0	1954	3
0	1954	2
0	1954	3
0	1955	3
1	1980	4
1	1984	0
1	1986	1
1	1983	2
1	1985	2
1	1983	1
1	1986	3
1	1982	2
0	1927	4
0	1927	2
0	1926	3
0	1930	3
0	1924	7
1	1957	5
1	1957	0
1	1960	7
1	1957	0
1	1957	1
1	1960	4
1	1954	4
1	1956	2
1	1954	2
1	1955	2
1	1953	2
1	1961	0
1	1954	4
1	1954	0
1	1957	2
0	1951	3
0	1951	1
0	1952	2
0	1952	4
1	1980	1
1	1981	0
1	1981	0
1	1982	0
1	1981	2
1	1984	1
1	1984	0
0	1896	6
0	1895	2
0	1893	7
0	1894	5
0	1896	2
0	1897	6
0	1896	7
1	1924	5
1	1928	5
1	1928	5
1	1926	5
1	1927	3
1	1925	2
1	1923	4
1	1921	5
1	1922	6
1	1923	5
1	1927	2
1	1924	3
1	1927	2
1	1929	1
1	1925	4
1	1927	5
1	1925	3
1	1927	5
1	1926	3
1	1927	1
1	1923	1
1	1921	6
1	1924	7
1	1922	4
1	1927	4
1	1924	1
1	1928	3
1	1928	3
1	1928	4
0	1906	8
0	1907	4
0	1906	2
0	1907	3
0	1906	2
0	1905	5
0	1908	7
0	1907	3
0	1906	2
1	1937	4
1	1936	2
1	1937	2
1	1937	3
1	1934	1
1	1935	1
1	1936	2
1	1934	3
1	1937	2
1	1933	1
1	1934	1
1	1937	4
1	1939	2
1	1939	1
1	1938	0
1	1935	0
1	1936	3
1	1940	2
1	1938	1
1	1937	3
1	1935	1
1	1933	1
1	1934	3
1	1933	2
1	1940	4
1	1941	4
1	1937	3
1	1938	0
0	2003	4
0	2003	1
0	2003	2
0	2003	1
0	2004	3
1	2031	1
1	2030	1
1	2033	0
1	2037	2
1	2035	1
1	2034	3
1	2034	0
0	1881	5
0	1881	6
0	1883	4
0	1883	3
0	1879	7
0	1881	5
1	1910	1
1	1911	5
1	1912	3
1	1914	5
1	1912	8
1	1908	7
1	1911	4
1	1915	4
1	1914	3
1	1909	4
1	1909	3
1	1909	3
1	1907	1
1	1909	8
1	1912	2
1	1910	1
1	1912	2
1	1911	4
1	1915	7
1	1913	1
1	1914	2
1	1908	2
1	1911	9
1	1910	5
1	1913	5
0	2017	5
0	2017	4
0	2016	2
0	2017	1
0	2017	1
0	2016	2
1	2047	0
1	2047	0
1	2048	1
1	2047	3
1	2048	1
1	2047	0
1	2045	2
1	2046	3
1	2047	0
1	2046	3
0	1897	4
0	1897	5
0	1892	8
0	1898	2
0	1896	7
1	1924	6
1	1927	5
1	1927	2
1	1928	3
1	1929	4
1	1926	4
1	1921	2
1	1920	2
1	1922	2
1	1921	3
1	1920	4
1	1925	2
1	1926	3
1	1922	4
1	1927	1
1	1925	3
1	1929	3
1	1927	1
1	1920	2
1	1919	5
1	1927	1
1	1924	8
0	1937	3
0	1938	2
0	1936	3
0	1940	3
1	1969	2
1	1966	1
1	1969	3
1	1964	2
1	1971	1
1	1968	5
1	1963	2
1	1971	3
0	2023	3
0	2023	1
0	2021	2
0	2023	1
1	2054	2
1	2053	0
1	2053	0
1	2048	1
0	1963	3
0	1963	1
0	1963	2
0	1962	4
1	1992	1
1	1993	2
1	1989	1
1	1991	1
1	1995	1
1	1993	2
1	1990	1
0	1976	1
0	1978	2
1	2006	3
1	2009	3
0	2012	1
0	2009	3
1	2043	1
1	2040	1
1	2039	3
0	2008	2
0	2008	2
0	2011	3
1	2036	2
1	2038	3
1	2035	1
1	2042	4
1	2042	1
0	1962	2
0	1962	1
0	1961	2
1	1990	4
1	1993	4
1	1989	2
0	1911	6
0	1909	7
0	1912	2
0	1913	4
0	1911	2
0	1908	6
0	1910	4
1	1942	1
1	1940	3
1	1941	3
1	1940	6
1	1939	2
1	1943	5
1	1939	2
1	1939	0
1	1940	4
1	1938	2
1	1940	3
1	1942	7
1	1944	4
1	1944	6
1	1940	2
1	1936	4
1	1940	5
1	1940	2
1	1939	2
1	1937	2
1	1937	5
1	1946	2
1	1942	3
1	1938	5
1	1937	2
0	1991	1
0	1991	2
1	2020	4
1	2021	0
0	2012	1
0	2014	5
1	2045	4
1	2043	1
1	2041	3
1	2044	0
1	2045	1
0	1977	2
0	1977	1
0	1977	1
1	2007	0
1	2004	2
0	1900	2
0	1898	4
0	1898	6
1	1926	4
1	1931	1
1	1929	3
1	1928	1
1	1930	4
1	1929	2
1	1927	3
1	1926	4
1	1930	4
1	1928	2
0	2013	3
0	2014	2
0	2013	1
0	2014	2
1	2041	1
1	2043	0
1	2043	0
1	2047	3
1	2044	2
0	1883	4
0	1883	6
0	1880	3
0	1884	3
0	1884	8
1	1911	1
1	1913	5
1	1914	5
1	1913	2
1	1913	7
1	1911	2
1	1918	3
1	1916	6
1	1913	4
1	1911	5
1	1914	3
1	1912	7
1	1913	3
1	1914	7
1	1910	1
1	1914	5
1	1906	9
1	1911	5
1	1916	3
1	1914	1
0	1909	2
0	1907	7
0	1904	6
1	1939	2
1	1941	1
1	1937	2
1	1938	3
1	1942	2
1	1935	2
1	1932	5
1	1933	3
1	1937	0
1	1938	3
1	1934	3
1	1933	1
1	1934	2
0	1907	2
0	1905	3
0	1908	3
1	1936	2
1	1937	1
1	1934	0
1	1935	3
1	1936	2
1	1941	4
0	1980	1
0	1980	1
1	2010	2
0	1994	2
0	1994	1
0	1994	1
1	2024	1
1	2024	0
0	1978	2
0	1978	2
0	1978	1
1	2006	3
1	2009	3
1	2005	2
0	1970	3
0	1970	3
0	1970	1
0	1970	4
1	1999	2
1	1999	3
1	2000	3
1	1999	2
1	2001	2
1	2001	2
1	2001	1
1	2000	0
0	1959	2
0	1964	4
0	1958	2
1	1989	3
1	1988	1
1	1998	1
1	1995	1
1	1996	2
1	1988	1
0	1911	3
0	1911	1
0	1913	3
0	1910	3
1	1938	8
1	1939	5
1	1939	2
1	1942	7
1	1938	1
1	1939	2
1	1943	1
0	2008	1
0	2008	1
1	2038	2
0	1971	1
0	1970	3
1	2004	4
1	2004	2
1	1998	2
0	1951	4
0	1952	2
0	1948	3
0	1950	2
0	1954	4
1	1981	0
1	1983	5
1	1979	1
1	1983	3
1	1977	0
1	1978	3
1	1981	1
1	1984	2
1	1984	3
1	1985	2
1	1986	1
0	1881	8
0	1881	4
0	1878	8
0	1881	8
0	1879	5
0	1880	7
0	1883	4
0	1878	6
0	1878	7
1	1912	2
1	1911	2
1	1908	5
1	1911	3
1	1914	7
1	1912	6
1	1912	4
1	1913	4
1	1913	3
1	1909	4
1	1910	2
1	1906	4
1	1909	4
1	1909	5
1	1907	9
1	1910	3
1	1911	5
1	1909	1
1	1909	2
1	1911	4
1	1909	2
1	1910	4
1	1910	5
1	1914	0
1	1915	3
1	1907	6
1	1906	5
1	1908	6
1	1916	7
1	1911	8
1	1907	4
1	1908	5
1	1913	3
1	1910	6
1	1908	3
1	1913	9
1	1908	7
1	1910	3
1	1909	4
1	1909	2
1	1916	4
1	1906	3
1	1908	3
1	1909	2
1	1905	2
1	1907	4
1	1906	4
1	1907	2
1	1908	4
0	1919	1
0	1919	1
1	1946	3
0	1996	1
0	1997	3
1	2022	1
1	2027	0
1	2024	1
0	1997	1
0	1997	1
1	2028	1
0	1990	1
0	1990	1
0	2003	3
0	2004	3
0	2004	2
0	2008	4
1	2033	2
1	2033	1
1	2035	2
1	2035	1
1	2039	1
1	2039	0
1	2035	3
1	2034	2
1	2039	2
0	1934	6
0	1934	4
0	1936	5
0	1935	4
0	1934	2
0	1936	5
0	1936	3
1	1963	5
1	1963	3
1	1966	1
1	1962	2
1	1961	1
1	1962	1
1	1965	2
1	1964	2
1	1964	2
1	1968	3
1	1969	1
1	1968	3
1	1965	5
1	1966	3
1	1967	4
1	1966	1
1	1968	3
1	1966	4
1	1965	0
1	1965	8
1	1963	1
1	1967	0
1	1967	1
0	2013	1
0	2014	2
1	2041	1
1	2042	3
0	1976	1
0	1976	1
1	2005	2
0	1924	3
0	1923	4
0	1925	4
0	1924	1
1	1956	5
1	1953	2
1	1956	3
1	1957	2
1	1954	3
1	1955	8
1	1953	3
1	1953	1
1	1954	3
0	1938	2
0	1939	3
0	1939	2
1	1968	2
1	1970	1
1	1971	1
1	1969	0
1	1969	5
0	1917	3
0	1917	1
0	1918	3
0	1918	2
1	1946	3
1	1945	5
1	1948	4
1	1951	2
1	1950	2
1	1949	0
0	1947	5
0	1948	2
0	1947	5
0	1948	6
0	1945	5
0	1947	1
1	1977	0
1	1977	0
1	1976	1
1	1977	0
1	1975	1
1	1980	2
1	1978	0
1	1979	2
1	1976	1
1	1978	0
1	1975	0
1	1977	0
1	1978	2
1	1977	0
1	1978	1
1	1977	5
1	1979	2
1	1977	2
1	1975	1
0	1946	4
0	1946	5
0	1948	2
0	1943	6
0	1947	3
1	1978	2
1	1976	2
1	1973	3
1	1980	2
1	1977	2
1	1972	1
1	1972	3
1	1973	3
1	1978	1
1	1976	1
1	1975	2
1	1972	3
1	1976	2
1	1978	1
1	1972	2
1	1973	6
0	1905	7
0	1908	8
0	1904	4
0	1904	5
0	1906	4
0	1904	2
0	1903	2
0	1903	8
1	1936	3
1	1935	3
1	1935	3
1	1934	3
1	1932	2
1	1936	1
1	1935	0
1	1936	4
1	1940	7
1	1943	1
1	1939	2
1	1938	4
1	1935	2
1	1931	2
1	1933	3
1	1936	2
1	1935	3
1	1936	4
1	1933	4
1	1933	4
1	1940	1
1	1938	3
1	1934	3
1	1933	1
1	1936	3
1	1933	1
1	1933	2
1	1936	0
1	1933	1
1	1931	4
1	1931	1
1	1934	1
1	1934	2
0	1971	5
0	1971	1
0	1971	1
0	1968	3
0	1972	2
0	1969	2
1	1999	2
1	2001	0
1	2002	3
1	2002	2
1	2001	0
1	1995	2
1	1997	2
1	1996	1
1	2000	4
0	1926	1
0	1926	2
1	1956	6
1	1956	2
0	1946	1
0	1946	5
1	1975	2
1	1975	1
1	1975	2
1	1977	1
1	1976	1
0	1990	1
0	1990	1
1	2021	3
0	1894	5
0	1895	4
0	1893	9
0	1898	7
0	1890	10
0	1893	4
1	1923	3
1	1924	2
1	1924	4
1	1924	3
1	1922	1
1	1925	5
1	1926	1
1	1924	3
1	1924	2
1	1920	1
1	1922	5
1	1929	2
1	1927	6
1	1928	3
1	1929	0
1	1929	4
1	1919	5
1	1918	3
1	1919	2
1	1922	4
1	1923	6
1	1921	3
1	1920	3
1	1922	3
1	1921	1
1	1929	5
1	1919	5
1	1919	4
1	1923	4
1	1920	0
1	1919	6
1	1923	3
1	1924	3
1	1921	4
0	1926	2
0	1926	1
0	1926	3
1	1956	1
1	1956	3
1	1956	3
1	1953	2
0	1897	3
0	1896	4
0	1896	3
0	1898	6
1	1928	6
1	1926	7
1	1926	5
1	1929	3
1	1926	2
1	1929	3
1	1928	6
1	1929	3
1	1927	7
1	1927	2
1	1925	2
1	1926	4
1	1929	1
0	1971	2
0	1971	2
0	1970	3
1	2003	3
1	2003	4
1	2000	1
1	1999	0
1	2001	4
0	1919	2
0	1920	2
0	1917	4
1	1950	3
1	1948	2
1	1944	4
1	1953	2
1	1948	2
1	1946	4
0	1894	5
0	1895	5
0	1895	6
0	1895	7
0	1898	5
0	1892	4
1	1923	2
1	1925	7
1	1924	2
1	1925	4
1	1924	4
1	1926	1
1	1925	2
1	1924	4
1	1925	4
1	1924	1
1	1921	4
1	1928	5
1	1925	5
1	1927	5
1	1931	1
1	1923	6
1	1925	4
1	1928	3
1	1926	5
1	1925	2
1	1924	3
1	1926	7
1	1925	6
1	1925	4
1	1929	0
1	1926	2
1	1924	2
0	2006	2
0	2006	1
0	2007	3
1	2035	3
1	2036	1
1	2038	1
1	2040	1
0	2000	3
0	2000	1
0	2001	4
0	1997	3
1	2030	0
1	2031	6
1	2031	3
1	2033	3
1	2031	1
1	2028	1
1	2031	0
1	2027	2
0	1944	2
0	1943	6
0	1942	7
1	1974	0
1	1974	1
1	1975	2
1	1971	1
1	1973	1
1	1976	1
1	1973	5
1	1971	2
1	1972	3
1	1970	2
1	1971	6
1	1972	6
1	1970	5
0	1985	3
0	1984	3
0	1983	3
0	1985	3
1	2012	3
1	2015	1
1	2016	2
1	2011	3
1	2012	3
1	2014	1
1	2013	0
1	2012	2
1	2012	1
0	1986	1
0	1986	1
1	2016	1
0	1909	6
0	1910	3
0	1912	5
0	1907	5
0	1909	1
0	1909	1
0	1910	7
1	1936	2
1	1939	0
1	1940	7
1	1934	4
1	1942	3
1	1938	4
1	1939	3
1	1935	4
1	1936	3
1	1940	4
1	1938	1
1	1938	3
1	1938	3
1	1943	2
1	1943	2
1	1943	6
1	1936	2
1	1936	4
1	1938	2
1	1939	1
1	1941	4
1	1940	4
0	1889	10
0	1891	7
0	1890	6
0	1886	8
0	1890	2
0	1889	3
0	1887	5
0	1888	5
0	1889	1
0	1887	4
0	1890	4
1	1918	1
1	1919	2
1	1921	3
1	1916	3
1	1921	3
1	1921	4
1	1917	2
1	1918	5
1	1919	5
1	1919	4
1	1920	5
1	1922	5
1	1921	1
1	1919	4
1	1919	7
1	1918	1
1	1915	2
1	1917	4
1	1915	2
1	1922	5
1	1920	3
1	1916	5
1	1918	3
1	1919	4
1	1918	3
1	1913	2
1	1922	9
1	1922	6
1	1918	4
1	1922	3
1	1921	5
1	1919	1
1	1916	6
1	1915	4
1	1917	6
1	1916	7
1	1919	2
1	1917	0
1	1917	6
1	1914	4
1	1917	1
1	1918	4
1	1918	5
1	1918	1
1	1920	8
0	1921	6
0	1923	5
0	1922	2
0	1924	6
0	1922	5
0	1919	3
0	1920	4
1	1949	2
1	1949	5
1	1950	1
1	1949	4
1	1950	6
1	1953	3
1	1950	4
1	1955	0
1	1950	4
1	1951	2
1	1952	0
1	1951	4
1	1950	4
1	1950	5
1	1950	5
1	1955	5
1	1952	2
1	1952	1
1	1956	2
1	1951	3
1	1955	3
1	1955	2
1	1949	1
1	1947	5
1	1947	2
0	1917	1
0	1916	3
1	1949	7
1	1945	2
1	1947	7
0	1943	4
0	1941	5
0	1945	3
0	1942	2
0	1943	1
1	1970	1
1	1973	0
1	1974	1
1	1975	1
1	1971	2
1	1968	1
1	1971	2
1	1974	3
1	1971	0
1	1976	1
1	1976	0
0	1997	2
0	1996	2
0	1996	2
1	2027	0
1	2030	5
1	2030	3
1	2026	2
0	1885	5
0	1885	2
0	1885	3
0	1884	11
0	1886	4
0	1884	4
1	1912	3
1	1914	4
1	1914	2
1	1916	3
1	1914	3
1	1917	2
1	1912	2
1	1911	3
1	1914	2
1	1915	3
1	1914	0
1	1909	6
1	1920	3
1	1915	2
1	1911	5
1	1914	2
1	1914	2
1	1914	7
1	1914	3
1	1910	6
1	1914	3
1	1916	5
1	1910	4
1	1913	5
0	1888	6
0	1888	2
0	1885	6
0	1888	6
0	1886	5
0	1888	3
0	1888	2
1	1919	3
1	1921	5
1	1918	5
1	1921	5
1	1919	8
1	1918	4
1	1914	5
1	1916	2
1	1915	2
1	1917	7
1	1918	4
1	1917	5
1	1914	4
1	1915	3
1	1923	3
1	1913	8
1	1915	4
1	1917	4
1	1918	4
1	1921	5
1	1916	3
1	1916	2
1	1918	2
1	1915	5
0	2010	1
0	2011	4
1	2040	0
1	2041	0
1	2042	1
1	2041	1
0	1914	2
0	1917	3
0	1914	1
1	1943	4
1	1942	3
1	1948	2
1	1948	0
0	1967	2
0	1968	4
0	1966	2
1	1993	3
1	1996	1
1	1999	0
1	1994	2
1	1999	1
1	2001	2
0	1964	1
0	1966	4
1	1996	2
1	1996	2
1	1998	1
1	1994	2
0	1928	4
0	1927	4
0	1928	1
0	1928	1
0	1926	2
1	1957	8
1	1960	3
1	1958	6
1	1957	3
1	1955	3
1	1958	6
1	1956	2
1	1957	0
0	1937	6
0	1936	2
0	1937	4
0	1938	2
0	1937	1
0	1936	3
0	1937	1
1	1966	6
1	1970	3
1	1968	1
1	1966	6
1	1965	4
1	1967	1
1	1965	1
1	1967	0
1	1968	4
1	1967	3
1	1968	3
1	1968	6
1	1966	1
0	2015	2
0	2016	2
0	2015	1
1	2045	1
1	2045	0
1	2046	4
0	2004	2
0	2004	2
0	2004	1
1	2032	2
1	2034	0
1	2033	2
0	1890	7
0	1892	6
0	1891	5
0	1889	9
0	1892	2
0	1890	5
0	1891	2
0	1891	12
1	1919	3
1	1920	2
1	1921	4
1	1919	3
1	1920	6
1	1916	2
1	1922	4
1	1923	0
1	1921	2
1	1924	2
1	1920	6
1	1921	4
1	1921	3
1	1922	2
1	1918	2
1	1918	3
1	1917	4
1	1920	5
1	1919	3
1	1924	7
1	1922	4
1	1922	3
1	1920	1
1	1921	1
1	1923	7
1	1921	2
1	1925	1
1	1921	5
1	1918	2
1	1921	1
1	1922	6
1	1921	4
1	1921	1
1	1926	3
1	1919	5
1	1919	2
1	1919	2
1	1922	3
1	1921	0
1	1924	2
1	1918	4
0	1913	3
0	1915	10
0	1916	6
0	1911	2
1	1940	2
1	1941	3
1	1944	2
1	1947	2
1	1943	1
1	1949	5
1	1948	4
1	1946	6
1	1946	0
1	1949	4
1	1948	5
1	1947	8
1	1939	0
1	1947	6
1	1945	0
1	1945	2
1	1945	0
1	1944	2
0	1887	4
0	1889	5
0	1888	3
0	1888	4
0	1892	6
1	1917	3
1	1918	3
1	1916	4
1	1915	5
1	1922	3
1	1919	1
1	1918	0
1	1918	2
1	1917	6
1	1923	2
1	1922	3
1	1915	4
1	1920	1
1	1920	2
1	1918	5
1	1922	4
1	1922	4
1	1923	4
0	1885	6
0	1885	1
0	1884	2
0	1888	6
0	1886	4
0	1882	3
0	1887	9
1	1918	5
1	1914	7
1	1913	4
1	1915	1
1	1918	1
1	1915	6
1	1915	3
1	1920	5
1	1917	3
1	1918	4
1	1917	5
1	1919	3
1	1911	3
1	1912	6
1	1916	3
1	1916	6
1	1917	0
1	1916	2
1	1919	2
1	1918	4
1	1917	2
1	1918	3
1	1919	2
1	1914	5
1	1917	6
0	1906	4
0	1908	8
0	1908	6
0	1909	6
0	1908	4
1	1936	4
1	1933	2
1	1938	2
1	1934	2
1	1940	4
1	1936	3
1	1938	1
1	1938	7
1	1938	1
1	1940	0
1	1935	5
1	1940	2
1	1938	0
1	1937	3
1	1938	0
1	1937	3
1	1939	3
1	1938	1
1	1940	2
1	1942	3
1	1939	6
1	1939	3
1	1937	3
1	1936	2
0	1938	4
0	1938	1
0	1934	5
0	1939	3
0	1937	7
1	1970	3
1	1968	3
1	1969	5
1	1966	2
1	1963	3
1	1961	2
1	1966	2
1	1967	1
1	1968	3
1	1963	5
1	1963	2
1	1970	4
1	1969	3
1	1969	3
1	1966	3
1	1969	2
0	2014	6
0	2014	1
0	2016	2
0	2014	1
0	2014	3
0	2014	2
0	2014	2
1	2042	2
1	2047	3
1	2046	1
1	2044	0
1	2044	0
1	2045	1
1	2046	1
1	2045	1
1	2046	1
1	2045	3
1	2046	1
0	1982	1
0	1982	2
0	1936	2
0	1936	2
0	1937	2
1	1966	0
1	1966	3
1	1966	0
1	1970	1
0	1943	3
0	1944	6
0	1943	1
0	1943	2
1	1974	1
1	1973	2
1	1973	0
1	1972	4
1	1974	1
1	1972	3
1	1972	2
1	1976	2
1	1974	4
0	1921	3
0	1922	2
0	1922	2
0	1917	10
1	1950	7
1	1951	0
1	1951	1
1	1952	4
1	1953	2
1	1947	4
1	1946	6
1	1948	3
1	1944	3
1	1947	4
1	1946	2
1	1947	3
1	1947	4
1	1945	5
0	1888	6
0	1884	10
0	1890	4
0	1887	6
0	1888	6
0	1889	5
0	1886	6
1	1919	5
1	1920	3
1	1919	3
1	1917	5
1	1916	2
1	1920	4
1	1917	3
1	1914	3
1	1914	8
1	1913	4
1	1912	5
1	1922	7
1	1920	2
1	1917	3
1	1919	4
1	1919	3
1	1922	4
1	1919	5
1	1915	4
1	1911	3
1	1912	4
1	1916	5
1	1912	5
1	1919	4
1	1923	3
1	1917	2
1	1919	3
1	1917	5
1	1918	8
1	1914	5
1	1918	10
1	1918	6
1	1919	3
1	1916	0
1	1917	4
1	1918	2
1	1916	3
0	1892	4
0	1892	5
0	1893	5
0	1892	4
0	1893	11
1	1921	2
1	1922	2
1	1925	5
1	1922	4
1	1922	3
1	1922	2
1	1924	2
1	1922	4
1	1922	6
1	1919	5
1	1923	7
1	1923	4
1	1921	4
1	1923	4
1	1924	3
1	1922	2
1	1922	2
1	1923	2
1	1924	3
1	1920	7
1	1922	2
1	1924	3
1	1924	1
1	1924	2
1	1924	5
0	1988	5
0	1988	3
0	1988	3
0	1988	1
0	1987	2
0	1988	1
1	2018	0
1	2019	3
1	2018	0
1	2018	0
1	2019	1
1	2017	2
1	2014	2
1	2016	3
1	2016	1
1	2016	3
0	1915	5
0	1915	1
0	1914	3
0	1915	7
0	1918	5
0	1912	7
1	1942	3
1	1946	4
1	1944	5
1	1943	1
1	1944	3
1	1943	4
1	1944	6
1	1947	2
1	1945	4
1	1949	2
1	1940	1
1	1945	2
1	1940	2
1	1941	2
1	1944	3
1	1945	1
1	1945	5
1	1946	4
1	1947	2
1	1950	2
1	1948	8
1	1943	5
1	1944	7
0	1874	2
0	1874	8
0	1874	8
1	1902	5
1	1904	7
1	1904	3
1	1903	11
1	1902	6
1	1906	7
1	1903	6
1	1905	3
1	1904	4
1	1906	4
1	1906	6
1	1903	4
1	1903	3
1	1905	3
1	1904	5
1	1902	8
0	1932	3
0	1932	1
0	1931	2
0	1932	1
1	1964	2
1	1964	1
1	1963	1
1	1960	5
0	2019	2
0	2022	2
0	2019	1
1	2049	0
1	2050	2
1	2056	1
0	1920	2
0	1921	5
0	1921	2
1	1949	5
1	1948	4
1	1950	4
1	1951	5
1	1953	3
1	1950	1
1	1951	2
0	1937	1
0	1936	2
1	1968	1
1	1966	4
0	1916	5
0	1915	3
0	1915	4
0	1914	5
0	1915	3
0	1916	4
1	1948	3
1	1947	4
1	1946	2
1	1944	3
1	1948	2
1	1946	7
1	1946	1
1	1945	0
1	1942	4
1	1943	1
1	1944	3
1	1941	2
1	1946	2
1	1945	4
1	1943	3
1	1944	1
1	1947	3
1	1947	2
1	1946	5
0	1980	1
0	1980	2
1	2011	3
1	2009	5
0	1885	4
0	1882	6
0	1887	5
0	1885	1
0	1888	8
1	1915	4
1	1914	1
1	1916	4
1	1915	11
1	1910	3
1	1911	9
1	1914	1
1	1916	3
1	1916	3
1	1917	8
1	1918	4
1	1913	4
1	1911	6
1	1911	6
1	1916	4
1	1921	2
1	1918	3
1	1918	2
1	1918	2
1	1919	3
0	1988	4
0	1988	1
0	1986	2
0	1989	4
0	1988	5
1	2019	3
1	2015	2
1	2017	4
1	2018	0
1	2015	3
1	2020	3
1	2019	0
1	2020	3
1	2016	2
1	2016	1
1	2018	1
1	2017	2
0	1919	4
0	1918	3
0	1919	1
0	1919	4
0	1919	3
1	1946	3
1	1949	0
1	1948	2
1	1948	6
1	1947	4
1	1949	2
1	1949	6
1	1953	1
1	1948	3
1	1951	6
1	1952	6
0	1926	1
0	1926	2
1	1959	6
1	1956	2
0	1936	2
0	1936	1
0	1938	2
1	1966	3
1	1965	3
1	1971	3
0	1899	4
0	1900	6
0	1898	2
0	1901	4
0	1902	6
1	1928	7
1	1928	4
1	1933	4
1	1926	8
1	1929	4
1	1930	7
1	1931	1
1	1931	2
1	1932	4
1	1933	6
1	1932	2
1	1932	5
1	1932	2
1	1930	0
1	1930	2
1	1933	1
1	1933	5
1	1934	2
0	2017	2
0	2017	1
0	2017	1
1	2047	0
1	2045	2
0	1936	2
0	1936	1
0	1936	2
1	1965	2
1	1966	4
1	1964	1
0	1959	5
0	1960	2
0	1960	4
0	1957	5
0	1960	2
0	1959	1
1	1987	2
1	1989	3
1	1988	1
1	1989	5
1	1989	1
1	1989	4
1	1991	1
1	1990	0
1	1988	1
1	1989	2
1	1987	3
1	1987	3
1	1990	1
1	1985	1
0	1915	6
0	1914	2
0	1915	1
0	1915	3
0	1916	4
0	1916	8
0	1916	6
1	1942	2
1	1947	3
1	1947	7
1	1946	6
1	1945	1
1	1944	3
1	1946	1
1	1946	3
1	1947	2
1	1946	5
1	1946	3
1	1947	5
1	1948	4
1	1947	5
1	1944	3
1	1944	4
1	1947	4
1	1949	3
1	1945	5
1	1943	4
1	1943	2
1	1948	5
1	1945	2
1	1947	2
0	1916	5
0	1915	2
0	1915	3
0	1916	7
0	1914	4
0	1917	2
1	1946	6
1	1944	4
1	1945	4
1	1947	6
1	1945	1
1	1943	2
1	1947	5
1	1945	3
1	1948	4
1	1944	1
1	1949	2
1	1944	0
1	1940	1
1	1946	2
1	1944	2
1	1948	7
1	1944	5
1	1942	3
0	2000	3
0	2000	2
0	2000	1
0	2001	4
1	2032	1
1	2028	1
1	2031	3
1	2029	0
1	2031	0
1	2031	0
1	2032	1
0	1947	6
0	1948	3
0	1950	7
0	1946	6
0	1948	2
0	1947	1
0	1945	5
1	1979	1
1	1978	1
1	1976	2
1	1976	1
1	1978	2
1	1977	0
1	1978	1
1	1979	0
1	1979	1
1	1976	1
1	1972	3
1	1977	2
1	1974	2
1	1976	1
1	1975	4
1	1978	4
1	1980	1
1	1980	0
1	1982	1
1	1980	1
1	1981	4
1	1976	1
1	1976	0
1	1977	1
0	1950	6
0	1950	6
0	1955	6
0	1950	3
0	1949	3
0	1950	2
0	1953	3
1	1978	3
1	1980	2
1	1981	1
1	1983	3
1	1985	5
1	1980	0
1	1979	2
1	1979	1
1	1981	1
1	1986	0
1	1986	3
1	1976	3
1	1980	1
1	1981	3
1	1982	2
1	1984	2
1	1986	0
1	1986	0
1	1980	0
1	1980	2
1	1980	1
1	1985	0
1	1984	1
0	1895	7
0	1896	5
0	1895	5
0	1895	1
0	1896	4
0	1894	6
0	1894	4
0	1893	5
1	1924	3
1	1926	4
1	1925	2
1	1923	2
1	1927	3
1	1928	2
1	1923	3
1	1923	4
1	1926	4
1	1926	4
1	1922	3
1	1924	2
1	1922	3
1	1926	4
1	1923	3
1	1923	3
1	1927	1
1	1925	3
1	1926	2
1	1925	4
1	1928	2
1	1924	4
1	1926	3
1	1924	5
1	1926	3
1	1924	1
1	1925	3
1	1924	4
1	1924	4
1	1924	2
0	1923	2
0	1924	3
0	1925	4
1	1953	5
1	1951	4
1	1956	4
1	1956	6
1	1955	3
1	1954	2
1	1955	6
0	1992	1
0	1992	1
1	2021	1
0	1923	2
0	1923	1
0	1922	2
1	1954	5
1	1953	3
1	1948	3
0	1993	3
0	1993	2
0	1993	2
0	1993	2
1	2026	2
1	2022	4
1	2022	3
1	2023	1
1	2023	0
1	2026	3
0	1956	2
0	1956	4
0	1955	2
1	1984	1
1	1985	3
1	1987	1
1	1984	1
1	1984	4
1	1981	2
0	2010	1
0	2010	3
1	2040	0
1	2041	3
1	2040	2
0	1978	1
0	1978	1
1	2004	4
0	1920	5
0	1922	4
0	1916	5
0	1920	2
0	1919	5
0	1920	5
1	1950	4
1	1952	1
1	1953	1
1	1954	1
1	1953	2
1	1956	2
1	1953	3
1	1942	5
1	1943	4
1	1944	3
1	1949	3
1	1946	5
1	1951	3
1	1951	1
1	1952	4
1	1949	7
1	1955	2
1	1946	6
1	1948	5
1	1949	2
1	1948	4
0	1957	2
0	1955	5
0	1958	7
1	1987	0
1	1985	4
1	1985	1
1	1985	0
1	1987	1
1	1989	1
1	1983	2
1	1984	1
1	1988	3
1	1988	0
1	1988	1
1	1989	2
0	1888	4
0	1886	9
0	1889	9
0	1892	11
0	1892	5
1	1919	4
1	1920	2
1	1919	3
1	1914	3
1	1917	4
1	1919	3
1	1918	2
1	1917	2
1	1916	3
1	1913	4
1	1920	2
1	1920	3
1	1920	4
1	1918	2
1	1920	4
1	1923	4
1	1920	2
1	1925	3
1	1923	9
1	1923	5
1	1926	5
1	1917	3
1	1917	4
1	1916	3
1	1920	4
1	1919	4
1	1923	1
1	1926	5
1	1925	4
1	1924	3
1	1919	10
1	1922	2
1	1923	7
1	1923	6
0	2001	3
0	2001	1
0	2001	1
0	2001	1
1	2034	1
1	2031	1
1	2028	2
0	1903	7
0	1902	4
0	1904	2
0	1901	5
0	1903	8
0	1903	6
0	1902	3
0	1903	6
1	1930	4
1	1929	3
1	1933	2
1	1929	7
1	1932	3
1	1931	7
1	1931	3
1	1932	2
1	1930	3
1	1931	2
1	1926	3
1	1933	0
1	1934	2
1	1933	0
1	1934	1
1	1933	3
1	1934	2
1	1934	2
1	1932	4
1	1932	1
1	1932	3
1	1933	5
1	1931	3
1	1937	3
1	1933	1
1	1932	5
1	1933	0
1	1933	4
1	1932	2
1	1931	3
1	1933	1
1	1933	1
1	1930	4
1	1932	2
0	1978	3
0	1978	1
0	1978	1
0	1978	1
1	2009	1
1	2007	1
1	2009	2
0	2020	3
0	2020	1
0	2020	2
0	2020	2
1	2052	3
1	2048	1
1	2049	1
1	2051	0
1	2050	4
0	1999	3
0	1999	1
0	2001	3
0	1996	3
1	2029	0
1	2028	2
1	2028	1
1	2034	1
1	2030	2
1	2024	1
1	2024	0
0	1943	5
0	1942	2
0	1942	3
0	1944	2
0	1942	3
0	1944	3
1	1972	1
1	1973	0
1	1973	2
1	1972	4
1	1970	5
1	1971	2
1	1970	4
1	1973	5
1	1971	2
1	1972	3
1	1975	0
1	1974	2
1	1972	1
0	1976	1
0	1974	6
1	2006	0
1	2005	1
1	2003	2
1	2002	4
1	2003	0
1	2003	4
0	1924	2
0	1924	2
0	1925	3
1	1954	7
1	1954	5
1	1952	7
1	1957	4
1	1955	2
0	1992	1
0	1992	1
1	2021	1
0	1967	1
0	1966	2
0	2013	3
0	2013	1
0	2014	3
0	2013	1
1	2042	3
1	2041	1
1	2044	2
1	2044	0
1	2046	1
0	1951	3
0	1950	2
0	1951	3
0	1953	3
1	1981	0
1	1979	1
1	1981	0
1	1979	1
1	1978	2
1	1981	4
1	1984	0
1	1984	0
0	1921	3
0	1925	3
0	1919	5
0	1920	2
1	1951	4
1	1954	4
1	1953	3
1	1957	1
1	1951	1
1	1958	2
1	1948	4
1	1946	7
1	1949	5
1	1952	4
0	2013	4
0	2013	1
0	2013	1
0	2013	1
0	2013	1
1	2042	2
1	2042	2
1	2043	0
1	2043	1
0	1890	6
0	1893	6
0	1890	5
0	1889	6
0	1893	6
0	1889	7
0	1892	3
1	1920	0
1	1921	6
1	1922	3
1	1918	7
1	1921	3
1	1917	4
1	1925	3
1	1922	4
1	1924	5
1	1924	0
1	1921	7
1	1919	5
1	1921	4
1	1918	4
1	1920	3
1	1925	3
1	1923	5
1	1924	5
1	1917	3
1	1917	3
1	1918	1
1	1925	6
1	1921	2
1	1918	6
1	1917	6
1	1917	5
1	1924	5
1	1924	3
1	1916	7
1	1920	1
1	1919	2
1	1922	1
1	1924	3
0	1920	2
0	1921	6
0	1923	6
1	1949	2
1	1952	4
1	1951	3
1	1950	5
1	1955	2
1	1953	7
1	1952	2
1	1950	3
1	1957	4
1	1953	3
1	1955	5
1	1954	3
0	1954	3
0	1955	5
0	1952	6
0	1954	1
1	1983	1
1	1985	3
1	1984	3
1	1986	1
1	1985	0
1	1986	2
1	1984	1
1	1979	5
1	1982	0
1	1987	1
1	1979	1
1	1983	2
0	1876	10
0	1876	3
0	1879	7
0	1876	2
0	1873	7
0	1873	9
0	1878	4
0	1875	3
0	1874	5
0	1873	3
0	1875	6
1	1906	0
1	1905	5
1	1905	7
1	1908	2
1	1906	6
1	1906	4
1	1904	5
1	1906	2
1	1906	2
1	1906	2
1	1909	6
1	1908	9
1	1909	2
1	1907	4
1	1903	0
1	1900	7
1	1902	5
1	1901	3
1	1903	6
1	1903	4
1	1902	3
1	1901	7
1	1905	1
1	1909	2
1	1906	5
1	1904	5
1	1902	3
1	1908	6
1	1903	5
1	1907	6
1	1905	2
1	1906	3
1	1909	7
1	1907	2
1	1905	3
1	1907	2
1	1910	2
1	1914	3
1	1904	5
1	1905	3
1	1905	3
1	1902	8
1	1903	6
1	1909	4
1	1905	11
1	1905	4
1	1901	2
1	1907	4
1	1903	5
0	1953	4
0	1953	1
0	1953	1
0	1955	2
0	1953	1
1	1982	2
1	1981	1
1	1983	0
1	1985	2
1	1987	1
0	1899	13
0	1900	5
0	1900	3
0	1898	4
0	1902	3
0	1894	7
0	1901	3
0	1899	8
0	1900	5
0	1896	6
0	1897	3
0	1897	10
0	1897	2
0	1898	3
1	1930	3
1	1929	2
1	1927	5
1	1929	1
1	1928	2
1	1927	3
1	1929	1
1	1929	2
1	1928	2
1	1928	2
1	1928	2
1	1931	2
1	1932	4
1	1927	3
1	1931	7
1	1931	1
1	1927	2
1	1931	3
1	1923	1
1	1925	6
1	1934	3
1	1933	3
1	1930	3
1	1926	8
1	1925	4
1	1929	2
1	1928	1
1	1927	4
1	1924	1
1	1926	3
1	1925	2
1	1924	2
1	1925	2
1	1929	4
1	1928	4
1	1927	5
1	1930	4
1	1932	2
1	1927	2
1	1928	2
1	1934	2
1	1924	1
1	1924	4
1	1922	3
1	1925	2
1	1928	1
1	1930	3
1	1931	3
1	1929	2
1	1930	3
1	1925	2
1	1927	1
1	1930	2
1	1927	4
1	1926	3
1	1926	3
1	1926	5
1	1929	7
1	1928	3
1	1923	3
1	1928	2
1	1932	7
0	1899	5
0	1901	2
0	1898	3
0	1898	5
0	1900	5
0	1898	9
1	1930	2
1	1925	4
1	1929	8
1	1932	2
1	1930	4
1	1928	5
1	1926	7
1	1931	3
1	1925	3
1	1931	4
1	1927	3
1	1935	3
1	1928	3
1	1928	2
1	1929	4
1	1927	2
1	1926	5
1	1932	2
1	1931	2
1	1928	2
1	1927	6
1	1928	2
1	1930	3
1	1924	4
0	1925	3
0	1924	2
0	1926	4
0	1925	1
1	1957	3
1	1955	5
1	1952	1
1	1958	2
1	1955	2
1	1953	5
1	1958	1
0	1950	4
0	1950	2
0	1950	1
0	1955	5
0	1950	3
1	1982	2
1	1981	3
1	1979	2
1	1980	0
1	1982	1
1	1988	4
1	1980	2
1	1985	3
1	1985	1
1	1986	2
1	1981	3
0	1974	1
0	1974	2
1	2003	2
1	2008	2
0	1993	3
0	1993	1
0	1993	1
0	1993	1
1	2024	4
1	2023	0
1	2024	2
0	2007	3
0	2008	2
0	2007	1
0	2006	2
1	2042	1
1	2035	1
1	2037	0
1	2040	3
1	2036	1
0	1904	3
0	1904	4
0	1906	6
0	1900	5
1	1933	1
1	1934	4
1	1933	3
1	1936	1
1	1936	1
1	1932	5
1	1937	5
1	1934	4
1	1937	2
1	1934	5
1	1936	1
1	1925	3
1	1929	6
1	1928	4
1	1930	4
0	1885	7
0	1887	4
0	1886	4
0	1886	4
0	1885	2
0	1886	9
0	1883	5
0	1887	5
1	1915	1
1	1910	4
1	1913	4
1	1916	6
1	1915	4
1	1915	3
1	1917	6
1	1917	2
1	1922	8
1	1916	0
1	1918	3
1	1918	5
1	1917	4
1	1915	3
1	1918	2
1	1915	4
1	1915	3
1	1916	5
1	1909	1
1	1912	6
1	1918	2
1	1920	6
1	1919	4
1	1917	2
1	1917	8
1	1917	7
1	1917	3
1	1916	0
1	1912	4
1	1921	2
1	1914	7
1	1911	3
1	1917	4
0	1931	4
0	1932	2
0	1930	4
0	1931	1
0	1930	4
1	1964	2
1	1962	4
1	1964	8
1	1959	2
1	1959	2
1	1961	3
1	1961	4
1	1962	3
1	1957	2
1	1961	2
1	1960	3
0	1916	4
0	1916	4
0	1919	2
0	1915	4
0	1916	4
1	1948	2
1	1946	3
1	1946	10
1	1948	4
1	1945	1
1	1945	5
1	1944	4
1	1944	3
1	1944	4
1	1945	1
1	1949	2
1	1943	2
1	1948	2
1	1946	6
0	1991	2
0	1990	3
0	1990	5
1	2023	1
1	2022	2
1	2022	1
1	2020	0
1	2020	1
1	2020	0
1	2020	0
1	2019	2
0	2010	2
0	2010	1
0	2010	1
1	2040	0
1	2041	2
0	1919	5
0	1916	3
0	1918	4
0	1918	2
0	1919	1
0	1920	4
1	1947	4
1	1950	3
1	1950	2
1	1949	3
1	1947	2
1	1944	6
1	1945	1
1	1948	7
1	1946	5
1	1948	5
1	1949	1
1	1950	5
1	1952	1
1	1950	1
0	1956	2
0	1956	1
0	1956	3
1	1984	1
1	1988	2
1	1987	1
1	1987	3
0	1966	3
0	1965	3
0	1964	3
0	1968	4
1	1996	0
1	1993	1
1	1996	0
1	1992	2
1	1999	1
1	2000	1
1	1995	0
1	1993	0
1	1998	4
1	2001	4
0	1922	5
0	1924	4
0	1922	2
0	1921	4
0	1922	1
0	1921	4
1	1953	1
1	1952	5
1	1952	3
1	1951	3
1	1949	3
1	1950	4
1	1951	1
1	1949	4
1	1953	6
1	1954	7
1	1956	1
1	1949	7
1	1952	1
1	1949	4
1	1951	5
0	1910	2
0	1910	5
0	1909	6
1	1944	3
1	1941	3
1	1943	7
1	1942	3
1	1940	4
1	1941	2
1	1938	2
1	1939	3
1	1941	1
1	1940	5
1	1940	5
0	1998	1
0	1997	2
1	2029	2
1	2026	1
0	1985	1
0	1985	1
1	2016	1
0	1887	5
0	1886	4
0	1887	3
0	1885	8
0	1887	7
0	1886	3
1	1919	4
1	1917	1
1	1915	6
1	1919	3
1	1920	8
1	1912	1
1	1918	5
1	1916	2
1	1914	1
1	1917	2
1	1913	1
1	1917	3
1	1917	5
1	1916	2
1	1917	3
1	1915	3
1	1915	3
1	1915	4
1	1913	3
1	1914	6
1	1920	2
1	1915	4
1	1919	4
1	1916	2
1	1916	6
0	1881	5
0	1882	4
0	1882	6
0	1881	3
0	1883	5
0	1883	5
1	1910	4
1	1914	7
1	1915	2
1	1912	4
1	1913	2
1	1914	4
1	1910	6
1	1914	3
1	1910	4
1	1913	4
1	1910	7
1	1912	7
1	1913	2
1	1914	5
1	1913	5
1	1914	6
1	1914	2
1	1911	4
1	1914	2
1	1913	3
1	1912	1
1	1912	4
1	1912	2
0	1937	3
0	1935	5
0	1933	4
0	1937	1
1	1967	0
1	1969	5
1	1968	5
1	1963	4
1	1964	3
1	1965	0
1	1962	4
1	1959	8
1	1963	2
1	1964	3
0	1951	2
0	1951	7
0	1951	1
1	1981	0
1	1981	1
1	1982	1
1	1980	1
1	1983	1
1	1981	2
1	1982	3
1	1981	0
0	1963	5
0	1963	1
0	1964	2
0	1963	1
0	1962	4
0	1963	4
1	1994	3
1	1993	0
1	1992	1
1	1992	4
1	1998	1
1	1992	4
1	1994	3
1	1999	1
1	1992	0
1	1992	0
1	1993	0
1	1992	1
0	1983	2
0	1983	2
0	1983	2
1	2011	1
1	2010	2
1	2013	0
1	2015	3
0	1952	8
0	1953	3
0	1952	4
0	1953	3
0	1949	3
0	1952	1
0	1953	3
0	1951	5
0	1951	2
1	1980	2
1	1983	1
1	1982	1
1	1982	1
1	1982	0
1	1981	1
1	1982	0
1	1982	0
1	1983	2
1	1982	3
1	1983	0
1	1976	1
1	1983	2
1	1981	1
1	1982	1
1	1981	2
1	1982	0
1	1981	1
1	1976	2
1	1983	1
1	1981	0
1	1981	4
1	1982	1
1	1981	2
0	1883	8
0	1884	6
0	1881	3
0	1881	7
0	1884	4
0	1883	2
0	1884	3
0	1883	4
0	1882	4
1	1914	2
1	1914	7
1	1911	4
1	1914	5
1	1913	7
1	1915	4
1	1913	5
1	1912	6
1	1912	4
1	1915	5
1	1915	3
1	1914	3
1	1911	2
1	1908	6
1	1910	3
1	1912	4
1	1912	8
1	1913	5
1	1912	1
1	1915	5
1	1917	1
1	1914	5
1	1915	2
1	1913	3
1	1911	1
1	1913	6
1	1915	4
1	1909	1
1	1909	3
1	1916	5
1	1914	4
1	1914	7
1	1915	2
0	1909	5
0	1906	3
0	1911	5
0	1908	3
0	1908	2
0	1908	2
1	1940	7
1	1937	1
1	1940	1
1	1940	1
1	1938	3
1	1934	3
1	1944	4
1	1941	3
1	1944	5
1	1937	5
1	1936	2
1	1939	5
1	1934	7
1	1942	1
1	1937	0
0	1897	3
0	1895	6
0	1894	7
0	1899	5
1	1930	2
1	1928	3
1	1926	5
1	1923	2
1	1925	4
1	1924	6
1	1924	4
1	1924	3
1	1926	3
1	1927	4
1	1922	3
1	1924	4
1	1923	0
1	1926	7
1	1930	4
1	1927	5
1	1930	5
1	1930	2
0	2006	1
0	2008	4
1	2034	2
1	2040	1
1	2040	1
1	2040	1
0	1971	2
0	1972	5
0	1971	2
1	2001	1
1	2002	1
1	2003	2
1	2000	1
1	2002	3
1	1999	2
1	1997	2
0	1914	7
0	1914	6
0	1913	6
0	1914	3
0	1912	4
0	1911	7
0	1913	3
0	1914	3
1	1943	3
1	1946	2
1	1942	3
1	1945	1
1	1947	5
1	1943	6
1	1942	5
1	1944	6
1	1944	2
1	1941	2
1	1943	2
1	1942	1
1	1942	3
1	1940	4
1	1940	5
1	1938	1
1	1941	0
1	1940	1
1	1944	1
1	1946	3
1	1944	2
1	1944	3
1	1944	4
1	1945	4
1	1947	6
1	1945	1
1	1942	2
1	1940	3
1	1943	3
1	1940	4
1	1944	5
1	1943	5
0	1969	3
0	1970	3
0	1969	1
0	1967	5
1	1999	2
1	1997	2
1	2000	2
1	2004	1
1	2001	4
1	1997	0
1	1997	0
1	1997	3
1	1997	0
0	1916	6
0	1917	4
0	1919	3
0	1917	3
0	1919	4
0	1916	1
0	1916	4
1	1946	3
1	1948	4
1	1946	3
1	1946	7
1	1946	1
1	1948	1
1	1948	1
1	1948	5
1	1948	1
1	1954	2
1	1949	3
1	1948	1
1	1950	3
1	1947	3
1	1948	3
1	1948	4
1	1950	0
1	1947	3
1	1948	2
0	1982	1
0	1983	3
1	2012	1
1	2011	2
1	2011	2
0	1917	1
0	1914	3
1	1945	3
1	1946	4
1	1940	1
0	1920	3
0	1919	4
0	1919	5
0	1918	4
1	1949	1
1	1947	1
1	1952	5
1	1951	3
1	1950	4
1	1952	1
1	1950	4
1	1948	1
1	1948	4
1	1948	2
1	1949	0
1	1950	3
1	1948	2
0	1886	7
0	1887	5
0	1884	2
0	1887	3
0	1887	5
0	1887	4
0	1886	1
0	1886	8
1	1913	3
1	1916	3
1	1916	3
1	1914	3
1	1916	1
1	1917	3
1	1918	1
1	1916	1
1	1918	2
1	1917	6
1	1915	2
1	1915	3
1	1918	7
1	1918	3
1	1915	3
1	1918	4
1	1917	3
1	1915	3
1	1917	2
1	1916	4
1	1919	3
1	1915	3
1	1917	4
1	1915	6
1	1918	5
1	1918	5
1	1913	3
1	1913	3
0	1889	6
0	1891	4
0	1890	7
0	1889	1
0	1888	5
0	1892	8
0	1888	4
1	1918	1
1	1920	1
1	1922	4
1	1921	6
1	1922	3
1	1916	7
1	1918	4
1	1917	3
1	1917	6
1	1923	3
1	1923	3
1	1922	6
1	1922	1
1	1923	7
1	1921	4
1	1919	4
1	1921	5
1	1922	0
1	1921	4
1	1920	0
1	1920	3
1	1922	3
1	1922	4
1	1920	4
1	1918	3
1	1922	4
1	1923	5
1	1918	2
1	1919	2
0	1960	4
0	1958	4
0	1960	4
0	1959	4
0	1960	1
1	1989	3
1	1990	3
1	1991	2
1	1991	1
1	1988	1
1	1986	3
1	1990	1
1	1989	2
1	1988	4
1	1988	1
1	1991	1
1	1986	3
1	1988	1
0	2012	3
0	2012	3
0	2012	1
0	2011	3
1	2040	2
1	2041	3
1	2043	1
1	2039	3
1	2042	1
1	2044	5
1	2041	1
0	1934	1
0	1934	3
1	1964	5
1	1963	2
1	1963	5
0	1929	2
0	1932	5
0	1929	1
1	1957	1
1	1961	3
1	1963	2
1	1964	6
1	1960	3
1	1963	3
0	1994	3
0	1996	4
0	1994	1
0	1993	3
1	2022	2
1	2024	0
1	2024	0
1	2026	0
1	2030	2
1	2027	1
1	2026	2
1	2022	1
0	2012	1
0	2012	1
0	2003	1
0	2003	1
1	2034	1
0	1978	3
0	1978	2
0	1980	2
0	1977	3
1	2008	1
1	2008	1
1	2008	4
1	2005	2
1	2008	2
1	2011	1
1	2007	3
0	1914	3
0	1913	6
0	1914	1
0	1914	2
1	1944	1
1	1943	2
1	1945	4
1	1947	4
1	1942	4
1	1946	3
1	1946	2
1	1945	2
1	1944	3
0	1916	5
0	1916	4
0	1916	2
0	1917	4
0	1912	4
0	1919	7
1	1942	1
1	1943	3
1	1947	3
1	1948	4
1	1944	1
1	1949	3
1	1948	2
1	1940	4
1	1952	2
1	1948	4
1	1947	4
1	1950	3
1	1946	2
1	1946	5
1	1945	2
1	1946	4
1	1945	4
1	1938	1
1	1943	4
1	1949	3
1	1949	3
0	2009	1
0	2009	1
1	2038	1
0	2000	4
0	2000	1
0	2000	6
0	2002	4
0	2000	1
1	2029	4
1	2033	3
1	2031	1
1	2027	3
1	2029	2
1	2030	0
1	2030	0
1	2033	2
1	2032	0
1	2032	0
1	2030	1
1	2030	0
0	1948	1
0	1946	2
1	1978	0
1	1974	3
0	1959	4
0	1960	2
0	1958	4
0	1959	1
0	1962	5
1	1988	1
1	1985	1
1	1989	0
1	1994	1
1	1986	2
1	1994	3
1	1991	2
1	1993	0
1	1994	3
1	1983	2
1	1988	1
1	1993	0
0	1972	2
0	1973	3
0	1972	3
1	2002	3
1	2004	2
1	2003	1
1	2003	3
1	2002	3
1	2002	2
0	1969	3
0	1969	1
0	1970	8
0	1970	9
1	1999	0
1	1997	2
1	1999	0
1	1997	2
1	2001	3
1	2000	0
1	1997	2
1	2002	3
1	1999	4
1	1999	1
1	2000	1
1	2000	0
1	2001	4
1	2001	3
1	2000	3
1	2001	3
1	1998	1
1	2000	0
0	1963	3
0	1963	1
0	1966	5
0	1964	2
1	1993	0
1	1996	2
1	1992	1
1	1993	2
1	2000	1
1	1995	1
1	1998	3
1	1994	1
0	2016	2
0	2016	1
0	2016	3
1	2046	0
1	2048	1
1	2046	0
1	2044	2
0	1959	3
0	1959	4
0	1958	4
0	1960	4
1	1990	1
1	1989	1
1	1989	3
1	1992	3
1	1989	0
1	1988	3
1	1991	1
1	1992	1
1	1989	1
1	1986	1
1	1989	0
1	1989	1
0	2004	2
0	2004	1
0	2004	1
1	2033	4
1	2032	2
0	1999	3
0	1999	1
0	1999	1
0	1999	1
1	2030	1
1	2031	1
1	2028	1
0	1982	3
0	1981	2
0	1982	1
0	1982	2
1	2012	0
1	2011	1
1	2012	0
1	2010	4
1	2013	0
0	1907	5
0	1906	3
0	1905	5
0	1908	9
0	1908	5
0	1908	7
1	1939	1
1	1936	3
1	1939	2
1	1937	0
1	1935	5
1	1937	2
1	1935	3
1	1931	7
1	1937	3
1	1939	5
1	1938	3
1	1935	3
1	1938	2
1	1939	1
1	1938	0
1	1936	5
1	1937	2
1	1937	2
1	1938	6
1	1936	2
1	1934	4
1	1938	2
1	1941	5
1	1938	1
1	1938	4
1	1938	0
1	1939	3
1	1939	4
1	1938	0
0	1956	1
0	1956	2
1	1986	1
1	1989	2
0	1897	7
0	1899	6
0	1896	2
0	1901	4
0	1894	9
0	1897	7
0	1898	2
0	1898	7
1	1926	6
1	1930	1
1	1926	3
1	1927	7
1	1925	6
1	1928	2
1	1926	2
1	1925	2
1	1928	1
1	1929	2
1	1934	1
1	1924	6
1	1923	6
1	1924	4
1	1927	3
1	1928	2
1	1925	3
1	1930	1
1	1929	5
1	1926	2
1	1926	3
1	1930	5
1	1930	2
1	1926	3
1	1933	1
1	1932	3
1	1924	4
1	1926	4
1	1926	2
1	1925	4
1	1925	2
1	1927	3
1	1926	5
1	1926	1
1	1927	3
1	1926	2
1	1928	2
0	1899	7
0	1900	4
0	1900	3
0	1897	2
0	1901	5
0	1898	4
0	1897	6
0	1898	3
1	1931	2
1	1931	4
1	1930	3
1	1932	2
1	1929	3
1	1930	3
1	1926	1
1	1933	3
1	1930	1
1	1930	2
1	1932	6
1	1929	6
1	1928	3
1	1926	4
1	1926	6
1	1927	8
1	1932	4
1	1931	4
1	1930	4
1	1924	4
1	1931	7
1	1933	1
1	1928	1
1	1925	3
1	1928	3
1	1929	8
1	1930	4
0	1896	3
0	1897	5
0	1897	6
0	1895	3
1	1927	3
1	1926	4
1	1926	0
1	1928	2
1	1928	1
1	1928	3
1	1929	1
1	1929	1
1	1924	7
1	1923	2
1	1924	4
1	1927	3
1	1928	4
1	1927	3
0	1937	2
0	1938	4
0	1939	6
1	1969	2
1	1967	5
1	1967	2
1	1971	1
1	1969	3
1	1968	4
1	1969	0
1	1967	3
1	1969	4
1	1968	1
0	1993	1
0	1988	3
1	2023	0
1	2017	1
1	2016	2
0	1993	1
0	1993	1
0	1941	2
0	1942	2
0	1940	3
1	1971	4
1	1971	5
1	1975	2
1	1970	3
1	1970	4
0	1971	1
0	1970	2
1	2001	2
1	1999	0
0	1921	6
0	1916	4
0	1920	4
0	1920	2
0	1921	7
0	1922	4
0	1921	2
1	1948	5
1	1952	3
1	1955	3
1	1948	4
1	1952	5
1	1951	4
1	1946	4
1	1947	2
1	1947	6
1	1950	2
1	1952	2
1	1949	1
1	1955	6
1	1952	5
1	1945	2
1	1951	2
1	1951	5
1	1952	6
1	1951	4
1	1953	4
1	1948	5
1	1952	6
1	1952	5
0	1961	1
0	1963	2
1	1991	1
1	1995	0
0	1930	3
0	1931	3
0	1931	5
0	1930	1
1	1960	2
1	1964	3
1	1961	3
1	1963	3
1	1962	2
1	1961	4
1	1964	1
1	1962	1
1	1964	3
0	1988	3
0	1989	2
0	1991	5
0	1986	2
1	2017	2
1	2016	1
1	2019	1
1	2022	0
1	2022	3
1	2021	1
1	2023	1
1	2023	2
1	2015	2
0	1957	5
0	1957	4
0	1956	3
0	1956	2
0	1957	1
0	1959	7
1	1986	2
1	1987	2
1	1988	1
1	1987	1
1	1987	0
1	1986	4
1	1985	2
1	1985	0
1	1983	4
1	1990	3
1	1987	3
1	1989	2
1	1990	4
1	1984	2
1	1990	1
1	1990	4
1	1986	1
0	2006	4
0	2007	6
0	2004	4
0	2006	1
0	2006	1
1	2034	1
1	2036	0
1	2036	0
1	2037	2
1	2038	2
1	2036	1
1	2034	0
1	2038	1
1	2037	0
1	2040	1
1	2034	0
1	2034	1
0	1882	3
0	1883	7
0	1881	2
0	1884	8
1	1909	2
1	1912	7
1	1912	4
1	1913	2
1	1913	5
1	1914	5
1	1911	5
1	1909	5
1	1912	5
1	1913	3
1	1916	4
1	1914	6
1	1914	7
1	1911	8
1	1917	2
1	1914	7
1	1916	6
0	1998	1
0	1998	1
0	1946	2
0	1945	6
0	1945	3
1	1976	0
1	1976	0
1	1978	1
1	1974	1
1	1976	2
1	1974	5
1	1975	0
1	1975	2
1	1973	3
0	1935	2
0	1936	2
0	1937	6
1	1965	1
1	1962	2
1	1969	1
1	1967	3
1	1968	3
1	1966	3
1	1968	1
1	1969	2
0	1991	3
0	1991	1
0	1991	1
0	1990	2
1	2018	1
1	2020	1
1	2019	1
1	2019	1
0	1983	1
0	1982	2
1	2014	3
1	2012	1
0	1954	3
0	1955	3
0	1951	7
0	1954	2
1	1984	3
1	1982	1
1	1985	1
1	1986	2
1	1983	1
1	1979	3
1	1982	1
1	1986	2
1	1982	2
1	1979	2
1	1980	1
1	1985	1
0	1918	4
0	1916	5
0	1919	4
0	1918	1
0	1921	3
1	1949	2
1	1949	1
1	1950	2
1	1949	2
1	1944	8
1	1950	4
1	1944	2
1	1946	2
1	1948	6
1	1948	4
1	1952	2
1	1950	2
1	1949	1
0	1986	1
0	1986	1
1	2015	1
0	2013	4
0	2013	1
0	2014	2
0	2012	2
0	2013	1
1	2042	1
1	2043	2
1	2042	1
1	2043	0
1	2040	1
1	2044	0
0	2005	3
0	2005	2
0	2008	2
0	2006	2
1	2034	1
1	2035	2
1	2035	0
1	2035	0
1	2044	4
1	2036	1
0	1898	6
0	1894	4
0	1900	4
0	1901	7
0	1896	6
0	1899	3
0	1900	9
1	1927	2
1	1928	1
1	1928	1
1	1927	2
1	1929	3
1	1931	3
1	1922	2
1	1921	3
1	1931	3
1	1930	0
1	1930	6
1	1929	2
1	1924	3
1	1929	4
1	1932	3
1	1930	4
1	1922	3
1	1930	5
1	1931	5
1	1931	3
1	1930	3
1	1929	2
1	1926	1
1	1922	6
1	1925	4
1	1925	2
1	1928	6
1	1929	5
1	1932	5
1	1930	3
1	1930	2
1	1926	3
1	1928	5
0	1933	4
0	1933	2
0	1933	1
0	1935	3
0	1934	3
1	1963	1
1	1965	3
1	1963	5
1	1963	0
1	1968	1
1	1964	4
1	1962	4
1	1967	2
1	1964	5
0	1926	3
0	1924	2
0	1927	3
0	1926	2
1	1959	5
1	1955	2
1	1956	4
1	1953	3
1	1956	2
1	1959	3
1	1954	1
0	1982	2
0	1982	1
0	1982	1
1	2012	2
1	2012	2
0	2016	1
0	2016	1
1	2047	2
0	1899	2
0	1899	6
0	1900	2
1	1931	3
1	1929	3
1	1930	4
1	1930	4
1	1930	4
1	1928	3
1	1928	3
1	1927	4
0	2004	2
0	2004	1
0	2004	1
1	2033	1
1	2034	0
0	1967	1
0	1966	2
0	1998	2
0	1998	1
0	1998	1
1	2024	4
1	2028	2
0	2018	3
0	2018	3
0	2018	1
0	2018	1
1	2048	0
1	2048	3
1	2046	2
1	2048	0
1	2050	2
0	1904	7
0	1904	7
0	1907	6
0	1906	6
0	1904	3
0	1901	6
0	1901	4
0	1904	4
1	1935	6
1	1936	2
1	1936	2
1	1936	3
1	1932	3
1	1935	1
1	1935	1
1	1934	0
1	1931	2
1	1936	3
1	1933	1
1	1938	0
1	1938	0
1	1939	1
1	1935	2
1	1938	4
1	1934	2
1	1930	1
1	1929	3
1	1932	2
1	1934	0
1	1934	3
1	1932	2
1	1935	2
1	1938	2
1	1939	3
1	1934	2
1	1934	5
1	1938	1
1	1933	2
1	1929	1
1	1930	3
1	1929	2
1	1932	1
1	1931	4
1	1934	0
0	2013	1
0	2013	1
1	2041	2
0	1989	6
0	1990	2
0	1989	1
0	1989	1
0	1988	4
0	1989	1
0	1993	3
1	2021	3
1	2019	2
1	2018	4
1	2020	2
1	2017	2
1	2020	1
1	2020	1
1	2016	2
1	2026	1
1	2021	2
1	2016	1
1	2025	2
0	1922	2
0	1924	3
0	1919	5
1	1952	1
1	1954	3
1	1945	5
1	1949	7
1	1955	5
1	1957	2
1	1951	6
1	1951	4
0	1937	1
0	1937	4
1	1966	5
1	1964	4
1	1966	1
1	1967	4
0	1975	2
0	1975	1
0	1974	3
1	2005	2
1	2004	1
1	2003	2
1	2006	2
0	1877	2
0	1874	2
0	1878	4
1	1909	3
1	1908	2
1	1903	7
1	1906	5
1	1907	2
1	1910	2
0	2016	2
0	2016	2
0	2016	1
1	2046	0
1	2045	2
1	2045	0
0	1952	1
0	1952	1
0	1947	7
0	1946	4
0	1949	6
0	1946	3
0	1949	5
0	1946	3
0	1949	3
0	1949	7
1	1980	1
1	1978	1
1	1975	3
1	1975	1
1	1979	1
1	1978	1
1	1977	0
1	1976	0
1	1978	6
1	1978	1
1	1973	1
1	1979	0
1	1979	2
1	1980	0
1	1978	1
1	1980	2
1	1976	2
1	1981	1
1	1976	0
1	1975	1
1	1978	3
1	1980	2
1	1979	0
1	1973	2
1	1983	2
1	1979	0
1	1976	0
1	1979	1
1	1980	2
1	1979	1
1	1979	0
0	1961	6
0	1961	1
0	1962	4
0	1957	3
0	1961	1
0	1964	4
0	1962	2
1	1993	2
1	1991	0
1	1991	0
1	1989	1
1	1991	0
1	1992	3
1	1991	1
1	1985	1
1	1983	1
1	1996	1
1	1996	2
1	1991	1
1	1992	2
1	1993	1
1	1997	3
0	1985	1
0	1986	2
1	2013	4
1	2019	2
0	1950	2
0	1951	5
0	1948	3
1	1982	1
1	1980	0
1	1983	2
1	1980	3
1	1977	1
1	1981	0
1	1980	1
1	1977	0
0	1895	8
0	1896	6
0	1892	3
0	1894	2
0	1897	6
0	1895	5
0	1894	3
0	1896	3
0	1892	6
1	1926	2
1	1928	5
1	1925	2
1	1925	1
1	1927	2
1	1922	2
1	1927	1
1	1924	2
1	1926	1
1	1926	3
1	1927	4
1	1924	2
1	1925	2
1	1924	7
1	1923	4
1	1926	2
1	1923	2
1	1927	1
1	1926	4
1	1923	5
1	1921	7
1	1922	2
1	1922	3
1	1925	5
1	1925	5
1	1925	1
1	1921	3
1	1921	3
1	1924	4
1	1929	2
1	1928	1
1	1923	2
1	1919	7
1	1919	4
0	2010	1
0	2012	4
1	2040	0
1	2043	3
1	2042	1
1	2043	2
0	1902	8
0	1903	4
0	1899	4
0	1904	8
0	1903	3
0	1900	4
0	1900	3
0	1902	1
0	1901	5
1	1932	0
1	1934	2
1	1934	1
1	1935	3
1	1931	4
1	1930	4
1	1934	1
1	1931	5
1	1934	2
1	1930	5
1	1932	3
1	1936	1
1	1936	1
1	1929	4
1	1930	4
1	1928	2
1	1929	2
1	1931	5
1	1931	1
1	1934	3
1	1932	3
1	1927	3
1	1926	3
1	1934	0
1	1933	1
1	1935	3
1	1934	0
1	1931	5
1	1934	2
1	1928	7
1	1932	4
1	1931	2
0	1895	4
0	1898	8
0	1894	4
0	1894	6
0	1898	4
1	1926	1
1	1924	1
1	1928	3
1	1923	5
1	1925	4
1	1927	5
1	1928	3
1	1932	1
1	1923	11
1	1921	3
1	1923	3
1	1925	5
1	1925	3
1	1931	5
1	1929	1
1	1928	1
1	1928	4
1	1925	8
1	1924	5
1	1920	4
1	1927	3
1	1933	2
0	1914	10
0	1916	4
0	1915	5
0	1909	4
0	1917	10
0	1915	2
0	1913	3
0	1916	8
0	1914	1
0	1914	1
0	1912	4
1	1942	1
1	1947	7
1	1944	3
1	1942	1
1	1943	2
1	1946	5
1	1944	1
1	1942	3
1	1945	2
1	1944	1
1	1946	6
1	1943	3
1	1945	0
1	1936	5
1	1948	5
1	1944	4
1	1950	4
1	1947	1
1	1947	4
1	1949	2
1	1948	3
1	1946	4
1	1945	9
1	1942	2
1	1945	3
1	1949	1
1	1950	6
1	1945	2
1	1948	2
1	1938	2
1	1936	3
1	1947	5
1	1945	3
1	1945	5
1	1942	2
1	1944	2
1	1947	2
1	1948	4
1	1948	3
1	1949	1
1	1946	4
1	1943	2
0	1893	5
0	1893	3
0	1892	5
0	1893	6
0	1894	5
0	1895	5
1	1924	4
1	1926	1
1	1920	2
1	1922	2
1	1921	3
1	1921	2
1	1921	3
1	1924	4
1	1923	2
1	1924	2
1	1922	5
1	1927	6
1	1922	2
1	1924	4
1	1922	5
1	1922	4
1	1926	2
1	1925	6
1	1924	1
1	1926	4
1	1924	0
1	1927	1
1	1927	1
1	1926	0
0	1920	4
0	1922	4
0	1919	5
0	1918	6
0	1920	1
1	1948	4
1	1950	0
1	1951	1
1	1951	3
1	1950	2
1	1946	3
1	1949	3
1	1946	7
1	1947	7
1	1954	4
1	1956	5
1	1948	4
1	1952	3
1	1951	2
1	1949	2
1	1952	3
0	1997	2
0	1997	1
0	1998	2
1	2029	2
1	2026	2
1	2031	2
0	1995	1
0	1994	3
1	2023	3
1	2027	1
1	2026	4
0	1951	5
0	1953	3
0	1951	1
0	1952	2
0	1947	5
0	1951	9
1	1981	1
1	1979	1
1	1980	1
1	1978	2
1	1982	6
1	1983	1
1	1983	2
1	1977	4
1	1974	1
1	1979	1
1	1981	0
1	1984	0
1	1974	1
1	1976	0
1	1982	1
1	1979	1
1	1980	2
1	1982	2
1	1981	3
1	1983	2
0	2009	4
0	2011	3
0	2009	1
0	2009	1
0	2009	1
1	2039	3
1	2040	2
1	2038	1
1	2039	0
1	2042	1
1	2041	2
0	1891	8
0	1892	11
0	1891	7
0	1890	6
0	1890	2
0	1890	6
0	1893	5
0	1893	2
0	1891	4
1	1920	3
1	1922	5
1	1922	5
1	1921	1
1	1920	4
1	1922	6
1	1921	5
1	1919	4
1	1922	4
1	1924	3
1	1918	3
1	1922	6
1	1923	8
1	1917	3
1	1924	4
1	1918	5
1	1920	6
1	1920	3
1	1921	3
1	1924	1
1	1924	0
1	1921	4
1	1921	3
1	1923	4
1	1921	2
1	1921	4
1	1924	2
1	1922	3
1	1921	4
1	1921	3
1	1918	2
1	1921	7
1	1922	4
1	1920	8
1	1921	3
1	1921	4
1	1916	4
1	1922	3
1	1921	1
1	1925	3
1	1925	1
1	1919	3
1	1920	4
0	1925	3
0	1927	2
0	1924	2
0	1924	3
1	1953	3
1	1956	5
1	1954	2
1	1955	4
1	1963	3
1	1954	4
1	1951	1
0	1992	3
0	1994	3
0	1992	1
0	1992	1
1	2022	0
1	2021	3
1	2020	3
1	2025	0
1	2026	1
0	2012	1
0	2014	3
1	2042	2
1	2045	2
1	2045	3
0	1900	5
0	1903	4
0	1900	1
0	1900	2
0	1899	4
0	1900	1
1	1930	3
1	1927	2
1	1929	5
1	1930	0
1	1930	2
1	1934	3
1	1936	2
1	1928	2
1	1931	7
1	1927	3
1	1931	2
1	1935	1
0	1904	1
0	1902	5
1	1932	3
1	1933	3
1	1931	4
1	1929	7
1	1933	3
0	1888	2
0	1887	2
0	1890	7
1	1918	7
1	1915	6
1	1922	2
1	1923	5
1	1921	7
1	1919	4
1	1913	4
1	1920	1
1	1920	2
0	1911	3
0	1908	6
0	1910	3
0	1912	2
1	1941	3
1	1942	3
1	1939	4
1	1936	3
1	1938	3
1	1939	3
1	1942	3
1	1938	0
1	1939	4
1	1940	5
1	1943	1
0	1969	2
0	1966	5
0	1969	1
1	1999	2
1	1999	1
1	1995	2
1	1995	1
1	1994	1
1	1997	2
0	1928	2
0	1930	5
0	1928	4
1	1959	6
1	1960	6
1	1962	6
1	1956	2
1	1958	3
1	1962	4
1	1962	4
1	1958	3
1	1957	2
0	1887	8
0	1887	5
0	1886	6
0	1891	7
0	1889	5
0	1888	4
0	1887	9
0	1886	8
0	1888	3
1	1915	3
1	1917	2
1	1919	6
1	1917	3
1	1915	4
1	1917	4
1	1918	4
1	1916	2
1	1918	2
1	1916	5
1	1916	3
1	1922	4
1	1922	6
1	1920	0
1	1922	2
1	1920	4
1	1915	5
1	1917	2
1	1917	0
1	1917	7
1	1920	4
1	1918	7
1	1914	6
1	1917	2
1	1917	4
1	1917	0
1	1916	6
1	1918	3
1	1920	3
1	1916	5
1	1917	7
1	1920	3
1	1924	2
1	1924	3
1	1921	5
1	1918	1
1	1919	4
1	1920	5
1	1920	3
1	1917	0
1	1917	6
1	1918	6
1	1917	1
1	1918	7
1	1917	6
1	1917	4
1	1915	5
0	1895	3
0	1895	1
0	1897	6
0	1894	7
1	1924	3
1	1926	4
1	1924	3
1	1927	0
1	1928	5
1	1923	3
1	1924	0
1	1923	4
1	1929	4
1	1928	5
1	1922	8
1	1925	4
1	1926	5
1	1927	4
0	1997	1
0	1997	1
1	2022	1
0	1959	3
0	1959	2
0	1955	5
0	1959	1
1	1991	1
1	1990	4
1	1989	0
1	1988	2
1	1989	2
1	1984	2
1	1984	1
1	1986	1
0	1968	1
0	1967	4
1	1995	2
1	1997	3
1	1998	1
1	1994	1
0	1999	2
0	2000	4
0	1998	2
1	2027	1
1	2027	1
1	2030	2
1	2031	2
1	2031	0
1	2028	2
0	1921	3
0	1920	4
0	1921	1
0	1921	1
1	1952	1
1	1951	0
1	1949	3
1	1949	3
1	1952	3
1	1949	1
0	1991	2
0	1991	1
0	1992	2
1	2020	3
1	2023	2
1	2025	1
0	1997	2
0	1997	1
0	1998	2
1	2028	2
1	2027	4
1	2028	1
0	1999	3
0	1999	1
0	2000	2
0	1999	4
1	2029	0
1	2029	0
1	2031	1
1	2029	0
1	2031	1
1	2027	3
1	2029	0
0	1899	7
0	1898	3
0	1898	6
0	1896	6
0	1897	10
0	1896	3
0	1895	7
0	1900	2
1	1930	3
1	1927	2
1	1930	1
1	1929	3
1	1927	2
1	1928	2
1	1930	2
1	1928	7
1	1929	1
1	1928	1
1	1928	2
1	1927	2
1	1923	3
1	1925	2
1	1927	3
1	1928	5
1	1925	5
1	1926	3
1	1927	3
1	1930	3
1	1926	1
1	1928	1
1	1925	1
1	1924	1
1	1923	3
1	1923	1
1	1927	2
1	1927	6
1	1927	3
1	1928	6
1	1925	4
1	1928	1
1	1927	6
1	1922	2
1	1923	3
1	1923	5
1	1934	2
0	1989	2
0	1989	1
0	1987	3
1	2019	1
1	2020	1
1	2013	4
1	2017	4
0	1916	1
0	1918	6
1	1945	2
1	1946	4
1	1947	5
1	1951	1
1	1947	3
1	1947	3
0	1912	7
0	1910	5
0	1911	3
0	1912	1
0	1914	9
0	1912	2
0	1912	2
0	1910	5
1	1944	4
1	1942	1
1	1943	3
1	1943	2
1	1942	3
1	1943	4
1	1943	1
1	1939	4
1	1942	2
1	1940	0
1	1944	1
1	1946	5
1	1946	1
1	1942	4
1	1944	5
1	1940	1
1	1940	5
1	1940	1
1	1938	3
1	1942	1
1	1942	2
1	1939	4
1	1944	0
1	1946	4
1	1947	4
1	1941	3
1	1939	2
0	1904	3
0	1905	2
0	1899	9
0	1901	7
1	1934	3
1	1933	3
1	1937	7
1	1927	2
1	1926	5
1	1932	2
1	1929	3
1	1927	2
1	1927	2
1	1932	2
1	1934	3
1	1932	6
1	1928	4
1	1930	1
1	1931	3
1	1932	6
1	1931	4
1	1929	4
0	2000	3
0	2000	1
0	2000	2
0	2000	1
1	2031	1
1	2032	3
1	2028	3
1	2030	0
0	1941	1
0	1941	3
1	1970	3
1	1972	1
1	1970	6
0	1994	3
0	1994	2
0	1994	1
0	1993	3
1	2022	2
1	2024	0
1	2024	0
1	2023	3
1	2020	1
1	2021	3
0	1925	3
0	1925	7
0	1924	3
0	1926	4
1	1955	3
1	1954	1
1	1956	3
1	1957	6
1	1951	5
1	1951	3
1	1958	4
1	1953	3
1	1955	5
1	1955	5
1	1955	8
1	1952	4
1	1956	6
1	1953	3
0	1903	2
0	1904	2
0	1904	3
1	1933	4
1	1934	3
1	1935	0
1	1934	3
1	1935	1
0	1881	4
0	1882	4
0	1881	8
0	1881	1
0	1883	5
1	1911	5
1	1909	7
1	1913	2
1	1911	3
1	1913	4
1	1910	6
1	1911	6
1	1914	7
1	1912	0
1	1912	6
1	1911	3
1	1913	2
1	1911	1
1	1912	8
1	1911	1
1	1913	3
1	1914	2
1	1915	3
0	1993	4
0	1992	3
0	1994	2
0	1993	1
0	1994	2
1	2024	3
1	2019	3
1	2021	3
1	2023	2
1	2025	1
1	2020	4
1	2023	1
1	2028	2
0	1883	8
0	1886	6
0	1881	8
0	1881	11
0	1885	6
0	1885	2
0	1882	4
0	1886	4
0	1885	2
1	1915	3
1	1913	0
1	1912	4
1	1912	4
1	1914	1
1	1914	1
1	1912	5
1	1910	5
1	1917	1
1	1916	3
1	1914	3
1	1918	2
1	1913	7
1	1912	2
1	1910	5
1	1911	3
1	1912	8
1	1911	8
1	1915	3
1	1916	5
1	1912	3
1	1912	6
1	1919	4
1	1919	4
1	1916	2
1	1911	5
1	1911	3
1	1910	3
1	1912	4
1	1908	5
1	1909	4
1	1911	0
1	1911	5
1	1912	3
1	1911	6
1	1911	1
1	1913	1
1	1916	2
1	1918	1
1	1914	5
1	1910	3
1	1917	2
1	1916	3
0	2008	1
0	2012	4
1	2040	1
1	2041	1
1	2043	2
1	2044	2
0	1958	3
0	1958	2
0	1958	1
0	1959	2
1	1987	2
1	1987	2
1	1984	3
1	1989	1
1	1991	1
0	1951	2
0	1952	2
0	1953	6
1	1980	2
1	1982	2
1	1983	4
1	1982	2
1	1980	3
1	1983	0
1	1981	1
1	1981	3
0	1877	6
0	1874	5
0	1877	5
0	1877	1
0	1877	2
0	1877	5
0	1878	4
1	1905	4
1	1908	3
1	1906	7
1	1911	6
1	1910	2
1	1907	9
1	1902	5
1	1907	3
1	1910	3
1	1908	6
1	1907	4
1	1908	3
1	1910	2
1	1911	2
1	1908	3
1	1906	5
1	1905	7
1	1908	2
1	1908	3
1	1908	3
1	1908	8
1	1906	2
0	1953	1
0	1954	2
1	1981	3
1	1983	2
0	1966	2
0	1967	2
0	1968	3
1	1995	2
1	1996	2
1	1997	4
1	1997	2
1	2002	2
0	1932	7
0	1932	5
0	1930	4
0	1933	3
0	1932	4
0	1930	2
0	1934	2
0	1932	2
1	1959	2
1	1962	6
1	1963	2
1	1962	2
1	1958	4
1	1963	3
1	1959	4
1	1963	4
1	1962	2
1	1959	6
1	1964	1
1	1961	6
1	1967	2
1	1961	0
1	1961	1
1	1964	3
1	1959	4
1	1962	9
1	1963	3
1	1963	3
1	1964	1
1	1960	2
0	1895	5
0	1898	3
0	1895	3
0	1898	5
0	1894	4
0	1894	4
1	1924	3
1	1925	0
1	1924	4
1	1925	4
1	1924	3
1	1932	1
1	1930	1
1	1926	3
1	1928	2
1	1929	5
1	1921	6
1	1924	2
1	1922	5
1	1925	5
1	1925	2
1	1923	3
1	1927	2
1	1927	2
1	1925	2
0	2005	4
0	2004	2
0	2005	1
0	2005	1
0	2005	2
1	2035	3
1	2035	0
1	2035	4
1	2034	1
1	2033	1
1	2033	0
0	2010	4
0	2010	1
0	2008	2
0	2010	1
0	2007	3
1	2040	0
1	2040	0
1	2041	1
1	2041	1
1	2035	2
1	2036	1
1	2036	1
0	1906	6
0	1905	5
0	1905	3
0	1905	2
0	1906	4
0	1905	6
0	1906	2
1	1936	2
1	1934	3
1	1938	1
1	1935	3
1	1939	4
1	1934	3
1	1935	2
1	1934	0
1	1935	3
1	1933	4
1	1935	3
1	1937	1
1	1934	3
1	1937	2
1	1936	1
1	1935	4
1	1936	2
1	1933	2
1	1934	5
1	1936	5
1	1935	0
1	1936	1
0	1989	1
0	1994	3
1	2017	1
1	2026	0
1	2024	2
0	1888	5
0	1886	6
0	1887	6
0	1884	7
0	1888	6
0	1889	3
1	1919	3
1	1919	7
1	1920	7
1	1918	2
1	1920	5
1	1917	1
1	1917	3
1	1917	2
1	1916	5
1	1919	5
1	1916	4
1	1913	0
1	1913	5
1	1912	6
1	1918	0
1	1921	3
1	1917	4
1	1917	8
1	1914	4
1	1917	6
1	1918	4
1	1915	8
1	1910	3
1	1911	4
1	1917	3
1	1916	4
1	1919	4
1	1919	4
0	1887	8
0	1887	4
0	1885	5
0	1889	4
0	1889	5
0	1887	1
0	1888	4
0	1888	5
0	1884	5
1	1912	7
1	1919	4
1	1917	3
1	1916	3
1	1915	5
1	1916	6
1	1918	3
1	1917	0
1	1916	3
1	1917	2
1	1914	3
1	1919	3
1	1921	4
1	1923	4
1	1921	3
1	1921	5
1	1918	2
1	1916	8
1	1917	6
1	1916	4
1	1911	8
1	1914	4
1	1922	3
1	1913	5
1	1916	5
1	1918	4
1	1920	4
1	1921	5
1	1920	4
1	1919	7
1	1918	3
1	1909	2
1	1911	3
0	1940	2
0	1940	1
0	1942	5
1	1971	2
1	1966	3
1	1970	2
1	1972	2
1	1972	1
1	1973	2
0	1936	3
0	1937	2
0	1936	3
0	1935	2
1	1964	3
1	1963	3
1	1963	1
1	1968	1
1	1969	6
1	1969	4
1	1964	3
0	1992	1
0	1993	3
1	2022	1
1	2022	3
1	2023	0
0	1902	3
0	1900	6
0	1904	3
0	1900	5
1	1932	4
1	1932	1
1	1932	2
1	1928	1
1	1930	2
1	1929	2
1	1925	4
1	1931	3
1	1929	1
1	1930	4
1	1933	2
1	1935	2
1	1930	4
1	1929	4
0	1938	4
0	1937	3
0	1935	3
0	1937	4
0	1938	4
1	1969	7
1	1967	1
1	1969	2
1	1967	3
1	1965	5
1	1966	3
1	1970	1
1	1968	4
1	1966	2
1	1966	1
1	1965	4
1	1968	5
1	1971	3
1	1970	6
0	1998	2
0	1998	1
0	1996	2
1	2028	1
1	2031	3
1	2026	7
0	1960	4
0	1958	4
0	1960	2
0	1959	2
0	1957	3
1	1989	1
1	1991	1
1	1986	1
1	1989	2
1	1990	2
1	1990	2
1	1988	1
1	1987	2
1	1986	0
1	1991	1
1	1991	1
0	1962	3
0	1961	9
0	1962	1
0	1963	4
1	1992	2
1	1993	3
1	1990	1
1	1990	5
1	1991	3
1	1991	1
1	1993	3
1	1992	3
1	1991	0
1	1993	2
1	1993	0
1	1993	4
1	1990	1
1	1991	2
0	1962	5
0	1959	3
0	1960	4
0	1960	4
0	1963	2
0	1962	1
1	1991	2
1	1992	0
1	1992	1
1	1992	0
1	1993	1
1	1987	0
1	1993	4
1	1995	4
1	1988	1
1	1988	3
1	1990	0
1	1986	3
1	1990	1
1	1990	1
0	1931	5
0	1932	3
0	1932	3
0	1932	3
0	1932	2
0	1929	2
1	1959	6
1	1964	7
1	1960	3
1	1962	2
1	1962	2
1	1962	3
1	1964	4
1	1966	5
1	1956	2
1	1963	2
1	1962	3
1	1962	3
1	1964	8
0	1960	5
0	1964	4
0	1960	1
0	1959	3
0	1958	2
0	1958	2
1	1991	1
1	1990	0
1	1990	2
1	1990	2
1	1990	1
1	1998	1
1	1986	4
1	1995	1
1	1995	0
1	1991	1
1	1990	2
1	1986	3
0	1897	5
0	1899	8
0	1898	6
0	1899	4
0	1893	7
0	1896	3
1	1927	2
1	1925	4
1	1926	2
1	1928	7
1	1926	4
1	1930	5
1	1927	3
1	1929	7
1	1928	2
1	1927	1
1	1932	3
1	1931	4
1	1921	4
1	1921	2
1	1924	5
1	1923	1
1	1922	3
1	1926	1
1	1931	6
1	1928	4
1	1928	6
1	1929	2
1	1927	7
1	1929	2
1	1927	3
1	1928	2
1	1919	5
1	1924	3
0	2011	1
0	2011	1
1	2040	2
0	1889	6
0	1889	6
0	1890	6
0	1888	2
0	1889	5
0	1890	8
0	1887	5
1	1916	2
1	1919	1
1	1920	5
1	1919	3
1	1919	3
1	1920	2
1	1916	5
1	1919	4
1	1921	7
1	1921	2
1	1922	2
1	1922	2
1	1919	3
1	1917	3
1	1922	2
1	1921	1
1	1918	4
1	1918	1
1	1917	4
1	1915	8
1	1921	7
1	1919	1
1	1920	3
1	1923	1
1	1919	4
1	1920	3
1	1916	8
1	1918	4
1	1917	3
1	1920	6
1	1922	3
1	1918	6
0	1934	4
0	1933	2
0	1935	3
0	1934	3
0	1932	6
1	1963	2
1	1962	3
1	1965	1
1	1965	5
1	1965	3
1	1964	5
1	1962	2
1	1964	0
1	1963	1
1	1961	2
1	1960	2
1	1965	2
1	1963	1
1	1962	0
0	1895	3
0	1895	5
0	1893	5
0	1898	3
1	1927	1
1	1924	1
1	1924	4
1	1925	4
1	1930	2
1	1920	2
1	1927	2
1	1929	1
1	1926	4
1	1930	4
1	1923	6
1	1920	4
1	1922	2
0	2018	2
0	2018	1
0	2019	3
1	2048	0
1	2050	2
1	2050	0
1	2050	0
0	1892	6
0	1895	3
0	1891	3
0	1893	4
0	1891	12
0	1893	3
0	1892	8
1	1923	5
1	1921	5
1	1922	3
1	1920	4
1	1922	8
1	1917	5
1	1927	2
1	1921	3
1	1922	3
1	1926	3
1	1920	6
1	1923	5
1	1921	5
1	1919	5
1	1923	4
1	1923	1
1	1924	2
1	1923	2
1	1921	4
1	1919	4
1	1925	7
1	1926	4
1	1918	3
1	1924	5
1	1922	5
1	1921	6
1	1918	4
1	1922	1
1	1920	6
1	1925	4
1	1923	1
1	1922	2
1	1922	7
0	1891	5
0	1888	6
0	1890	2
0	1891	5
0	1893	5
0	1890	5
1	1918	3
1	1920	2
1	1920	5
1	1923	3
1	1921	3
1	1919	2
1	1917	5
1	1918	0
1	1919	2
1	1922	6
1	1923	3
1	1924	3
1	1922	1
1	1920	3
1	1920	3
1	1922	2
1	1920	1
1	1916	3
1	1922	7
1	1922	5
1	1926	2
1	1924	2
1	1921	2
0	1973	5
0	1973	1
0	1974	2
0	1973	1
0	1971	3
0	1973	2
1	2003	2
1	2002	3
1	2001	2
1	2003	0
1	2002	1
1	2006	4
1	1998	1
1	2001	1
1	2003	0
0	1988	4
0	1988	1
0	1988	1
0	1988	1
0	1988	2
1	2018	0
1	2021	2
1	2018	0
1	2016	4
1	2015	2
0	1955	3
0	1956	3
0	1955	5
0	1955	1
1	1982	1
1	1985	0
1	1983	1
1	1986	1
1	1990	1
1	1987	3
1	1985	2
1	1989	2
1	1985	1
0	1926	2
0	1930	5
0	1925	4
1	1955	1
1	1956	0
1	1961	2
1	1959	3
1	1957	3
1	1953	2
1	1965	2
1	1962	5
1	1959	5
0	1944	4
0	1944	1
0	1946	7
0	1944	2
0	1944	2
1	1973	1
1	1975	4
1	1974	1
1	1974	2
1	1976	0
1	1976	0
1	1978	3
1	1976	2
1	1974	2
1	1973	3
1	1977	1
1	1974	5
0	1971	1
0	1968	6
1	1999	1
1	1998	1
1	1997	1
1	1996	3
1	1996	2
1	1996	1
0	1993	2
0	1993	1
0	1993	1
1	2021	3
1	2023	0
0	1988	3
0	1988	1
0	1986	4
0	1989	3
1	2016	3
1	2016	2
1	2018	1
1	2014	4
1	2015	0
1	2019	1
1	2016	1
1	2019	1
0	1928	4
0	1928	1
0	1928	1
0	1929	6
0	1931	4
1	1958	9
1	1954	3
1	1960	2
1	1956	3
1	1959	1
1	1959	1
1	1959	0
1	1960	2
1	1965	2
1	1964	5
1	1960	3
1	1963	3
0	1994	1
0	1994	2
1	2023	1
1	2023	0
0	1930	4
0	1928	2
0	1931	3
0	1930	2
0	1929	2
1	1960	0
1	1960	0
1	1962	2
1	1963	4
1	1963	4
1	1957	4
1	1956	2
1	1961	3
1	1960	0
0	1951	4
0	1949	2
0	1951	3
0	1949	6
0	1952	2
1	1983	1
1	1981	0
1	1981	1
1	1982	1
1	1977	3
1	1979	0
1	1983	2
1	1980	2
1	1979	0
1	1978	3
1	1977	1
1	1979	3
1	1982	2
0	1893	4
0	1893	4
0	1892	2
0	1899	5
0	1894	4
1	1927	1
1	1922	3
1	1926	2
1	1923	5
1	1924	7
1	1923	6
1	1929	3
1	1932	5
1	1928	6
1	1924	1
1	1923	9
1	1924	5
1	1930	4
1	1933	4
1	1926	2
0	2005	3
0	2006	2
0	2005	1
0	2005	1
1	2036	2
1	2035	2
1	2035	0
1	2036	1
0	2003	1
0	2002	2
0	1889	8
0	1889	9
0	1891	6
0	1889	5
0	1888	10
0	1888	4
0	1887	7
0	1890	2
0	1889	7
1	1922	2
1	1919	5
1	1920	2
1	1919	5
1	1920	4
1	1920	1
1	1918	6
1	1919	4
1	1920	3
1	1920	2
1	1919	1
1	1923	3
1	1919	2
1	1918	2
1	1920	4
1	1920	6
1	1919	1
1	1917	2
1	1919	5
1	1920	4
1	1918	5
1	1913	2
1	1919	7
1	1918	2
1	1920	5
1	1921	5
1	1922	3
1	1920	2
1	1919	5
1	1919	6
1	1920	2
1	1920	6
1	1918	1
1	1918	5
1	1915	2
1	1922	3
1	1916	4
1	1918	3
1	1917	2
1	1918	3
1	1917	2
1	1920	5
1	1919	5
1	1918	4
1	1922	5
1	1923	4
1	1920	6
1	1917	5
1	1921	3
1	1918	4
0	1983	1
0	1984	3
1	2013	3
1	2015	1
1	2016	3
0	1950	4
0	1951	5
0	1949	2
0	1948	3
0	1950	1
1	1982	3
1	1984	1
1	1979	2
1	1980	2
1	1979	4
1	1977	1
1	1977	2
1	1981	4
1	1979	1
1	1982	2
1	1979	4
0	1992	3
0	1991	4
0	1992	2
0	1992	1
1	2022	0
1	2020	1
1	2022	1
1	2022	2
1	2023	0
1	2018	3
1	2024	1
0	1945	7
0	1944	3
0	1946	3
0	1944	2
0	1946	3
0	1946	2
0	1945	1
0	1945	1
1	1976	1
1	1977	3
1	1972	1
1	1978	1
1	1977	1
1	1976	1
1	1974	1
1	1974	1
1	1975	1
1	1976	7
1	1972	0
1	1982	2
1	1974	3
1	1976	5
1	1974	0
0	1885	3
0	1888	5
0	1884	6
0	1883	5
1	1918	4
1	1917	3
1	1915	5
1	1915	5
1	1915	6
1	1915	2
1	1913	3
1	1915	5
1	1915	7
1	1919	5
1	1917	7
1	1919	0
1	1919	4
1	1912	4
1	1913	3
1	1912	0
0	1933	1
0	1932	2
1	1965	6
1	1961	1
0	1906	4
0	1906	4
0	1909	4
0	1908	4
0	1903	8
1	1936	0
1	1935	1
1	1939	1
1	1935	1
1	1937	5
1	1941	2
1	1938	0
1	1932	4
1	1929	4
1	1931	3
1	1935	3
1	1938	1
1	1935	3
1	1938	8
1	1941	3
1	1937	1
1	1941	3
1	1934	3
1	1935	2
1	1933	1
0	1974	2
0	1974	2
0	1974	1
1	2003	3
1	2005	2
1	2006	1
0	1900	6
0	1902	4
0	1899	3
0	1901	7
0	1902	5
0	1901	3
0	1901	3
1	1930	4
1	1929	2
1	1931	1
1	1929	5
1	1930	1
1	1929	1
1	1932	3
1	1931	4
1	1929	6
1	1931	2
1	1929	2
1	1931	4
1	1934	4
1	1932	2
1	1933	2
1	1935	2
1	1934	2
1	1932	4
1	1932	4
1	1931	0
1	1929	4
1	1931	2
1	1933	1
1	1929	4
1	1931	5
0	1924	1
0	1923	5
1	1954	0
1	1953	6
1	1952	5
1	1954	3
1	1955	2
0	1901	6
0	1904	5
0	1903	5
0	1899	3
0	1900	6
0	1902	3
0	1902	4
1	1931	0
1	1929	3
1	1930	4
1	1928	1
1	1931	3
1	1930	4
1	1937	2
1	1935	1
1	1933	2
1	1929	3
1	1931	2
1	1930	8
1	1931	1
1	1930	0
1	1932	5
1	1937	2
1	1933	6
1	1931	1
1	1935	1
1	1935	1
1	1932	2
1	1933	1
1	1934	2
1	1929	4
1	1930	6
1	1931	4
0	1942	1
0	1941	3
1	1972	1
1	1971	5
1	1970	2
0	1923	2
0	1926	3
0	1924	2
1	1953	3
1	1955	2
1	1958	4
1	1956	4
1	1959	1
0	1931	1
0	1930	7
1	1961	2
1	1961	2
1	1958	7
1	1961	5
1	1964	3
1	1958	3
1	1962	5
0	1913	4
0	1913	6
0	1911	5
0	1912	4
0	1913	3
1	1940	5
1	1941	2
1	1944	8
1	1944	4
1	1943	1
1	1944	1
1	1944	4
1	1944	4
1	1939	1
1	1939	2
1	1945	3
1	1943	3
1	1940	3
1	1940	4
1	1939	4
1	1944	2
1	1941	3
1	1943	3
0	1974	1
0	1974	2
1	2005	1
1	2004	6
0	1966	2
0	1968	2
0	1966	1
1	1992	3
1	1996	0
1	2000	0
0	1964	4
0	1964	2
0	1965	3
0	1964	1
0	1963	3
1	1994	0
1	1999	1
1	1994	0
1	1994	1
1	1995	1
1	1992	1
1	1992	1
1	1995	0
1	1992	0
0	1883	4
0	1881	9
0	1884	4
0	1882	5
0	1886	6
1	1914	6
1	1914	4
1	1912	3
1	1913	6
1	1910	7
1	1912	6
1	1912	6
1	1912	5
1	1919	1
1	1914	6
1	1914	6
1	1909	5
1	1911	4
1	1912	4
1	1909	1
1	1913	2
1	1912	4
1	1912	0
1	1912	6
1	1911	6
1	1912	2
1	1916	4
1	1917	5
1	1919	4
0	1961	2
0	1962	3
0	1961	1
1	1991	1
1	1991	1
1	1993	0
1	1993	0
0	1999	2
0	1997	3
0	1999	1
1	2029	3
1	2029	3
1	2026	1
1	2025	2
0	1924	2
0	1924	1
0	1923	4
1	1957	4
1	1955	4
1	1950	6
1	1952	2
1	1953	2
0	1919	1
0	1918	5
1	1949	5
1	1946	1
1	1949	3
1	1947	2
1	1945	2
0	1977	2
0	1977	1
0	1976	2
1	2009	2
1	2007	0
1	2002	1
0	1930	4
0	1930	2
0	1926	4
0	1931	4
0	1932	4
1	1959	3
1	1959	1
1	1961	4
1	1960	6
1	1955	0
1	1953	7
1	1955	4
1	1964	3
1	1962	2
1	1963	3
1	1962	1
1	1962	3
1	1964	3
1	1964	4
0	1984	4
0	1985	3
0	1984	1
0	1984	1
0	1987	5
1	2013	1
1	2013	3
1	2014	1
1	2014	1
1	2015	1
1	2017	2
1	2017	1
1	2020	2
1	2018	0
1	2018	1
0	1973	2
0	1972	3
0	1973	2
1	2004	3
1	2004	3
1	2004	1
1	2001	2
1	2003	0
0	2016	4
0	2016	1
0	2016	1
0	2016	2
0	2015	3
1	2044	4
1	2044	1
1	2048	2
1	2047	5
1	2042	2
1	2050	1
1	2042	2
0	1966	2
0	1966	1
0	1965	4
1	1993	3
1	1992	2
1	1996	1
1	1994	1
1	1995	3
0	1909	6
0	1910	2
0	1909	1
0	1909	1
0	1910	5
0	1911	6
0	1912	4
1	1936	2
1	1942	5
1	1938	2
1	1939	2
1	1940	4
1	1938	2
1	1942	5
1	1938	4
1	1941	1
1	1941	3
1	1940	2
1	1941	0
1	1941	2
1	1942	3
1	1939	4
1	1941	2
1	1943	1
1	1945	5
1	1941	5
0	2011	2
0	2008	4
0	2012	2
1	2039	4
1	2041	1
1	2036	1
1	2037	0
1	2037	0
1	2043	0
0	1931	3
0	1929	5
0	1930	3
0	1932	3
1	1962	4
1	1959	6
1	1961	1
1	1959	2
1	1960	5
1	1963	6
1	1963	3
1	1958	1
1	1963	3
1	1959	2
1	1959	5
0	1964	1
0	1964	3
1	1995	2
1	1995	2
1	1993	1
0	1981	3
0	1982	2
0	1981	1
0	1982	2
1	2011	1
1	2009	1
1	2010	6
1	2013	0
1	2011	3
0	1976	1
0	1976	1
1	2006	1
0	1964	4
0	1962	3
0	1963	7
0	1967	4
0	1966	5
1	1996	3
1	1993	1
1	1995	3
1	1994	2
1	1991	3
1	1994	3
1	1994	1
1	1998	0
1	2000	2
1	1995	3
1	1994	3
1	1993	2
1	1991	1
1	1992	2
1	1993	2
1	1994	1
1	1995	1
1	1996	2
1	1997	1
0	1938	2
0	1938	2
0	1940	3
1	1966	2
1	1968	4
1	1972	4
1	1971	2
1	1967	1
0	1919	2
0	1918	3
0	1921	6
1	1950	5
1	1947	1
1	1948	4
1	1952	2
1	1949	4
1	1951	3
1	1952	5
1	1950	3
1	1950	3
0	1996	2
0	1996	1
0	1996	1
1	2024	2
1	2030	1
0	1987	1
0	1986	2
1	2020	1
1	2014	2
0	1998	3
0	1998	3
0	1998	2
0	2001	3
1	2027	1
1	2030	2
1	2028	0
1	2032	0
1	2026	1
1	2027	1
1	2027	3
1	2032	0
0	1905	3
0	1904	4
0	1907	2
0	1905	6
1	1934	6
1	1936	5
1	1931	1
1	1930	5
1	1938	4
1	1936	2
1	1936	6
1	1935	2
1	1933	4
1	1939	2
1	1935	1
1	1935	6
0	1893	7
0	1892	6
0	1894	5
0	1892	6
0	1899	8
0	1893	1
0	1893	1
0	1890	8
1	1925	4
1	1922	6
1	1925	2
1	1921	3
1	1922	6
1	1922	5
1	1921	4
1	1923	2
1	1924	4
1	1921	3
1	1924	3
1	1920	2
1	1921	3
1	1926	1
1	1931	5
1	1917	4
1	1917	6
1	1919	4
1	1918	3
1	1922	2
1	1924	3
1	1924	4
1	1924	4
1	1922	3
1	1923	4
1	1922	4
1	1920	1
1	1928	2
1	1930	4
1	1930	0
1	1929	3
1	1930	2
1	1921	4
1	1920	4
1	1915	2
0	1914	10
0	1912	6
0	1914	2
0	1914	1
0	1914	2
0	1916	5
0	1914	6
0	1914	2
0	1913	3
0	1915	3
0	1910	9
1	1942	3
1	1948	1
1	1945	2
1	1944	1
1	1943	3
1	1942	1
1	1943	4
1	1945	3
1	1944	3
1	1943	2
1	1943	4
1	1940	1
1	1947	1
1	1950	1
1	1945	2
1	1942	3
1	1947	7
1	1945	6
1	1946	2
1	1946	3
1	1947	4
1	1939	0
1	1937	4
1	1941	4
1	1939	4
1	1942	0
1	1942	4
1	1943	5
1	1947	6
1	1949	5
1	1945	4
1	1942	4
1	1945	3
1	1942	5
1	1940	2
1	1938	2
1	1938	4
1	1939	4
1	1939	1
0	1925	2
0	1923	3
0	1926	6
1	1958	3
1	1957	2
1	1957	2
1	1954	7
1	1950	2
1	1954	3
1	1958	1
1	1954	1
1	1957	6
0	1996	1
0	1996	1
1	2024	1
0	1973	1
0	1973	1
1	2004	3
0	1976	3
0	1976	1
0	1976	2
0	1976	2
1	2007	1
1	2005	2
1	2005	1
1	2003	1
1	2007	1
0	1921	5
0	1920	2
0	1922	3
0	1921	6
0	1922	4
0	1921	1
1	1951	4
1	1951	2
1	1950	2
1	1950	5
1	1950	4
1	1952	5
1	1951	3
1	1949	3
1	1951	4
1	1952	5
1	1954	3
1	1947	6
1	1952	4
1	1952	5
1	1950	3
1	1949	2
0	1968	2
0	1968	3
0	1968	1
1	1994	1
1	1998	1
1	1997	1
1	1996	2
0	1923	2
0	1922	3
0	1920	3
1	1953	5
1	1952	3
1	1951	1
1	1949	5
1	1949	3
1	1948	2
0	1895	6
0	1899	5
0	1895	4
0	1895	8
0	1894	3
0	1896	4
0	1892	11
1	1925	3
1	1924	1
1	1922	3
1	1925	0
1	1925	3
1	1925	4
1	1932	2
1	1929	3
1	1927	5
1	1925	4
1	1924	1
1	1928	6
1	1926	3
1	1925	3
1	1924	1
1	1924	4
1	1924	5
1	1929	1
1	1925	5
1	1926	3
1	1923	4
1	1923	4
1	1924	5
1	1931	2
1	1930	3
1	1924	2
1	1921	1
1	1928	3
1	1922	2
1	1923	2
1	1921	6
1	1921	3
1	1921	4
1	1925	3
1	1921	3
0	1980	1
0	1981	3
1	2011	2
1	2013	4
1	2012	0
0	1901	6
0	1900	5
0	1901	1
0	1900	3
0	1900	7
0	1901	4
0	1903	2
1	1931	3
1	1930	2
1	1932	2
1	1927	3
1	1935	1
1	1933	2
1	1930	1
1	1932	2
1	1927	2
1	1927	6
1	1932	6
1	1936	3
1	1934	1
1	1928	4
1	1930	2
1	1930	2
1	1929	2
1	1928	6
1	1931	3
1	1931	3
1	1930	4
1	1932	4
0	1979	2
0	1979	1
0	1978	2
1	2011	4
1	2009	0
1	2007	3
0	1888	6
0	1886	5
0	1887	6
0	1887	3
0	1886	6
0	1888	2
0	1884	5
1	1918	2
1	1917	7
1	1916	3
1	1916	2
1	1919	1
1	1916	3
1	1916	7
1	1915	4
1	1914	3
1	1917	0
1	1916	9
1	1913	4
1	1917	7
1	1917	1
1	1918	4
1	1914	3
1	1914	3
1	1915	5
1	1917	4
1	1921	3
1	1915	2
1	1917	2
1	1915	4
1	1918	3
1	1918	5
1	1911	5
1	1912	3
0	1919	5
0	1918	3
0	1921	4
0	1918	2
0	1919	1
0	1917	3
1	1947	1
1	1951	3
1	1949	6
1	1948	2
1	1948	3
1	1948	4
1	1947	5
1	1948	3
1	1951	3
1	1953	2
1	1951	4
1	1946	5
1	1947	4
0	1891	5
0	1894	7
0	1890	9
0	1889	8
0	1889	9
0	1892	9
1	1923	4
1	1919	8
1	1923	8
1	1920	4
1	1923	2
1	1926	5
1	1920	3
1	1918	3
1	1918	3
1	1918	3
1	1918	4
1	1922	2
1	1920	5
1	1920	7
1	1919	7
1	1919	1
1	1919	5
1	1916	6
1	1922	2
1	1923	3
1	1922	4
1	1922	3
1	1922	0
1	1924	2
1	1924	4
1	1923	5
1	1924	2
1	1923	3
1	1920	6
1	1921	3
1	1920	2
1	1920	2
1	1922	1
1	1918	6
1	1918	1
1	1919	2
1	1919	4
1	1918	6
1	1920	5
1	1925	4
1	1922	0
1	1923	5
0	1973	2
0	1974	2
0	1970	4
1	2004	1
1	2004	1
1	2005	3
1	1999	2
1	1999	0
1	1999	1
0	1924	3
0	1924	2
0	1924	1
0	1923	3
1	1954	4
1	1952	4
1	1956	3
1	1958	2
1	1953	4
1	1955	5
0	1983	2
0	1983	1
0	1983	1
1	2012	2
1	2014	2
0	1936	2
0	1936	4
0	1934	2
1	1965	3
1	1966	3
1	1968	3
1	1966	8
1	1965	2
1	1962	6
0	2005	2
0	2005	1
0	2004	3
1	2035	2
1	2031	2
1	2031	1
1	2032	2
0	1984	4
0	1985	2
0	1984	1
0	1984	1
0	1984	1
1	2011	1
1	2014	0
1	2015	2
1	2014	2
1	2015	2
0	1923	3
0	1925	4
0	1923	2
0	1922	4
1	1955	3
1	1953	1
1	1953	0
1	1957	4
1	1955	3
1	1956	2
1	1949	4
1	1958	3
1	1954	5
1	1951	7
0	2006	2
0	2006	1
0	2006	1
1	2036	2
1	2037	2
0	1888	4
0	1888	4
0	1888	2
0	1890	5
0	1890	7
1	1918	0
1	1918	3
1	1920	4
1	1918	3
1	1922	1
1	1919	1
1	1922	1
1	1921	2
1	1922	7
1	1923	7
1	1917	4
1	1920	4
1	1917	3
1	1917	3
1	1921	2
1	1920	4
1	1920	7
1	1918	1
0	2009	2
0	2008	2
0	2009	1
1	2039	0
1	2043	2
1	2038	1
0	1881	10
0	1881	6
0	1883	5
0	1882	5
0	1884	7
0	1883	3
0	1879	6
0	1882	7
0	1883	4
0	1882	7
0	1879	3
1	1911	7
1	1908	3
1	1912	4
1	1912	1
1	1912	3
1	1911	1
1	1912	6
1	1912	3
1	1912	6
1	1908	6
1	1914	7
1	1912	5
1	1912	7
1	1916	5
1	1913	10
1	1913	6
1	1914	1
1	1916	1
1	1919	3
1	1915	2
1	1910	3
1	1908	4
1	1912	5
1	1915	2
1	1911	5
1	1914	4
1	1915	4
1	1910	2
1	1911	2
1	1914	7
1	1909	3
1	1912	1
1	1909	7
1	1912	2
1	1914	1
1	1914	2
1	1911	4
1	1912	5
1	1914	4
1	1914	6
1	1914	4
1	1913	4
1	1910	4
1	1911	2
1	1908	3
1	1913	4
1	1912	0
1	1912	2
1	1913	5
1	1915	3
1	1912	6
1	1907	5
1	1907	4
0	2008	3
0	2008	1
0	2008	2
0	2008	1
1	2038	0
1	2038	0
1	2039	3
1	2036	2
0	1899	2
0	1900	6
0	1897	6
1	1926	3
1	1930	3
1	1930	4
1	1930	0
1	1927	2
1	1928	3
1	1932	4
1	1929	4
1	1928	3
1	1927	3
1	1925	2
1	1930	2
0	1972	3
0	1972	1
0	1971	2
0	1972	1
1	2003	3
1	2002	1
1	1999	2
1	2001	2
0	1926	4
0	1926	2
0	1925	7
0	1926	4
0	1927	3
1	1956	2
1	1956	3
1	1955	1
1	1957	5
1	1958	4
1	1952	3
1	1952	4
1	1957	2
1	1957	5
1	1958	3
1	1961	1
1	1962	2
1	1954	1
1	1956	1
1	1953	4
1	1954	4
0	2002	1
0	2002	3
1	2032	0
1	2031	2
1	2034	1
0	1988	1
0	1988	1
0	1914	2
0	1912	6
0	1914	3
1	1945	3
1	1945	3
1	1940	2
1	1943	2
1	1939	4
1	1937	4
1	1942	4
1	1941	2
1	1945	7
0	1940	4
0	1937	3
0	1940	1
0	1941	3
0	1941	2
1	1970	2
1	1967	2
1	1968	4
1	1971	5
1	1972	3
1	1967	2
1	1965	1
1	1972	1
1	1969	5
0	1962	2
0	1964	2
0	1958	3
1	1993	1
1	1992	0
1	1996	1
1	1983	1
1	1986	2
0	1916	6
0	1912	5
0	1913	3
0	1916	2
0	1914	3
0	1916	2
0	1915	4
1	1945	4
1	1946	7
1	1947	2
1	1945	4
1	1947	4
1	1943	6
1	1941	0
1	1941	0
1	1942	1
1	1945	3
1	1940	2
1	1948	3
1	1945	2
1	1945	1
1	1941	4
1	1940	4
1	1944	6
1	1942	5
1	1946	2
0	1966	3
0	1966	4
0	1964	6
0	1967	3
1	1995	1
1	1994	4
1	1998	2
1	1996	1
1	1994	2
1	1991	1
1	1998	2
1	1998	0
1	1996	2
1	1999	2
1	1994	0
1	1994	0
1	1993	1
0	1978	1
0	1978	1
1	2008	4
0	1930	3
0	1930	4
0	1929	3
0	1929	7
1	1960	3
1	1960	3
1	1960	5
1	1958	3
1	1962	5
1	1962	2
1	1957	2
1	1958	4
1	1956	4
1	1960	3
1	1959	3
1	1957	2
1	1957	2
1	1960	6
0	2006	4
0	2006	1
0	2006	1
0	2005	2
0	2006	1
1	2035	3
1	2034	1
1	2036	1
1	2036	0
1	2036	2
0	1929	6
0	1931	5
0	1926	4
0	1930	2
0	1930	4
0	1929	4
0	1928	2
1	1960	2
1	1957	1
1	1959	2
1	1957	1
1	1959	5
1	1960	2
1	1960	5
1	1954	4
1	1953	2
1	1963	3
1	1962	4
1	1958	5
1	1960	4
1	1961	10
1	1962	4
1	1953	1
1	1960	2
1	1964	4
1	1958	5
1	1959	1
1	1956	5
0	1919	5
0	1920	2
0	1918	2
0	1918	6
0	1917	6
0	1920	4
1	1947	3
1	1950	6
1	1949	0
1	1950	2
1	1947	1
1	1946	7
1	1949	2
1	1947	6
1	1948	4
1	1951	7
1	1953	1
1	1949	4
1	1948	5
1	1949	5
1	1950	1
1	1947	5
1	1946	1
1	1947	7
1	1947	0
1	1951	6
0	1964	7
0	1965	2
0	1964	3
0	1963	2
0	1961	3
0	1964	3
0	1964	1
0	1962	3
1	1996	4
1	1991	3
1	1992	2
1	1996	1
1	1992	1
1	1994	4
1	1996	2
1	1993	3
1	1991	1
1	1990	0
1	1994	2
1	1994	2
1	1993	1
1	1995	1
1	1994	1
1	1995	1
1	1989	2
0	2004	1
0	2004	1
1	2036	1
0	2003	2
0	2003	1
0	2003	1
1	2034	3
1	2032	1
0	2008	3
0	2008	1
0	2006	3
0	2008	1
1	2034	1
1	2037	3
1	2038	0
1	2035	1
1	2034	1
0	2020	3
0	2020	2
0	2020	1
0	2020	1
1	2049	2
1	2048	1
1	2049	3
1	2049	0
0	2014	1
0	2014	1
0	1966	3
0	1966	1
0	1966	2
0	1966	1
1	1996	1
1	1996	1
1	1996	0
1	1994	1
0	1921	6
0	1921	6
0	1923	4
0	1922	3
0	1921	3
0	1922	5
0	1918	5
1	1951	6
1	1949	6
1	1951	3
1	1949	3
1	1952	4
1	1952	2
1	1950	4
1	1954	3
1	1950	3
1	1952	3
1	1952	6
1	1947	9
1	1945	5
1	1949	3
1	1950	3
1	1952	7
1	1950	3
1	1954	0
1	1955	3
1	1955	1
1	1950	7
1	1950	5
1	1955	6
1	1948	2
1	1944	4
1	1947	3
0	1885	8
0	1886	2
0	1882	5
0	1887	4
0	1883	5
0	1886	4
0	1884	5
0	1885	3
0	1887	5
1	1914	2
1	1913	5
1	1914	1
1	1916	2
1	1918	2
1	1915	1
1	1916	7
1	1913	3
1	1918	3
1	1915	5
1	1910	5
1	1918	4
1	1911	3
1	1910	4
1	1917	2
1	1917	4
1	1917	3
1	1915	3
1	1917	3
1	1918	5
1	1911	0
1	1911	2
1	1919	3
1	1920	1
1	1911	6
1	1910	6
1	1917	5
1	1916	6
1	1913	7
1	1915	3
1	1918	3
1	1918	3
1	1919	4
0	1989	2
0	1989	1
0	1989	1
1	2019	1
1	2019	0
0	1963	5
0	1963	1
0	1962	3
0	1963	1
0	1962	2
0	1964	3
1	1993	2
1	1993	1
1	1991	1
1	1988	3
1	1993	1
1	1991	1
1	1992	1
1	1991	0
1	1997	1
1	1995	1
0	1880	4
0	1880	2
0	1877	3
0	1878	6
0	1878	5
1	1911	3
1	1910	2
1	1910	1
1	1911	5
1	1909	1
1	1909	5
1	1909	4
1	1910	5
1	1907	1
1	1908	4
1	1909	4
1	1915	3
1	1903	7
1	1907	1
1	1906	5
1	1908	6
0	1994	4
0	1995	3
0	1994	1
0	1994	1
0	1992	3
1	2021	1
1	2027	1
1	2024	0
1	2024	0
1	2021	0
1	2021	0
1	2023	2
1	2026	1
0	1906	5
0	1906	5
0	1903	4
0	1908	2
0	1904	4
0	1904	7
1	1937	1
1	1939	2
1	1935	1
1	1933	3
1	1938	2
1	1933	1
1	1932	5
1	1930	5
1	1933	6
1	1932	5
1	1936	3
1	1933	2
1	1933	1
1	1934	3
1	1934	4
1	1937	3
1	1937	5
1	1937	3
1	1935	8
1	1940	1
1	1934	2
1	1936	2
0	1985	2
0	1988	3
0	1984	2
1	2015	0
1	2015	4
1	2021	1
1	2019	0
1	2014	0
0	2004	3
0	2004	2
0	2004	2
0	2004	2
1	2031	3
1	2035	2
1	2034	1
1	2033	2
1	2033	3
1	2033	1
0	1946	4
0	1944	2
0	1947	2
0	1946	1
0	1944	6
1	1976	4
1	1976	4
1	1976	0
1	1974	3
1	1978	2
1	1971	4
1	1974	3
1	1974	1
1	1973	1
1	1972	3
1	1972	1
0	1891	9
0	1890	2
0	1891	2
0	1890	4
0	1887	5
0	1891	5
0	1888	6
0	1894	6
0	1893	5
0	1892	4
1	1923	4
1	1921	0
1	1921	4
1	1922	5
1	1923	5
1	1920	5
1	1923	3
1	1924	1
1	1919	6
1	1919	2
1	1922	5
1	1917	3
1	1918	5
1	1920	5
1	1921	4
1	1921	4
1	1914	3
1	1920	8
1	1924	0
1	1923	3
1	1924	4
1	1922	5
1	1921	10
1	1925	2
1	1920	4
1	1917	4
1	1915	2
1	1915	3
1	1917	1
1	1924	2
1	1918	2
1	1919	5
1	1920	5
1	1926	4
1	1926	3
1	1920	2
1	1921	3
1	1924	4
1	1927	3
0	1973	6
0	1972	2
0	1974	5
0	1971	2
0	1974	2
0	1977	4
0	1973	1
1	2004	1
1	2002	1
1	2003	4
1	2003	0
1	2002	3
1	2002	3
1	2002	0
1	2004	0
1	2000	3
1	2005	2
1	2007	1
1	2008	0
1	2004	0
1	2003	1
1	2006	2
1	2008	0
0	2004	1
0	2003	2
1	2036	1
1	2033	4
0	1933	2
0	1930	3
0	1933	1
1	1960	5
1	1964	2
1	1958	2
1	1960	1
0	1894	7
0	1894	2
0	1892	2
0	1892	2
0	1892	6
0	1897	8
0	1894	2
0	1893	4
1	1922	8
1	1926	5
1	1925	4
1	1923	3
1	1923	3
1	1922	8
1	1926	3
1	1924	9
1	1919	2
1	1923	3
1	1922	2
1	1920	2
1	1921	2
1	1926	4
1	1924	5
1	1923	4
1	1921	3
1	1920	4
1	1926	1
1	1930	2
1	1927	2
1	1928	4
1	1925	3
1	1927	0
1	1926	4
1	1922	6
0	1972	3
0	1972	1
0	1972	2
0	1974	5
1	2000	3
1	2002	0
1	2000	3
1	2006	2
1	2004	1
1	2003	2
1	2004	0
1	2001	5
0	1904	1
0	1905	7
1	1934	4
1	1937	5
1	1934	5
1	1933	1
1	1935	0
1	1936	2
1	1936	3
0	2020	1
0	2018	3
1	2049	1
1	2049	1
1	2046	1
0	1969	5
0	1966	4
0	1968	2
0	1969	4
0	1967	3
0	1966	6
1	2000	1
1	1999	1
1	2001	3
1	1998	1
1	1999	0
1	1994	1
1	1997	3
1	2000	1
1	1998	4
1	2000	1
1	2000	2
1	1999	3
1	1994	1
1	1996	0
1	1996	1
1	1996	2
1	1995	1
1	1996	0
1	1995	2
0	1942	3
0	1942	1
0	1943	2
0	1943	5
1	1973	2
1	1971	2
1	1973	1
1	1974	2
1	1975	2
1	1972	2
1	1975	4
1	1973	0
0	1946	3
0	1944	6
0	1944	2
0	1945	6
1	1976	1
1	1977	3
1	1976	0
1	1975	0
1	1971	2
1	1975	6
1	1974	5
1	1975	3
1	1975	2
1	1972	2
1	1972	6
1	1974	0
1	1973	0
1	1975	0
0	1892	5
0	1897	6
0	1890	3
0	1889	7
0	1890	3
0	1889	5
1	1921	5
1	1923	2
1	1919	3
1	1918	3
1	1924	5
1	1928	2
1	1926	2
1	1928	5
1	1925	5
1	1932	3
1	1920	5
1	1918	5
1	1918	4
1	1918	1
1	1920	3
1	1918	2
1	1922	2
1	1920	4
1	1919	2
1	1916	3
1	1922	3
1	1917	2
1	1917	6
1	1919	2
0	1899	5
0	1899	2
0	1899	1
0	1898	5
0	1898	5
0	1899	1
1	1927	9
1	1928	1
1	1932	2
1	1927	1
1	1930	3
1	1933	3
1	1926	3
1	1926	4
1	1927	3
1	1928	4
1	1929	4
1	1929	4
1	1926	3
1	1927	4
0	2020	3
0	2020	1
0	2020	1
0	2021	3
1	2051	1
1	2050	0
1	2049	2
1	2052	1
1	2051	0
0	1923	2
0	1924	4
0	1922	3
1	1956	7
1	1952	3
1	1956	1
1	1949	3
1	1951	1
1	1956	1
1	1955	1
0	2008	1
0	2007	3
1	2038	0
1	2034	1
1	2037	3
0	1999	1
0	2000	3
1	2029	0
1	2032	1
1	2031	0
0	1932	3
0	1933	3
0	1932	1
0	1931	3
1	1962	3
1	1962	0
1	1962	0
1	1967	3
1	1960	2
1	1962	3
1	1962	7
0	2018	5
0	2018	2
0	2018	1
0	2016	2
0	2018	1
0	2016	4
1	2048	0
1	2047	1
1	2049	1
1	2048	0
1	2048	0
1	2045	4
1	2046	0
1	2049	2
1	2044	1
1	2048	2
0	1956	4
0	1956	2
0	1957	3
0	1956	4
0	1958	5
1	1986	0
1	1988	1
1	1986	0
1	1985	3
1	1986	1
1	1987	2
1	1986	0
1	1988	2
1	1990	1
1	1986	1
1	1986	2
1	1986	0
1	1989	3
1	1989	4
0	1933	1
0	1933	1
1	1961	5
0	2015	2
0	2015	1
0	2015	1
1	2046	3
1	2045	2
0	1950	1
0	1950	1
1	1983	1
0	1879	9
0	1877	8
0	1881	8
0	1881	5
0	1879	4
0	1882	7
0	1878	3
0	1877	5
0	1877	6
0	1879	4
1	1912	7
1	1910	5
1	1909	0
1	1910	1
1	1911	8
1	1909	3
1	1906	3
1	1908	7
1	1912	2
1	1906	4
1	1908	3
1	1911	5
1	1908	2
1	1910	2
1	1912	10
1	1909	3
1	1910	4
1	1913	3
1	1911	2
1	1914	3
1	1911	5
1	1908	4
1	1911	4
1	1908	8
1	1906	4
1	1907	7
1	1909	4
1	1909	2
1	1907	2
1	1908	4
1	1910	4
1	1908	3
1	1909	6
1	1910	7
1	1912	4
1	1906	4
1	1911	3
1	1912	6
1	1912	3
1	1907	8
1	1911	9
1	1916	1
1	1911	3
1	1907	5
1	1908	3
1	1906	4
1	1908	8
1	1906	2
1	1907	2
1	1908	4
0	1999	2
0	1999	1
0	1999	1
1	2029	0
1	2030	1
0	1939	3
0	1939	1
0	1938	2
0	1939	4
1	1965	2
1	1971	3
1	1967	1
1	1963	3
1	1970	2
1	1969	1
1	1968	2
0	1928	7
0	1928	5
0	1930	4
0	1928	7
0	1926	2
0	1928	2
0	1928	1
0	1927	4
1	1961	2
1	1957	7
1	1960	3
1	1961	3
1	1958	7
1	1955	3
1	1957	2
1	1957	3
1	1960	5
1	1962	8
1	1960	2
1	1956	3
1	1959	6
1	1961	4
1	1958	2
1	1959	3
1	1958	2
1	1962	5
1	1961	3
1	1960	3
1	1958	0
1	1959	3
1	1955	0
1	1958	2
1	1954	2
0	1972	2
0	1972	2
0	1971	3
1	2005	3
1	2002	3
1	2000	2
1	2000	0
1	2001	0
0	1941	3
0	1941	1
0	1941	2
0	1940	4
1	1972	2
1	1971	3
1	1973	2
1	1970	3
1	1971	2
1	1970	0
1	1973	2
0	2001	3
0	2001	1
0	2001	1
0	2001	2
1	2031	0
1	2029	2
1	2030	2
1	2029	2
0	2010	3
0	2010	1
0	2010	1
0	2010	2
1	2038	2
1	2039	3
1	2044	3
1	2040	2
0	1970	2
0	1970	1
0	1970	2
1	1999	2
1	2000	0
1	2000	1
0	2001	7
0	2000	3
0	2001	1
0	2001	1
0	2001	1
0	2001	1
0	2001	1
0	2002	2
1	2031	0
1	2031	0
1	2030	1
1	2031	2
1	2031	1
1	2033	3
1	2034	1
1	2029	4
1	2030	1
1	2033	0
0	1912	4
0	1910	5
0	1912	1
0	1912	4
0	1914	2
1	1943	3
1	1942	0
1	1942	4
1	1943	2
1	1939	2
1	1944	1
1	1941	2
1	1943	2
1	1939	1
1	1938	2
1	1937	1
1	1949	4
0	1905	3
0	1905	5
0	1903	6
0	1906	5
1	1934	5
1	1934	3
1	1936	5
1	1933	2
1	1932	5
1	1933	1
1	1929	6
1	1934	2
1	1936	1
1	1937	2
1	1936	3
1	1933	2
1	1935	3
1	1933	5
1	1935	4
1	1937	2
0	1978	4
0	1978	1
0	1976	2
0	1978	2
0	1978	1
1	2008	2
1	2010	1
1	2008	2
1	2008	1
1	2006	1
1	2003	2
0	1933	2
0	1933	1
0	1933	3
1	1963	5
1	1965	4
1	1959	2
1	1964	5
0	1954	2
0	1953	6
0	1950	5
1	1982	1
1	1983	1
1	1983	3
1	1983	2
1	1982	3
1	1982	2
1	1984	2
1	1979	3
1	1980	2
1	1979	1
1	1980	2
0	1928	1
0	1928	1
0	1962	2
0	1962	1
0	1961	5
1	1991	1
1	1992	2
1	1993	1
1	1987	1
1	1993	4
1	1991	4
0	1986	2
0	1984	2
0	1982	3
1	2015	3
1	2017	1
1	2011	3
1	2012	2
1	2012	2
0	1971	2
0	1972	2
0	1971	1
1	2004	4
1	2003	2
1	2004	0
0	2019	3
0	2020	2
0	2019	1
0	2019	1
1	2049	0
1	2049	0
1	2049	0
1	2051	1
0	1935	3
0	1935	1
0	1936	5
0	1936	2
1	1966	3
1	1965	0
1	1967	1
1	1968	2
1	1962	1
1	1966	4
1	1969	3
1	1968	1
0	1920	5
0	1923	6
0	1920	3
0	1921	3
0	1922	5
0	1920	1
1	1950	0
1	1950	4
1	1951	7
1	1951	5
1	1952	2
1	1954	0
1	1947	1
1	1954	1
1	1954	3
1	1952	1
1	1953	4
1	1952	4
1	1954	2
1	1955	7
1	1953	6
1	1953	3
1	1952	6
1	1952	5
0	1947	2
0	1946	2
0	1947	1
1	1977	1
1	1982	4
1	1976	0
0	1997	1
0	1997	1
1	2025	2
0	2011	3
0	2011	1
0	2011	2
0	2012	2
1	2037	1
1	2041	1
1	2040	2
1	2039	1
1	2043	2
0	1965	5
0	1964	2
0	1963	5
0	1964	3
0	1966	2
0	1965	1
1	1992	2
1	1995	0
1	1994	1
1	1995	2
1	1995	0
1	1990	2
1	1993	2
1	1994	1
1	1993	0
1	1990	2
1	1990	1
1	1992	7
1	1997	1
0	2021	4
0	2021	1
0	2021	1
0	2021	1
0	2021	3
1	2052	1
1	2052	3
1	2050	1
1	2052	3
1	2051	0
1	2053	1
0	1894	7
0	1896	4
0	1896	7
0	1895	6
0	1893	7
0	1899	6
0	1897	9
0	1896	7
1	1926	7
1	1926	3
1	1925	1
1	1923	2
1	1926	2
1	1926	5
1	1924	4
1	1927	2
1	1927	4
1	1924	4
1	1926	4
1	1924	6
1	1926	2
1	1922	3
1	1926	7
1	1932	4
1	1931	2
1	1932	5
1	1927	1
1	1928	5
1	1926	3
1	1925	2
1	1926	4
1	1927	4
1	1926	4
1	1928	2
1	1925	3
1	1924	1
1	1928	4
1	1925	5
1	1923	7
1	1925	5
1	1922	4
1	1922	1
1	1922	3
1	1925	4
1	1932	1
1	1929	7
1	1927	4
1	1930	4
1	1927	3
1	1929	2
1	1928	4
1	1925	3
1	1927	3
1	1926	4
0	1888	4
0	1889	5
0	1887	3
0	1887	5
0	1888	4
1	1920	7
1	1917	3
1	1916	3
1	1919	5
1	1919	7
1	1917	4
1	1917	3
1	1917	4
1	1919	5
1	1918	2
1	1918	1
1	1918	3
1	1921	3
1	1918	6
1	1918	1
1	1917	2
1	1913	5
0	2007	3
0	2007	1
0	2007	1
0	2007	1
1	2034	1
1	2034	3
1	2037	0
0	1876	9
0	1873	3
0	1879	7
0	1878	8
0	1876	1
0	1878	4
0	1879	7
0	1877	2
0	1878	5
0	1876	1
1	1908	1
1	1905	3
1	1904	5
1	1905	5
1	1907	6
1	1905	3
1	1908	3
1	1907	5
1	1907	4
1	1907	3
1	1911	3
1	1910	5
1	1909	6
1	1910	5
1	1910	7
1	1907	4
1	1909	4
1	1907	4
1	1907	2
1	1908	3
1	1907	2
1	1907	5
1	1913	6
1	1910	4
1	1908	7
1	1901	2
1	1901	2
1	1911	5
1	1910	2
1	1911	3
1	1908	5
1	1910	4
1	1909	0
1	1906	8
1	1907	2
1	1908	2
1	1911	5
1	1907	6
0	1993	1
0	1993	1
1	2026	1
0	1986	3
0	1986	2
0	1986	1
0	1986	2
1	2015	2
1	2014	3
1	2017	1
1	2015	7
1	2013	3
0	1941	4
0	1939	6
0	1940	3
0	1942	2
0	1940	2
1	1972	2
1	1972	1
1	1970	3
1	1972	2
1	1973	1
1	1970	2
1	1968	4
1	1972	3
1	1970	1
1	1970	1
1	1973	2
1	1973	3
1	1968	2
0	2010	2
0	2010	5
0	2009	3
1	2040	0
1	2038	3
1	2039	1
1	2041	1
1	2037	1
1	2035	1
1	2039	2
1	2039	3
0	1928	6
0	1926	2
0	1927	3
0	1932	4
0	1925	3
0	1928	2
0	1928	1
1	1960	5
1	1956	6
1	1957	8
1	1960	1
1	1955	2
1	1960	7
1	1955	2
1	1961	6
1	1963	4
1	1954	2
1	1956	3
1	1958	5
1	1959	5
1	1952	1
1	1955	2
0	1959	3
0	1957	4
0	1958	5
0	1960	2
1	1989	0
1	1986	2
1	1989	0
1	1988	4
1	1985	2
1	1986	1
1	1986	2
1	1988	2
1	1987	1
1	1990	3
1	1989	3
0	1943	1
0	1942	2
1	1973	2
1	1972	0
0	1956	2
0	1956	5
0	1956	8
1	1986	1
1	1985	2
1	1986	0
1	1983	2
1	1986	0
1	1986	1
1	1986	0
1	1989	1
1	1982	2
1	1989	1
1	1987	4
1	1987	2
1	1985	1
0	2017	2
0	2019	5
0	2018	2
1	2047	0
1	2045	1
1	2049	1
1	2049	3
1	2051	3
1	2048	1
1	2048	2
0	1981	2
0	1979	2
0	1980	2
1	2009	3
1	2010	2
1	2006	3
1	2012	2
0	1907	6
0	1907	1
0	1908	4
0	1906	5
0	1909	2
0	1908	2
0	1904	8
1	1937	4
1	1935	3
1	1940	5
1	1937	2
1	1940	1
1	1937	1
1	1939	0
1	1941	1
1	1936	2
1	1939	3
1	1933	7
1	1932	3
1	1931	3
1	1934	5
1	1940	1
1	1935	2
1	1937	3
1	1939	1
1	1940	3
1	1931	2
1	1933	5
1	1930	2
0	2006	2
0	2006	1
0	2006	3
1	2037	5
1	2032	3
1	2036	0
1	2033	1
0	1889	5
0	1891	7
0	1892	7
0	1885	5
0	1885	7
0	1887	5
1	1920	6
1	1919	6
1	1920	6
1	1920	4
1	1919	3
1	1922	3
1	1921	1
1	1924	4
1	1923	6
1	1911	5
1	1916	3
1	1916	4
1	1915	1
1	1913	2
1	1919	7
1	1916	4
1	1921	4
1	1921	3
1	1922	2
1	1923	4
1	1920	3
1	1923	0
1	1923	0
1	1922	6
1	1912	4
1	1913	5
1	1917	5
1	1914	1
1	1912	3
1	1919	8
1	1916	1
0	1918	3
0	1918	1
0	1918	5
0	1921	7
1	1944	3
1	1946	5
1	1949	3
1	1948	6
1	1948	3
1	1947	4
1	1951	3
1	1950	2
1	1949	3
1	1948	0
1	1950	3
1	1952	4
1	1951	3
0	2011	4
0	2011	1
0	2012	2
0	2012	3
0	2011	1
1	2041	1
1	2039	4
1	2041	0
1	2043	4
1	2041	1
1	2042	0
1	2041	1
0	1954	4
0	1954	2
0	1956	4
0	1954	2
0	1956	2
1	1984	0
1	1984	0
1	1981	2
1	1985	4
1	1983	1
1	1986	0
1	1983	0
1	1985	3
1	1985	3
1	1988	3
0	1943	4
0	1942	3
0	1943	2
0	1942	6
0	1944	4
1	1968	8
1	1974	2
1	1975	2
1	1973	3
1	1976	3
1	1974	1
1	1972	4
1	1974	5
1	1973	2
1	1971	1
1	1975	1
1	1972	3
1	1971	3
1	1969	4
1	1974	0
0	1959	3
0	1958	4
0	1960	3
0	1958	3
1	1989	0
1	1989	0
1	1989	2
1	1985	1
1	1988	0
1	1990	2
1	1988	0
1	1988	2
1	1990	2
1	1987	3
0	1902	6
0	1902	2
0	1900	4
0	1899	8
0	1901	9
0	1902	11
0	1904	6
1	1930	2
1	1932	4
1	1934	2
1	1931	1
1	1933	1
1	1934	2
1	1935	2
1	1928	6
1	1927	3
1	1931	5
1	1928	3
1	1929	3
1	1929	6
1	1928	2
1	1930	3
1	1932	5
1	1931	6
1	1932	0
1	1936	2
1	1933	4
1	1934	6
1	1936	5
1	1929	2
1	1928	3
1	1929	3
1	1927	2
1	1932	1
1	1930	2
1	1930	7
1	1933	1
1	1932	4
1	1926	3
1	1930	3
1	1932	4
1	1929	2
1	1932	5
1	1932	5
1	1932	2
1	1932	0
1	1939	5
0	1925	3
0	1923	5
0	1924	4
0	1927	3
1	1955	2
1	1957	2
1	1957	2
1	1952	3
1	1952	3
1	1951	3
1	1954	4
1	1956	4
1	1952	5
1	1953	4
1	1953	3
1	1959	2
0	1888	5
0	1889	3
0	1890	4
0	1889	9
0	1888	6
0	1886	7
1	1918	3
1	1917	4
1	1918	4
1	1919	1
1	1917	4
1	1918	1
1	1918	5
1	1920	2
1	1919	2
1	1918	3
1	1918	2
1	1917	6
1	1914	5
1	1914	3
1	1916	5
1	1919	7
1	1919	0
1	1921	2
1	1922	3
1	1925	3
1	1917	2
1	1918	6
1	1919	1
1	1920	4
1	1919	4
1	1917	5
1	1916	4
1	1915	2
1	1913	8
0	1914	4
0	1915	6
0	1908	4
0	1914	3
0	1912	3
1	1943	3
1	1944	1
1	1946	7
1	1944	2
1	1945	4
1	1944	4
1	1937	2
1	1945	3
1	1941	3
1	1942	3
1	1944	3
1	1946	7
1	1936	1
1	1933	3
1	1946	4
1	1943	4
0	1997	3
0	1997	1
0	1997	1
0	1997	2
1	2031	2
1	2030	1
1	2025	2
1	2027	0
0	1986	2
0	1986	3
0	1986	1
1	2014	1
1	2016	5
1	2016	1
1	2019	3
0	1948	2
0	1947	3
0	1945	5
1	1979	5
1	1979	1
1	1975	1
1	1974	0
1	1975	2
1	1971	2
1	1977	0
1	1976	3
0	2005	3
0	2003	5
0	2006	2
0	2003	5
1	2036	2
1	2040	1
1	2030	1
1	2033	0
1	2034	3
1	2034	2
1	2033	0
1	2034	1
1	2031	2
1	2035	1
1	2036	3
1	2035	1
0	1965	3
0	1965	3
0	1963	3
0	1964	11
1	1994	2
1	1997	3
1	1994	1
1	1993	2
1	1993	3
1	1990	2
1	1994	0
1	1990	1
1	1992	3
1	1998	4
1	1991	4
1	1995	1
1	1994	0
1	1994	1
1	1993	1
1	1994	0
1	1993	3
0	1982	3
0	1982	1
0	1982	1
0	1982	1
1	2015	2
1	2010	4
1	2012	0
0	1991	2
0	1991	1
0	1991	1
1	2021	3
1	2025	2
0	1912	4
0	1914	3
0	1912	1
0	1911	5
0	1914	4
1	1942	4
1	1941	6
1	1942	3
1	1940	3
1	1944	4
1	1944	1
1	1940	4
1	1945	4
1	1944	2
1	1940	2
1	1940	3
1	1944	1
1	1943	2
0	1890	7
0	1888	4
0	1885	5
0	1888	5
0	1888	5
0	1892	2
0	1892	3
0	1892	3
1	1921	6
1	1918	3
1	1922	5
1	1920	5
1	1919	7
1	1919	4
1	1922	6
1	1919	5
1	1914	5
1	1911	3
1	1912	4
1	1917	5
1	1918	2
1	1915	6
1	1919	8
1	1924	3
1	1922	5
1	1921	2
1	1914	2
1	1917	3
1	1915	3
1	1912	3
1	1917	4
1	1918	1
1	1914	5
1	1920	3
1	1923	1
0	1941	2
0	1943	3
0	1944	2
1	1970	2
1	1969	2
1	1973	3
1	1976	4
1	1977	1
0	1934	4
0	1934	3
0	1933	2
0	1934	1
0	1933	3
1	1964	2
1	1967	3
1	1961	7
1	1965	2
1	1965	1
1	1966	3
1	1964	3
1	1962	3
1	1964	1
0	1903	6
0	1903	3
0	1905	8
0	1905	7
0	1905	4
0	1901	6
0	1902	2
1	1937	3
1	1930	4
1	1933	2
1	1933	2
1	1931	4
1	1932	2
1	1933	4
1	1933	3
1	1938	3
1	1937	3
1	1933	3
1	1936	1
1	1933	2
1	1934	3
1	1935	1
1	1931	4
1	1929	2
1	1932	6
1	1932	2
1	1936	3
1	1936	4
1	1934	3
1	1933	2
1	1933	3
1	1934	2
1	1936	2
1	1935	3
1	1929	3
1	1933	2
1	1930	6
0	1948	7
0	1947	6
0	1948	2
0	1947	4
0	1952	4
0	1948	1
0	1948	1
0	1948	4
1	1979	2
1	1978	0
1	1979	2
1	1978	1
1	1976	2
1	1978	0
1	1976	2
1	1974	1
1	1976	2
1	1978	2
1	1976	2
1	1980	1
1	1976	2
1	1980	2
1	1977	1
1	1980	2
1	1979	2
1	1978	1
1	1977	2
1	1982	1
1	1982	2
1	1978	3
0	1930	4
0	1928	2
0	1930	1
0	1930	4
0	1929	2
1	1963	3
1	1957	3
1	1958	7
1	1962	3
1	1956	7
1	1953	3
1	1960	3
1	1959	4
1	1960	1
0	1891	2
0	1892	3
0	1894	8
1	1921	1
1	1919	2
1	1922	4
1	1919	2
1	1925	0
1	1924	2
1	1924	1
1	1924	3
1	1928	3
1	1923	1
1	1924	3
0	1940	3
0	1940	1
0	1939	3
0	1938	6
1	1968	2
1	1968	1
1	1969	4
1	1968	2
1	1966	3
1	1967	7
1	1965	4
1	1966	2
1	1965	2
1	1967	3
0	1888	6
0	1889	4
0	1885	7
0	1890	6
0	1887	5
0	1887	7
0	1890	8
1	1916	2
1	1915	1
1	1916	5
1	1919	3
1	1919	8
1	1918	4
1	1913	4
1	1912	3
1	1913	3
1	1915	3
1	1921	4
1	1920	4
1	1918	5
1	1921	3
1	1920	1
1	1919	6
1	1920	5
1	1920	1
1	1914	7
1	1914	5
1	1920	2
1	1921	5
1	1922	2
1	1925	4
1	1915	2
1	1920	4
1	1918	4
1	1916	3
1	1918	3
1	1918	3
1	1916	1
1	1919	3
1	1921	1
1	1920	3
1	1920	1
1	1919	1
1	1922	2
0	1901	4
0	1902	5
0	1902	3
0	1898	7
0	1904	4
1	1931	2
1	1931	4
1	1930	5
1	1930	2
1	1932	2
1	1933	0
1	1929	1
1	1929	2
1	1926	4
1	1933	4
1	1937	3
1	1936	4
1	1934	1
1	1932	5
1	1932	3
1	1929	3
1	1928	3
1	1925	3
1	1927	3
0	1955	3
0	1957	4
0	1954	2
0	1957	2
1	1986	2
1	1985	2
1	1984	2
1	1985	3
1	1988	1
1	1987	1
1	1982	0
1	1989	1
0	1971	1
0	1971	1
1	2002	1
0	1884	6
0	1884	4
0	1885	3
0	1886	6
0	1884	7
0	1882	5
0	1884	1
1	1911	4
1	1913	5
1	1912	1
1	1914	7
1	1914	0
1	1913	6
1	1917	2
1	1919	4
1	1914	3
1	1919	3
1	1916	4
1	1915	1
1	1915	3
1	1915	9
1	1913	4
1	1912	2
1	1915	4
1	1914	1
1	1915	1
1	1915	3
1	1912	3
1	1912	3
1	1915	4
1	1916	2
1	1911	3
1	1913	2
0	1978	2
0	1978	1
0	1978	1
1	2007	4
1	2006	1
0	1950	4
0	1950	2
0	1950	1
0	1951	5
0	1949	5
1	1976	1
1	1980	1
1	1978	1
1	1980	2
1	1981	3
1	1981	0
1	1981	1
1	1978	1
1	1977	2
1	1979	1
1	1981	0
1	1982	3
1	1979	0
0	1900	2
0	1899	4
0	1899	3
1	1925	3
1	1929	1
1	1930	1
1	1929	0
1	1928	3
1	1930	6
1	1930	2
0	1969	4
0	1970	3
0	1968	2
0	1967	3
0	1969	1
1	1999	0
1	1997	2
1	2000	1
1	1997	3
1	1999	2
1	1999	2
1	1998	0
1	1996	0
1	1994	2
0	1936	5
0	1939	3
0	1936	1
0	1936	1
0	1937	4
0	1936	2
1	1966	4
1	1966	4
1	1962	1
1	1969	2
1	1968	2
1	1970	1
1	1970	2
1	1968	2
1	1969	2
1	1969	4
1	1969	2
0	1925	1
0	1922	7
1	1957	6
1	1952	3
1	1951	5
1	1949	4
1	1952	5
1	1951	0
1	1951	8
0	1925	2
0	1926	2
0	1926	3
1	1956	3
1	1954	3
1	1957	2
1	1955	3
1	1956	1
0	1914	1
0	1917	7
1	1943	2
1	1944	2
1	1947	3
1	1948	2
1	1945	4
1	1947	2
1	1943	3
0	2009	2
0	2008	2
0	2009	1
1	2040	1
1	2040	2
1	2039	4
0	1987	1
0	1987	1
1	2015	1
0	1892	5
0	1893	9
0	1895	6
0	1891	7
0	1892	1
0	1893	4
1	1924	6
1	1926	3
1	1925	4
1	1923	3
1	1921	3
1	1923	2
1	1923	4
1	1923	3
1	1925	3
1	1926	1
1	1927	3
1	1921	0
1	1922	6
1	1922	2
1	1921	3
1	1924	4
1	1923	2
1	1922	9
1	1922	5
1	1922	3
1	1925	2
1	1926	2
1	1926	3
1	1927	5
1	1922	2
1	1920	3
1	1925	1
0	1901	2
0	1901	8
0	1899	7
1	1931	0
1	1931	3
1	1931	3
1	1931	6
1	1930	5
1	1929	3
1	1929	5
1	1929	5
1	1929	1
1	1931	2
1	1932	1
1	1933	1
1	1931	0
1	1932	2
1	1929	2
0	1878	8
0	1877	8
0	1877	6
0	1875	6
0	1876	6
0	1880	5
0	1878	11
0	1877	7
0	1878	4
1	1908	2
1	1905	3
1	1910	4
1	1909	3
1	1907	1
1	1909	3
1	1908	2
1	1912	5
1	1905	3
1	1905	5
1	1907	2
1	1903	5
1	1905	7
1	1905	3
1	1904	4
1	1906	4
1	1905	7
1	1904	3
1	1907	1
1	1910	2
1	1907	4
1	1909	5
1	1907	3
1	1906	5
1	1911	5
1	1906	6
1	1905	4
1	1908	3
1	1908	5
1	1907	2
1	1908	3
1	1911	6
1	1906	4
1	1909	2
1	1904	5
1	1905	3
1	1904	3
1	1905	6
1	1906	3
1	1910	1
1	1909	2
1	1909	3
1	1907	6
1	1910	3
1	1909	5
1	1908	4
1	1904	5
1	1908	2
1	1905	1
1	1908	6
1	1908	3
1	1908	8
1	1907	3
0	1980	1
0	1981	3
1	2011	1
1	2007	3
1	2010	2
0	1909	3
0	1908	2
0	1910	6
0	1908	4
1	1940	5
1	1939	1
1	1940	3
1	1938	1
1	1939	5
1	1940	3
1	1938	1
1	1940	1
1	1937	5
1	1936	3
1	1937	4
1	1937	2
0	1930	1
0	1927	4
1	1960	1
1	1956	2
1	1954	5
1	1954	4
0	1993	1
0	1994	2
1	2023	0
1	2023	3
0	1939	2
0	1939	1
0	1939	1
1	1970	5
1	1968	2
0	2008	1
0	2008	1
1	2041	1
0	1995	1
0	1995	1
1	2022	3
0	1973	4
0	1974	2
0	1972	2
0	1972	3
0	1974	2
1	2003	3
1	2003	0
1	2002	1
1	2007	1
1	2005	2
1	2006	5
1	2000	1
1	2005	3
1	2002	4
0	1955	2
0	1956	2
0	1955	1
1	1985	0
1	1985	1
1	1985	3
0	1932	1
0	1934	4
1	1960	6
1	1962	2
1	1964	5
1	1963	3
0	1901	8
0	1900	3
0	1902	4
0	1903	11
0	1901	1
0	1901	1
0	1900	5
0	1902	2
0	1906	5
1	1935	3
1	1931	3
1	1931	1
1	1934	1
1	1931	2
1	1936	1
1	1930	1
1	1931	3
1	1934	2
1	1929	4
1	1933	2
1	1934	3
1	1937	5
1	1929	2
1	1933	4
1	1929	1
1	1932	3
1	1930	3
1	1930	5
1	1934	4
1	1934	4
1	1935	3
1	1932	5
1	1932	1
1	1936	1
1	1933	4
1	1934	2
1	1932	5
1	1937	1
1	1939	3
1	1936	1
1	1939	2
0	1991	2
0	1990	3
0	1991	1
1	2021	0
1	2019	1
1	2015	2
1	2019	2
0	1961	4
0	1962	3
0	1960	3
0	1960	3
0	1961	1
1	1990	1
1	1991	0
1	1993	1
1	1992	1
1	1994	1
1	1987	2
1	1993	1
1	1989	2
1	1990	1
1	1988	1
0	2013	2
0	2016	3
0	2013	1
1	2043	1
1	2041	3
1	2047	0
1	2049	1
0	1904	1
0	1903	4
1	1934	0
1	1934	2
1	1932	4
1	1933	1
0	1933	5
0	1935	7
0	1933	1
0	1930	4
0	1933	2
0	1933	1
1	1965	1
1	1965	5
1	1964	5
1	1963	3
1	1964	2
1	1965	1
1	1966	4
1	1966	4
1	1963	0
1	1963	4
1	1963	3
1	1965	2
1	1960	3
1	1961	1
1	1956	3
0	1939	1
0	1938	2
1	1967	3
1	1966	3
0	2009	2
0	2008	5
0	2009	1
1	2041	3
1	2040	1
1	2038	0
1	2038	0
1	2039	3
1	2038	0
0	1903	3
0	1904	5
0	1903	1
0	1904	3
1	1933	3
1	1930	3
1	1933	0
1	1934	0
1	1934	3
1	1933	1
1	1936	1
1	1937	3
1	1933	1
0	1989	1
0	1989	1
1	2019	2
0	1991	2
0	1991	2
0	1991	1
1	2024	2
1	2020	2
1	2021	0
0	1989	3
0	1989	1
0	1992	4
0	1989	1
1	2020	3
1	2019	2
1	2020	3
1	2019	3
1	2023	1
1	2024	1
0	1902	6
0	1904	2
0	1902	5
0	1904	6
0	1905	7
0	1900	4
0	1902	1
1	1932	2
1	1932	2
1	1934	3
1	1935	2
1	1932	0
1	1932	0
1	1938	4
1	1933	2
1	1934	1
1	1935	1
1	1934	2
1	1931	4
1	1932	0
1	1929	4
1	1935	0
1	1936	2
1	1935	0
1	1935	1
1	1933	2
1	1932	2
1	1937	2
1	1939	2
1	1934	1
1	1930	5
1	1932	1
0	1918	4
0	1918	1
0	1918	4
0	1920	5
0	1921	6
1	1947	3
1	1948	0
1	1951	4
1	1946	9
1	1950	7
1	1950	1
1	1953	6
1	1952	1
1	1957	2
1	1955	3
1	1950	2
1	1946	6
1	1951	1
1	1953	4
1	1954	2
1	1951	1
0	1926	2
0	1924	2
0	1925	3
1	1953	5
1	1956	5
1	1954	4
1	1956	4
1	1954	0
0	1882	6
0	1881	4
0	1884	5
0	1881	4
0	1883	3
0	1881	5
0	1883	9
1	1910	9
1	1912	6
1	1913	6
1	1912	3
1	1913	7
1	1912	2
1	1909	6
1	1916	3
1	1916	4
1	1910	1
1	1916	3
1	1911	5
1	1910	4
1	1911	1
1	1911	6
1	1915	5
1	1913	2
1	1913	3
1	1910	6
1	1910	1
1	1915	1
1	1913	4
1	1911	8
1	1908	4
1	1911	3
1	1909	5
1	1914	4
1	1910	4
1	1912	2
1	1914	4
0	2014	5
0	2014	2
0	2014	1
0	2015	3
0	2014	2
0	2014	1
1	2045	2
1	2042	3
1	2046	1
1	2047	1
1	2042	2
1	2043	2
1	2045	0
1	2047	1
1	2044	1
0	1924	3
0	1925	7
0	1924	2
0	1923	7
1	1954	4
1	1954	3
1	1953	4
1	1958	4
1	1959	3
1	1953	3
1	1955	2
1	1950	4
1	1954	3
1	1952	4
1	1956	7
1	1956	5
1	1954	5
1	1952	3
1	1954	3
1	1954	1
0	1934	5
0	1934	1
0	1934	2
0	1935	4
0	1931	3
0	1936	2
1	1966	2
1	1964	1
1	1964	4
1	1964	3
1	1961	4
1	1964	5
1	1965	5
1	1965	2
1	1963	2
1	1962	3
1	1960	5
1	1965	3
0	2008	1
0	2008	1
1	2037	1
0	1969	1
0	1969	1
1	2000	4
0	1947	5
0	1945	2
0	1947	1
0	1946	3
0	1946	12
0	1945	2
1	1977	2
1	1978	4
1	1977	0
1	1979	2
1	1977	0
1	1976	0
1	1977	2
1	1975	2
1	1974	3
1	1976	0
1	1977	2
1	1976	2
1	1975	1
1	1976	0
1	1973	0
1	1978	1
1	1976	0
1	1975	1
1	1974	2
1	1974	2
0	2015	3
0	2015	1
0	2012	3
0	2015	1
1	2048	3
1	2047	3
1	2046	4
1	2043	1
1	2041	0
0	1931	2
0	1931	1
0	1931	1
1	1958	3
1	1961	0
0	1909	3
0	1912	3
0	1910	4
0	1909	1
1	1940	3
1	1939	0
1	1940	5
1	1937	3
1	1947	5
1	1945	5
1	1942	1
1	1942	1
0	2006	3
0	2005	3
0	2006	3
0	2006	2
1	2036	0
1	2037	3
1	2036	2
1	2036	1
1	2033	2
1	2036	2
1	2035	1
1	2040	3
0	1983	4
0	1983	1
0	1984	2
0	1984	4
0	1983	1
1	2013	0
1	2015	3
1	2012	3
1	2012	5
1	2011	1
1	2013	5
1	2014	0
1	2016	1
0	1985	1
0	1985	1
0	1972	3
0	1972	1
0	1970	3
0	1973	6
1	2004	1
1	2002	1
1	1999	1
1	2002	3
1	2004	1
1	2002	1
1	2002	8
1	1999	0
1	2003	1
1	2004	4
0	2020	2
0	2019	2
0	2021	2
1	2048	3
1	2050	1
1	2048	0
1	2054	3
0	1955	4
0	1956	2
0	1953	7
0	1952	2
0	1954	2
1	1987	2
1	1985	0
1	1984	2
1	1985	1
1	1988	2
1	1985	5
1	1984	1
1	1984	3
1	1982	3
1	1985	2
1	1983	0
1	1983	2
1	1980	5
0	2003	2
0	2003	1
0	2005	5
1	2033	0
1	2033	0
1	2035	1
1	2035	1
1	2034	1
1	2036	1
0	1986	2
0	1986	3
0	1986	2
1	2016	0
1	2016	2
1	2017	3
1	2014	3
1	2013	6
0	2012	1
0	2012	1
0	1879	2
0	1880	2
0	1879	5
1	1906	3
1	1906	6
1	1906	8
1	1911	3
1	1910	5
1	1910	4
1	1911	6
0	1990	1
0	1990	1
1	2021	2
0	1880	1
0	1878	4
1	1913	3
1	1906	8
1	1906	4
1	1907	6
0	1926	3
0	1930	6
0	1928	3
0	1926	4
1	1956	4
1	1955	7
1	1953	2
1	1960	3
1	1958	2
1	1956	2
1	1955	6
1	1957	3
1	1962	7
1	1964	5
1	1962	3
1	1959	4
1	1961	1
0	1886	7
0	1888	5
0	1889	8
0	1887	8
0	1887	7
0	1887	6
0	1886	3
0	1888	7
1	1917	4
1	1914	5
1	1919	3
1	1914	3
1	1918	3
1	1915	3
1	1918	4
1	1919	6
1	1920	3
1	1924	5
1	1917	3
1	1915	3
1	1918	2
1	1917	0
1	1917	6
1	1919	3
1	1918	2
1	1917	2
1	1915	3
1	1919	3
1	1917	1
1	1915	5
1	1918	0
1	1918	3
1	1915	4
1	1917	4
1	1919	7
1	1917	4
1	1919	2
1	1917	4
1	1919	2
1	1917	5
1	1915	3
1	1916	4
1	1915	3
1	1919	1
1	1916	4
1	1915	1
1	1916	7
1	1912	2
1	1919	5
1	1919	1
1	1918	4
1	1922	5
0	1986	3
0	1986	1
0	1984	4
0	1986	1
1	2014	3
1	2016	0
1	2018	1
1	2013	2
1	2014	0
1	2015	3
0	1886	7
0	1885	6
0	1886	3
0	1884	8
0	1886	3
0	1885	9
0	1882	5
0	1886	3
1	1915	5
1	1916	3
1	1916	4
1	1917	3
1	1916	7
1	1915	3
1	1921	4
1	1913	4
1	1913	5
1	1911	3
1	1916	2
1	1915	6
1	1915	1
1	1914	2
1	1912	6
1	1914	8
1	1914	3
1	1915	1
1	1912	1
1	1912	2
1	1914	3
1	1913	2
1	1915	4
1	1912	2
1	1913	5
1	1915	4
1	1913	7
1	1913	2
1	1916	1
1	1915	2
1	1918	5
1	1916	3
1	1915	3
1	1914	1
1	1910	6
1	1916	4
1	1916	6
0	2014	3
0	2014	1
0	2014	1
0	2014	1
1	2044	0
1	2044	3
1	2044	1
0	1896	4
0	1896	9
0	1896	3
0	1894	3
0	1897	5
1	1926	2
1	1926	5
1	1924	4
1	1925	2
1	1925	3
1	1926	4
1	1928	2
1	1923	4
1	1928	2
1	1926	3
1	1926	3
1	1928	2
1	1923	7
1	1926	2
1	1927	1
1	1926	1
1	1928	6
1	1927	2
1	1929	1
1	1926	2
0	1970	4
0	1970	1
0	1969	3
0	1970	1
0	1972	2
1	1999	1
1	2000	1
1	2000	2
1	2001	2
1	1999	0
1	1999	4
1	2004	3
0	2005	4
0	2005	1
0	2005	1
0	2004	3
0	2005	1
1	2033	2
1	2035	3
1	2034	1
1	2035	0
1	2035	4
1	2034	1
0	1954	2
0	1954	2
0	1954	6
1	1987	2
1	1984	1
1	1986	3
1	1986	2
1	1984	4
1	1984	0
1	1984	3
1	1985	3
0	1883	6
0	1884	8
0	1885	3
0	1886	5
0	1882	4
0	1881	6
0	1883	7
1	1914	5
1	1915	5
1	1913	3
1	1914	5
1	1913	6
1	1913	3
1	1915	6
1	1916	2
1	1916	5
1	1915	1
1	1909	3
1	1908	5
1	1912	4
1	1912	3
1	1914	5
1	1910	2
1	1912	7
1	1914	4
1	1912	4
1	1914	2
1	1911	1
1	1912	6
1	1915	3
1	1914	3
1	1915	2
1	1917	2
1	1909	5
1	1912	3
1	1910	6
1	1910	2
1	1912	5
1	1911	5
1	1912	6
0	1909	6
0	1907	7
0	1906	4
0	1909	4
0	1908	3
0	1908	3
0	1909	1
1	1938	2
1	1940	2
1	1941	2
1	1939	1
1	1939	2
1	1939	4
1	1937	4
1	1933	4
1	1932	4
1	1939	4
1	1937	4
1	1937	1
1	1938	2
1	1935	4
1	1937	3
1	1937	3
1	1931	5
1	1940	3
1	1941	4
1	1941	1
1	1940	4
1	1937	2
0	2009	3
0	2010	2
0	2009	1
0	2009	1
1	2037	2
1	2040	1
1	2041	4
1	2043	1
0	1946	2
0	1945	3
0	1945	5
1	1973	5
1	1977	4
1	1976	3
1	1976	3
1	1978	2
1	1977	2
1	1974	2
1	1973	1
0	1926	1
0	1925	3
1	1954	2
1	1953	1
1	1955	2
0	1971	1
0	1973	3
1	2002	3
1	2004	0
1	2005	3
0	1942	2
0	1941	4
0	1941	2
1	1970	2
1	1972	0
1	1971	0
1	1971	1
1	1969	3
1	1971	4
0	1897	6
0	1896	13
0	1896	2
0	1899	5
0	1897	6
0	1892	6
0	1898	3
1	1925	4
1	1926	3
1	1928	3
1	1926	4
1	1926	4
1	1924	5
1	1926	4
1	1926	3
1	1929	4
1	1926	0
1	1926	6
1	1926	7
1	1924	4
1	1932	5
1	1930	5
1	1927	4
1	1929	3
1	1927	3
1	1920	5
1	1918	1
1	1920	5
1	1929	2
1	1927	5
1	1923	4
1	1926	3
1	1929	3
1	1925	2
1	1923	7
1	1926	4
1	1928	3
1	1929	4
1	1927	5
1	1929	3
1	1922	3
1	1922	5
0	1928	8
0	1929	2
0	1928	1
0	1929	3
0	1926	3
0	1926	4
0	1929	3
0	1929	4
0	1931	3
1	1957	2
1	1957	5
1	1958	4
1	1958	5
1	1958	2
1	1956	2
1	1957	5
1	1956	1
1	1959	2
1	1961	6
1	1958	2
1	1955	3
1	1955	3
1	1954	3
1	1956	3
1	1956	2
1	1959	3
1	1956	3
1	1965	2
1	1953	2
1	1954	3
1	1958	6
1	1964	5
0	1953	4
0	1953	4
0	1956	3
0	1956	3
0	1954	5
1	1983	0
1	1983	2
1	1985	2
1	1982	3
1	1982	2
1	1982	2
1	1987	0
1	1989	1
1	1984	3
1	1983	3
1	1984	1
1	1984	3
1	1982	1
1	1987	0
1	1988	0
0	1907	2
0	1910	3
0	1906	5
1	1939	4
1	1936	2
1	1941	2
1	1943	4
1	1938	2
1	1935	2
1	1935	2
1	1936	0
0	1932	1
0	1933	3
1	1964	5
1	1965	2
1	1964	5
0	1994	1
0	1994	1
1	2024	2
0	1890	7
0	1890	6
0	1894	10
0	1892	5
0	1890	7
0	1891	2
0	1892	4
0	1891	4
1	1924	4
1	1920	4
1	1919	2
1	1920	6
1	1921	9
1	1922	8
1	1919	3
1	1920	0
1	1921	4
1	1918	4
1	1926	5
1	1925	3
1	1925	2
1	1927	4
1	1926	2
1	1926	3
1	1924	8
1	1920	4
1	1922	1
1	1924	4
1	1920	0
1	1922	4
1	1920	6
1	1922	5
1	1923	3
1	1921	7
1	1920	3
1	1923	1
1	1925	2
1	1922	3
1	1917	4
1	1920	6
1	1920	3
1	1923	3
1	1920	5
1	1922	4
1	1925	6
1	1922	4
0	1954	2
0	1954	3
0	1953	5
1	1986	2
1	1984	0
1	1985	1
1	1984	2
1	1982	1
1	1986	1
1	1983	3
1	1986	3
0	1926	2
0	1926	3
0	1927	4
1	1956	7
1	1957	3
1	1955	3
1	1955	7
1	1958	1
1	1957	3
1	1959	7
0	1927	6
0	1928	4
0	1928	5
0	1926	2
0	1926	5
0	1928	4
0	1927	3
1	1957	2
1	1957	4
1	1956	4
1	1955	5
1	1957	2
1	1955	5
1	1960	5
1	1959	1
1	1956	4
1	1957	2
1	1957	2
1	1958	1
1	1956	4
1	1957	4
1	1954	3
1	1957	1
1	1959	6
1	1959	6
1	1959	1
1	1960	4
1	1958	2
1	1959	5
1	1958	3
0	1901	5
0	1901	2
0	1902	5
0	1899	5
0	1900	4
0	1903	3
1	1928	1
1	1931	3
1	1932	4
1	1931	1
1	1929	5
1	1930	3
1	1931	4
1	1933	3
1	1931	4
1	1930	6
1	1928	0
1	1930	3
1	1930	5
1	1933	1
1	1928	3
1	1931	2
1	1931	4
1	1933	3
1	1934	1
0	1969	4
0	1969	1
0	1969	1
0	1969	1
0	1972	5
1	1998	1
1	2001	1
1	2000	3
1	1999	4
1	2002	3
1	2003	0
1	2000	2
1	2005	3
0	1975	1
0	1975	1
0	1907	7
0	1906	2
0	1906	4
0	1909	5
0	1908	4
0	1909	4
0	1909	4
0	1907	1
1	1936	3
1	1937	1
1	1936	6
1	1937	3
1	1937	0
1	1936	3
1	1937	1
1	1935	4
1	1938	2
1	1941	1
1	1940	4
1	1940	0
1	1940	4
1	1935	0
1	1939	3
1	1935	2
1	1939	0
1	1942	2
1	1935	3
1	1937	1
1	1940	3
1	1940	4
1	1940	0
1	1942	1
0	1949	5
0	1949	1
0	1946	7
0	1950	2
0	1952	2
0	1952	5
1	1979	0
1	1979	0
1	1977	2
1	1980	1
1	1979	0
1	1973	2
1	1976	6
1	1982	2
1	1983	1
1	1983	0
1	1983	3
1	1980	1
1	1976	1
1	1976	4
1	1976	1
1	1987	1
1	1983	0
0	1948	1
0	1949	3
1	1979	1
1	1981	1
1	1978	1
0	1975	2
0	1975	1
0	1975	1
1	2005	1
1	2005	1
0	1917	2
0	1917	8
0	1918	3
1	1946	5
1	1946	3
1	1943	5
1	1943	2
1	1944	6
1	1948	1
1	1947	9
1	1946	7
1	1946	5
1	1947	5
1	1949	3
0	2005	2
0	2004	2
0	2004	2
1	2035	0
1	2035	0
1	2034	2
1	2029	3
0	1953	1
0	1953	1
1	1983	1
0	2004	5
0	2004	1
0	2004	1
0	2005	2
0	2004	1
0	2004	1
1	2031	3
1	2034	1
1	2036	3
1	2031	1
1	2036	2
1	2034	1
0	2016	1
0	2016	1
1	2047	1
0	1923	4
0	1923	1
0	1924	2
0	1924	2
0	1924	5
1	1954	2
1	1952	8
1	1954	2
1	1951	2
1	1951	3
1	1951	4
1	1956	1
1	1953	2
1	1955	3
1	1953	3
0	1972	5
0	1974	4
0	1972	2
0	1972	1
0	1972	1
0	1972	1
1	2002	1
1	2002	0
1	2003	3
1	2002	0
1	2001	2
1	2003	1
1	2004	3
1	2008	3
1	2003	2
0	1950	3
0	1950	2
0	1950	1
0	1949	7
1	1980	1
1	1980	0
1	1980	2
1	1979	0
1	1975	5
1	1978	2
1	1979	3
1	1979	0
1	1981	1
1	1979	1
0	1962	1
0	1958	4
1	1992	1
1	1986	1
1	1985	1
1	1986	0
0	1987	1
0	1988	2
1	2019	1
1	2021	1
0	1922	5
0	1925	3
0	1922	3
0	1923	4
0	1923	4
0	1919	4
1	1951	2
1	1953	1
1	1954	4
1	1951	6
1	1950	5
1	1956	2
1	1959	4
1	1951	3
1	1954	3
1	1953	1
1	1954	1
1	1953	2
1	1950	1
1	1954	1
1	1955	2
1	1948	2
1	1950	2
1	1950	3
0	1885	3
0	1886	4
0	1887	5
0	1885	1
1	1916	4
1	1915	1
1	1913	2
1	1915	3
1	1914	4
1	1918	2
1	1918	6
1	1917	6
1	1917	5
1	1919	5
0	1998	1
0	1999	2
1	2025	2
1	2027	3
0	1993	2
0	1993	2
0	1994	4
1	2025	1
1	2023	0
1	2023	0
1	2026	3
1	2024	4
1	2024	6
0	2002	2
0	2003	3
0	2002	4
1	2032	0
1	2032	3
1	2034	0
1	2032	2
1	2034	0
1	2034	1
1	2031	6
0	1922	3
0	1923	3
0	1921	6
0	1921	5
1	1951	5
1	1955	1
1	1950	8
1	1955	2
1	1951	0
1	1951	3
1	1954	2
1	1955	4
1	1953	2
1	1953	1
1	1952	1
1	1949	3
1	1953	3
1	1951	4
0	1976	2
0	1973	2
0	1976	2
1	2004	2
1	2004	3
1	2003	3
1	2004	3
0	1953	4
0	1953	1
0	1953	1
0	1954	3
0	1953	1
1	1985	1
1	1983	0
1	1984	1
1	1983	2
1	1984	0
1	1984	2
0	1899	5
0	1899	6
0	1903	5
0	1898	2
0	1898	4
0	1898	5
1	1928	3
1	1930	2
1	1931	2
1	1926	1
1	1929	5
1	1929	4
1	1929	0
1	1929	1
1	1927	0
1	1927	2
1	1929	3
1	1931	4
1	1928	3
1	1928	2
1	1934	3
1	1937	1
1	1935	3
1	1937	3
1	1925	4
1	1930	1
1	1929	3
1	1924	1
0	1936	2
0	1936	1
0	1936	1
1	1968	1
1	1965	6
0	1983	2
0	1984	3
0	1983	1
1	2013	1
1	2011	3
1	2015	0
1	2016	3
0	1930	5
0	1930	1
0	1931	3
0	1930	1
0	1931	7
0	1931	5
1	1962	1
1	1962	3
1	1960	1
1	1959	3
1	1960	3
1	1963	2
1	1960	2
1	1961	3
1	1962	2
1	1961	1
1	1963	3
1	1961	3
1	1960	1
1	1958	4
1	1961	3
1	1960	4
1	1963	7
0	1940	2
0	1940	1
0	1941	8
1	1969	3
1	1970	0
1	1969	1
1	1971	2
1	1969	4
1	1971	3
1	1975	1
1	1969	1
1	1972	3
0	1911	1
0	1911	1
1	1943	2
0	1990	2
0	1987	3
0	1990	1
1	2021	1
1	2020	2
1	2018	1
1	2014	1
0	1933	5
0	1933	1
0	1929	4
0	1931	2
0	1934	3
0	1932	4
1	1961	3
1	1962	3
1	1964	2
1	1964	3
1	1965	5
1	1959	4
1	1957	2
1	1961	2
1	1964	3
1	1962	3
1	1959	1
1	1955	1
1	1962	4
1	1964	2
0	1944	5
0	1944	2
0	1942	4
0	1944	3
0	1946	6
0	1942	2
1	1974	0
1	1970	3
1	1975	1
1	1973	1
1	1975	3
1	1970	1
1	1969	6
1	1978	3
1	1975	3
1	1970	0
1	1972	1
1	1970	1
1	1972	1
1	1973	2
1	1977	1
1	1976	1
1	1978	3
0	1897	2
0	1896	4
0	1897	3
1	1925	3
1	1928	5
1	1925	2
1	1927	5
1	1926	4
1	1923	8
1	1930	2
0	1970	1
0	1970	2
1	1999	1
1	2000	0
0	2017	3
0	2018	4
0	2016	3
0	2018	2
1	2049	3
1	2047	1
1	2046	1
1	2048	2
1	2048	0
1	2048	0
1	2051	1
1	2046	0
1	2046	0
0	1915	3
0	1915	2
0	1916	3
0	1917	3
1	1944	4
1	1945	0
1	1944	4
1	1947	3
1	1944	1
1	1950	1
1	1944	5
1	1948	2
0	1969	1
0	1969	1
0	2019	1
0	2018	2
1	2049	0
1	2047	2
0	1989	3
0	1989	1
0	1989	1
0	1989	1
1	2019	2
1	2017	2
1	2021	1
0	2013	2
0	2013	1
0	2013	1
1	2045	1
1	2040	2
0	2012	3
0	2010	2
0	2014	2
0	2012	1
1	2042	0
1	2042	1
1	2042	0
1	2039	0
1	2046	0
0	1880	4
0	1877	7
0	1883	10
0	1878	5
0	1884	4
1	1908	3
1	1912	7
1	1912	4
1	1910	3
1	1909	2
1	1908	4
1	1904	3
1	1906	1
1	1906	2
1	1913	1
1	1909	5
1	1909	3
1	1916	3
1	1918	3
1	1907	3
1	1912	6
1	1911	3
1	1911	2
1	1914	1
1	1912	1
1	1912	4
1	1912	1
1	1911	6
1	1910	5
1	1907	2
1	1916	7
0	1931	2
0	1932	8
0	1931	1
1	1962	3
1	1962	2
1	1963	2
1	1961	3
1	1964	1
1	1962	0
1	1963	3
1	1963	2
1	1964	3
0	1975	1
0	1971	4
1	2004	2
1	1999	2
1	1999	3
1	2000	1
0	1948	1
0	1946	6
1	1982	1
1	1976	4
1	1977	3
1	1975	2
1	1975	3
1	1975	2
0	1906	5
0	1902	7
0	1910	7
0	1904	5
0	1904	5
0	1906	1
1	1936	4
1	1938	3
1	1936	5
1	1933	3
1	1938	3
1	1932	2
1	1932	1
1	1938	4
1	1939	3
1	1943	2
1	1933	3
1	1934	0
1	1929	5
1	1931	5
1	1932	3
1	1933	2
1	1940	6
1	1940	5
1	1942	6
1	1934	0
1	1934	2
1	1932	4
1	1932	2
1	1931	2
1	1932	2
0	1959	2
0	1959	1
0	1961	2
1	1989	2
1	1991	1
1	1992	1
0	1925	5
0	1923	4
0	1926	2
0	1928	2
0	1926	2
0	1925	3
1	1955	5
1	1954	2
1	1955	0
1	1954	6
1	1957	2
1	1953	3
1	1956	3
1	1956	2
1	1953	4
1	1957	6
1	1956	3
1	1953	3
1	1955	2
0	1893	4
0	1894	5
0	1894	9
0	1897	7
0	1893	5
1	1922	2
1	1923	3
1	1921	4
1	1921	3
1	1924	7
1	1924	10
1	1926	1
1	1923	4
1	1925	2
1	1924	1
1	1924	1
1	1922	4
1	1923	6
1	1928	1
1	1925	1
1	1932	2
1	1923	3
1	1922	6
1	1924	2
1	1923	4
1	1926	2
1	1922	4
1	1930	1
1	1928	0
1	1929	4
1	1924	2
0	1985	3
0	1985	2
0	1985	1
0	1985	1
1	2016	1
1	2015	0
1	2015	2
1	2015	0
0	1990	1
0	1990	1
1	2019	2
0	1972	1
0	1971	4
1	2001	2
1	2000	1
1	2002	5
1	2001	0
0	1966	2
0	1963	7
0	1965	5
1	1996	1
1	1995	2
1	1994	1
1	1993	0
1	1993	1
1	1998	2
1	1999	1
1	1995	2
1	1994	3
1	1991	1
1	1993	2
1	1996	3
0	1992	3
0	1993	3
0	1992	2
0	1992	1
1	2025	4
1	2019	3
1	2023	4
1	2025	1
1	2023	1
1	2025	2
0	1949	5
0	1951	7
0	1945	5
0	1950	3
0	1948	2
0	1950	4
1	1979	3
1	1983	1
1	1979	2
1	1978	1
1	1982	1
1	1981	0
1	1981	1
1	1974	2
1	1974	2
1	1975	2
1	1979	1
1	1978	4
1	1981	0
1	1981	3
1	1981	2
1	1982	2
1	1974	0
1	1981	0
1	1982	2
1	1976	0
1	1980	1
0	1894	7
0	1896	4
0	1895	3
0	1895	4
0	1896	5
0	1891	7
0	1892	6
0	1895	7
1	1924	5
1	1921	5
1	1921	6
1	1927	6
1	1924	6
1	1925	6
1	1922	4
1	1926	5
1	1927	3
1	1924	2
1	1926	2
1	1925	4
1	1926	2
1	1929	4
1	1920	0
1	1920	7
1	1921	6
1	1922	3
1	1922	2
1	1926	6
1	1924	4
1	1928	2
1	1926	6
1	1923	9
1	1930	3
1	1928	3
1	1922	1
1	1920	4
1	1922	4
1	1920	4
1	1918	4
1	1921	5
1	1922	1
1	1926	2
1	1925	5
1	1925	7
0	1970	5
0	1972	4
0	1970	1
0	1970	4
0	1971	3
0	1970	1
1	1998	3
1	1997	2
1	1999	3
1	2000	0
1	2000	2
1	2000	3
1	2000	2
1	2004	3
1	2002	3
1	1999	1
1	1999	3
1	1998	3
1	2003	2
0	1937	5
0	1934	2
0	1936	3
0	1937	2
0	1937	1
0	1934	3
1	1966	2
1	1964	2
1	1967	1
1	1966	3
1	1965	4
1	1965	2
1	1966	4
1	1967	3
1	1965	1
1	1967	3
1	1964	2
0	1994	2
0	1994	1
0	1994	1
1	2024	1
1	2025	5
0	1950	2
0	1951	3
0	1950	2
1	1980	1
1	1980	2
1	1983	1
1	1980	3
1	1982	2
0	1940	4
0	1940	4
0	1940	4
0	1942	3
0	1939	2
1	1970	2
1	1967	1
1	1969	2
1	1970	4
1	1971	2
1	1971	4
1	1970	1
1	1974	1
1	1971	6
1	1968	1
1	1969	4
1	1972	3
1	1972	1
0	2010	1
0	2010	3
1	2037	1
1	2043	2
1	2040	1
0	1974	2
0	1974	3
0	1972	2
1	2003	1
1	2004	1
1	2006	3
1	2003	3
1	2004	3
0	1986	1
0	1988	2
1	2015	2
1	2020	2
0	1897	4
0	1896	4
0	1898	3
0	1894	5
0	1896	9
1	1927	0
1	1924	2
1	1929	4
1	1927	0
1	1924	3
1	1924	5
1	1926	3
1	1922	2
1	1926	0
1	1926	1
1	1926	1
1	1926	4
1	1926	2
1	1932	2
1	1927	1
1	1925	3
1	1926	2
1	1927	5
1	1928	4
1	1926	6
1	1925	3
0	1905	2
0	1902	7
0	1904	2
1	1936	3
1	1934	1
1	1930	4
1	1931	5
1	1936	3
1	1933	4
1	1930	2
1	1931	4
1	1931	2
0	1922	6
0	1920	4
0	1925	6
0	1920	4
0	1920	9
0	1920	4
0	1921	6
1	1954	1
1	1953	3
1	1954	2
1	1951	1
1	1952	5
1	1952	4
1	1957	4
1	1957	2
1	1953	2
1	1948	5
1	1952	5
1	1951	4
1	1950	1
1	1950	2
1	1950	5
1	1949	3
1	1951	1
1	1950	3
1	1946	6
1	1948	4
1	1950	3
1	1961	2
1	1955	2
1	1957	1
1	1950	4
1	1947	3
1	1952	2
1	1950	2
1	1954	1
1	1954	4
1	1950	2
1	1951	0
1	1951	3
0	1987	2
0	1988	2
0	1986	3
1	2015	1
1	2017	1
1	2021	5
1	2015	0
1	2015	0
0	1905	2
0	1907	5
0	1905	1
1	1936	4
1	1939	3
1	1935	2
1	1937	3
1	1937	3
1	1936	3
0	1905	4
0	1906	2
0	1907	6
0	1904	2
0	1904	3
1	1934	1
1	1933	2
1	1934	4
1	1936	2
1	1939	2
1	1937	2
1	1938	2
1	1937	4
1	1941	5
1	1931	1
1	1936	5
1	1934	1
1	1936	3
0	1884	4
0	1881	7
0	1883	3
0	1884	6
0	1886	6
1	1912	3
1	1915	4
1	1913	4
1	1912	2
1	1908	5
1	1911	6
1	1911	2
1	1910	3
1	1913	7
1	1915	4
1	1916	4
1	1914	6
1	1917	4
1	1906	2
1	1910	3
1	1914	6
1	1914	4
1	1918	4
1	1912	4
1	1914	4
1	1913	4
1	1917	5
0	1915	4
0	1912	3
0	1918	6
0	1916	2
0	1916	2
1	1946	7
1	1945	0
1	1943	1
1	1946	3
1	1949	5
1	1950	9
1	1944	1
1	1943	1
1	1943	1
1	1948	2
1	1951	4
1	1949	2
1	1946	6
0	1944	3
0	1943	2
0	1941	5
0	1944	2
1	1975	2
1	1973	1
1	1974	0
1	1972	1
1	1976	2
1	1966	5
1	1972	2
1	1972	2
1	1968	3
0	1934	3
0	1932	2
0	1932	4
0	1934	2
1	1962	3
1	1962	4
1	1965	4
1	1959	4
1	1962	3
1	1961	5
1	1966	4
1	1963	0
0	1911	2
0	1910	3
0	1912	3
1	1941	2
1	1941	3
1	1938	1
1	1940	4
1	1946	1
1	1944	3
0	1942	3
0	1942	2
0	1943	4
0	1939	3
1	1972	3
1	1971	4
1	1975	1
1	1973	2
1	1973	2
1	1967	0
1	1973	4
1	1974	2
1	1968	1
0	2013	1
0	2013	1
1	2043	1
0	1938	2
0	1939	4
0	1938	1
1	1965	2
1	1969	2
1	1969	2
1	1971	1
1	1968	3
0	1881	7
0	1879	6
0	1883	5
0	1883	6
0	1880	2
0	1880	6
0	1881	1
0	1881	6
1	1911	2
1	1912	7
1	1912	6
1	1913	2
1	1911	5
1	1912	4
1	1910	3
1	1912	2
1	1909	1
1	1907	9
1	1912	6
1	1914	1
1	1915	3
1	1913	0
1	1915	4
1	1916	1
1	1915	2
1	1908	4
1	1909	3
1	1908	7
1	1911	3
1	1911	5
1	1909	5
1	1912	6
1	1912	2
1	1913	2
1	1911	4
1	1910	1
1	1909	4
1	1911	2
1	1913	6
1	1909	1
0	2013	1
0	2012	2
1	2042	3
1	2041	2
0	1901	2
0	1900	2
0	1902	4
1	1929	5
1	1930	6
1	1933	2
1	1934	2
1	1933	3
1	1934	3
0	1928	1
0	1929	4
1	1957	6
1	1958	2
1	1960	1
1	1958	4
0	1959	5
0	1959	1
0	1959	1
0	1960	3
0	1959	2
0	1958	3
1	1990	3
1	1986	2
1	1988	1
1	1989	0
1	1989	0
1	1991	2
1	1992	1
1	1989	0
1	1986	1
1	1985	2
0	1892	2
0	1892	9
0	1893	3
1	1923	5
1	1924	4
1	1920	3
1	1922	3
1	1920	2
1	1924	3
1	1921	5
1	1922	2
1	1923	3
1	1927	3
1	1920	4
1	1923	3
0	1981	1
0	1981	1
1	2012	2
0	2015	1
0	2015	1
0	1905	6
0	1907	3
0	1907	8
0	1907	4
0	1904	5
0	1904	4
0	1903	4
1	1932	3
1	1934	1
1	1936	1
1	1937	3
1	1935	2
1	1938	3
1	1939	1
1	1940	5
1	1938	6
1	1938	1
1	1934	1
1	1939	2
1	1939	3
1	1938	3
1	1940	3
1	1934	4
1	1934	5
1	1932	3
1	1932	0
1	1935	4
1	1936	1
1	1934	1
1	1937	2
1	1933	2
1	1934	2
1	1932	3
1	1932	1
1	1934	2
0	1965	3
0	1966	2
0	1965	6
0	1966	2
1	1995	0
1	1996	1
1	1997	3
1	1995	1
1	1998	1
1	1997	4
1	1993	1
1	1994	2
1	1996	1
1	1997	1
0	1966	2
0	1967	8
0	1965	3
1	1995	2
1	1997	1
1	1997	3
1	1996	2
1	1992	3
1	2001	1
1	1997	2
1	1995	1
1	1999	2
1	1994	1
1	1994	0
0	1970	7
0	1970	2
0	1970	1
0	1970	4
0	1970	1
0	1970	1
0	1975	3
0	1969	2
1	2000	0
1	2002	1
1	2001	2
1	2004	1
1	2000	1
1	2000	1
1	1997	1
1	1998	3
1	2004	5
1	2007	1
1	1998	0
1	1998	3
1	2002	7
1	2005	3
0	2009	2
0	2009	1
0	2009	1
1	2036	1
1	2042	1
0	1999	1
0	2000	2
1	2029	0
1	2027	2
0	1977	1
0	1977	1
1	2005	6
0	1954	4
0	1956	3
0	1952	2
0	1956	5
0	1949	5
1	1984	0
1	1985	2
1	1983	3
1	1985	2
1	1987	1
1	1990	2
1	1986	1
1	1986	2
1	1985	3
1	1976	4
1	1981	0
1	1987	1
1	1978	0
1	1978	0
1	1979	2
0	1887	5
0	1885	10
0	1886	2
0	1888	3
0	1886	3
0	1884	6
1	1915	5
1	1920	4
1	1914	4
1	1916	4
1	1917	4
1	1917	4
1	1913	3
1	1919	2
1	1917	11
1	1915	4
1	1916	4
1	1916	4
1	1915	4
1	1911	6
1	1912	4
1	1919	2
1	1915	5
1	1916	2
1	1917	1
1	1916	2
1	1917	1
1	1921	5
1	1915	2
1	1913	5
0	2017	3
0	2017	3
0	2017	1
0	2016	2
1	2047	1
1	2049	3
1	2047	0
1	2046	2
1	2047	0
1	2044	1
0	1927	4
0	1928	6
0	1927	1
0	1923	4
0	1927	1
1	1961	4
1	1958	3
1	1960	8
1	1955	2
1	1960	2
1	1960	6
1	1952	1
1	1958	1
1	1957	7
1	1959	4
1	1952	6
1	1951	4
0	1927	3
0	1928	2
0	1925	3
0	1925	7
1	1957	4
1	1957	0
1	1957	3
1	1954	2
1	1952	3
1	1954	3
1	1956	1
1	1955	0
1	1958	3
1	1953	5
1	1953	3
1	1958	5
0	1978	1
0	1978	1
0	1896	6
0	1896	4
0	1894	2
0	1895	7
0	1892	10
0	1895	10
0	1902	8
1	1925	4
1	1927	4
1	1928	2
1	1925	2
1	1928	2
1	1926	6
1	1925	6
1	1920	6
1	1927	3
1	1927	2
1	1923	3
1	1923	6
1	1923	4
1	1921	3
1	1920	3
1	1920	2
1	1927	4
1	1926	8
1	1925	0
1	1926	6
1	1932	3
1	1934	4
1	1931	3
1	1924	6
1	1928	3
1	1925	3
1	1925	0
1	1923	2
1	1922	6
1	1921	4
1	1919	3
1	1923	2
1	1923	6
1	1924	5
1	1927	8
1	1925	2
1	1924	6
1	1932	5
1	1933	2
1	1931	2
1	1933	2
0	1915	2
0	1916	7
0	1915	3
1	1948	5
1	1945	2
1	1947	2
1	1945	5
1	1941	3
1	1947	3
1	1943	6
1	1944	2
1	1947	3
1	1942	3
0	1954	1
0	1956	2
1	1984	0
1	1989	3
0	1928	3
0	1930	4
0	1928	1
0	1926	6
1	1960	5
1	1956	10
1	1959	3
1	1959	3
1	1959	6
1	1961	3
1	1950	3
1	1954	4
1	1953	2
1	1954	6
1	1955	3
0	1996	4
0	1997	2
0	1996	3
0	1996	1
0	1996	1
1	2026	3
1	2026	3
1	2024	1
1	2025	1
1	2029	1
1	2026	0
1	2026	2
0	1924	4
0	1922	4
0	1924	2
0	1924	2
0	1925	4
1	1952	3
1	1954	0
1	1954	0
1	1952	3
1	1952	2
1	1959	2
1	1953	1
1	1951	1
1	1953	1
1	1953	1
1	1955	4
1	1955	1
0	1907	7
0	1908	3
0	1907	1
0	1908	15
0	1907	5
0	1907	7
0	1904	4
0	1908	5
1	1937	0
1	1940	5
1	1937	5
1	1934	4
1	1936	6
1	1935	2
1	1936	4
1	1936	3
1	1936	1
1	1935	3
1	1938	6
1	1938	1
1	1938	1
1	1936	3
1	1938	2
1	1938	4
1	1938	1
1	1938	2
1	1933	3
1	1935	7
1	1937	1
1	1943	2
1	1939	3
1	1938	1
1	1939	5
1	1938	3
1	1938	2
1	1939	3
1	1935	4
1	1934	1
1	1938	4
1	1939	2
1	1939	1
1	1938	3
1	1937	1
1	1938	4
1	1931	3
1	1934	1
1	1939	1
1	1940	7
0	1921	4
0	1917	8
0	1920	2
0	1921	3
0	1920	2
1	1953	2
1	1950	3
1	1954	2
1	1954	4
1	1948	1
1	1945	3
1	1946	1
1	1948	1
1	1947	5
1	1948	3
1	1945	4
1	1949	7
1	1950	4
1	1947	6
1	1952	3
0	2015	2
0	2015	1
0	2015	1
1	2045	0
1	2045	4
0	1937	1
0	1938	2
1	1964	2
1	1965	2
0	2010	2
0	2012	2
0	2010	1
1	2039	2
1	2039	2
1	2043	0
0	1930	4
0	1932	2
0	1928	5
0	1928	4
0	1931	3
1	1961	3
1	1960	3
1	1958	3
1	1960	0
1	1965	2
1	1958	3
1	1960	1
1	1957	1
1	1959	4
1	1961	4
1	1961	3
1	1957	8
1	1958	5
1	1960	6
0	1890	7
0	1890	8
0	1890	8
0	1891	5
0	1888	2
0	1893	7
0	1891	5
0	1890	4
1	1920	3
1	1916	1
1	1919	5
1	1919	3
1	1921	1
1	1919	3
1	1922	2
1	1923	7
1	1919	5
1	1920	3
1	1918	2
1	1920	0
1	1920	4
1	1920	6
1	1922	3
1	1922	5
1	1922	7
1	1920	5
1	1919	4
1	1921	3
1	1921	2
1	1920	6
1	1917	4
1	1920	0
1	1920	2
1	1921	3
1	1922	7
1	1920	5
1	1921	5
1	1924	1
1	1918	8
1	1922	4
1	1922	6
1	1922	2
1	1925	2
1	1921	6
1	1921	2
1	1921	3
1	1917	2
0	1965	3
0	1966	3
0	1965	1
0	1964	2
1	1995	0
1	1992	1
1	1998	2
1	1996	0
1	1991	3
1	1996	1
0	1985	2
0	1985	1
0	1985	3
1	2015	0
1	2014	3
1	2019	2
1	2015	2
0	1985	1
0	1985	1
1	2016	1
0	1932	4
0	1931	4
0	1933	5
0	1932	1
0	1932	1
1	1960	2
1	1962	0
1	1958	6
1	1965	5
1	1963	6
1	1963	4
1	1960	2
1	1961	3
1	1964	4
1	1962	6
1	1961	3
0	1938	4
0	1938	2
0	1940	3
0	1938	1
0	1935	2
1	1968	0
1	1969	2
1	1970	5
1	1964	2
1	1971	2
1	1970	2
1	1968	7
1	1962	3
0	1929	1
0	1930	2
1	1956	4
1	1960	6
0	1878	7
0	1880	5
0	1879	8
0	1876	9
0	1877	6
0	1877	2
0	1876	2
0	1879	7
1	1909	3
1	1907	9
1	1910	3
1	1905	4
1	1907	4
1	1908	9
1	1907	3
1	1909	2
1	1906	6
1	1909	5
1	1910	3
1	1909	2
1	1905	7
1	1908	5
1	1906	4
1	1904	2
1	1907	4
1	1907	4
1	1910	1
1	1904	8
1	1907	3
1	1910	7
1	1909	5
1	1907	2
1	1909	4
1	1909	2
1	1910	4
1	1906	3
1	1905	4
1	1909	3
1	1905	6
1	1905	5
1	1905	4
1	1909	4
1	1907	4
1	1904	3
1	1910	7
1	1910	7
1	1910	5
0	1965	3
0	1966	2
0	1962	2
0	1965	4
1	1995	0
1	1999	1
1	1998	1
1	1997	1
1	1990	0
1	1991	2
1	1995	1
1	1995	0
0	1989	2
0	1989	1
0	1989	1
1	2019	0
1	2017	2
0	1968	4
0	1968	1
0	1967	4
0	1967	4
0	1969	2
1	1997	1
1	2001	4
1	1998	0
1	1994	4
1	1998	1
1	2000	1
1	1998	1
1	1996	2
1	1997	1
1	1998	4
1	2003	2
0	1883	9
0	1883	6
0	1884	9
0	1884	4
0	1883	3
0	1884	4
0	1885	5
0	1880	9
0	1880	6
0	1881	4
1	1913	3
1	1914	3
1	1916	2
1	1915	4
1	1915	8
1	1916	3
1	1915	2
1	1912	2
1	1912	2
1	1915	5
1	1913	4
1	1916	4
1	1917	3
1	1914	0
1	1912	2
1	1916	6
1	1916	1
1	1916	7
1	1913	5
1	1911	8
1	1911	6
1	1910	0
1	1912	1
1	1912	4
1	1911	5
1	1915	4
1	1909	3
1	1909	3
1	1913	6
1	1913	4
1	1912	9
1	1914	5
1	1914	5
1	1913	2
1	1910	4
1	1914	5
1	1916	3
1	1914	2
1	1918	3
1	1917	4
1	1908	3
1	1913	1
1	1910	8
1	1910	7
1	1911	6
1	1908	4
1	1909	2
1	1909	5
1	1911	5
1	1911	4
0	2004	4
0	2004	2
0	2004	2
0	2002	6
0	2003	3
1	2036	4
1	2035	1
1	2038	3
1	2034	2
1	2031	1
1	2033	2
1	2033	1
1	2036	3
1	2036	2
1	2033	0
1	2029	1
1	2032	0
1	2033	3
0	1957	1
0	1958	3
1	1985	2
1	1989	2
1	1990	3
0	1940	1
0	1938	4
1	1970	6
1	1967	1
1	1968	0
1	1970	5
0	1893	5
0	1892	9
0	1895	7
0	1896	2
0	1894	8
0	1892	5
1	1927	1
1	1924	3
1	1924	8
1	1923	2
1	1925	1
1	1920	6
1	1921	5
1	1923	2
1	1919	5
1	1922	2
1	1926	3
1	1926	4
1	1924	2
1	1926	1
1	1923	5
1	1924	1
1	1924	3
1	1922	5
1	1921	3
1	1917	4
1	1922	2
1	1923	5
1	1923	2
1	1929	7
1	1925	6
1	1923	8
1	1923	3
1	1924	1
1	1922	1
1	1921	2
1	1919	2
0	1881	6
0	1883	4
0	1881	7
0	1885	11
0	1882	3
0	1883	16
0	1883	5
1	1911	6
1	1912	4
1	1909	6
1	1911	6
1	1912	4
1	1911	3
1	1914	1
1	1911	3
1	1911	4
1	1915	6
1	1915	0
1	1916	4
1	1916	5
1	1913	5
1	1913	2
1	1916	4
1	1916	5
1	1913	1
1	1912	8
1	1912	5
1	1913	4
1	1913	5
1	1911	6
1	1911	7
1	1913	4
1	1916	7
1	1909	2
1	1913	2
1	1913	4
1	1910	4
1	1911	3
1	1913	1
1	1910	4
1	1916	6
1	1917	2
1	1916	4
1	1911	5
1	1912	2
1	1915	2
1	1913	6
1	1909	4
1	1909	4
1	1913	1
1	1911	4
1	1912	4
1	1912	4
0	1942	4
0	1944	2
0	1945	4
0	1941	5
0	1942	2
1	1973	3
1	1972	0
1	1972	1
1	1970	3
1	1976	1
1	1978	2
1	1975	1
1	1974	1
1	1970	1
1	1972	5
1	1972	3
1	1968	1
1	1974	3
0	1904	7
0	1904	2
0	1905	6
0	1899	5
0	1905	4
0	1905	9
0	1902	6
0	1903	4
1	1934	2
1	1933	3
1	1933	1
1	1932	1
1	1936	2
1	1934	4
1	1935	1
1	1934	4
1	1928	0
1	1927	5
1	1927	3
1	1932	7
1	1934	2
1	1935	3
1	1937	6
1	1934	3
1	1930	1
1	1934	2
1	1931	6
1	1935	2
1	1933	2
1	1934	6
1	1936	2
1	1935	0
1	1932	3
1	1932	2
1	1934	3
1	1936	2
1	1933	2
1	1935	1
1	1935	4
1	1934	4
1	1931	2
1	1936	3
1	1931	1
1	1932	2
0	1998	4
0	1999	3
0	1998	1
0	1996	2
0	1996	4
1	2031	1
1	2029	2
1	2028	0
1	2027	2
1	2026	1
1	2024	2
1	2031	3
1	2031	3
1	2029	1
1	2024	4
0	2019	2
0	2019	1
0	2019	1
1	2048	2
1	2049	1
0	1946	3
0	1946	2
0	1950	6
0	1943	8
1	1975	1
1	1976	0
1	1976	0
1	1976	0
1	1981	2
1	1981	0
1	1974	3
1	1975	1
1	1970	3
1	1971	1
1	1982	1
1	1981	2
1	1979	5
1	1973	2
1	1974	2
1	1973	0
0	1996	2
0	1996	1
0	1994	2
1	2025	1
1	2026	1
1	2025	1
0	1925	4
0	1925	1
0	1927	6
0	1922	4
0	1924	4
1	1955	2
1	1953	4
1	1957	2
1	1956	3
1	1957	2
1	1960	3
1	1957	2
1	1957	1
1	1950	6
1	1953	4
1	1953	3
1	1959	4
1	1949	1
1	1952	4
1	1951	6
0	1964	3
0	1964	1
0	1961	4
0	1964	1
1	1993	1
1	1994	0
1	1991	1
1	1988	2
1	1987	1
1	1992	3
0	1975	4
0	1974	2
0	1973	4
0	1973	4
0	1975	1
1	2005	1
1	2005	0
1	2005	1
1	2006	3
1	2003	1
1	1999	2
1	2002	1
1	2000	4
1	2004	2
1	2002	0
1	2002	1
0	1927	5
0	1924	2
0	1929	2
0	1928	4
0	1928	2
0	1926	2
1	1958	2
1	1957	2
1	1956	3
1	1957	4
1	1959	3
1	1962	2
1	1960	3
1	1957	1
1	1958	3
1	1954	1
1	1960	3
1	1955	2
0	1952	3
0	1952	2
0	1952	1
0	1954	3
1	1982	0
1	1982	0
1	1980	1
1	1983	4
1	1985	0
1	1985	1
0	1953	1
0	1956	4
1	1983	1
1	1988	1
1	1987	1
1	1985	2
0	1946	3
0	1947	5
0	1948	4
0	1947	3
1	1978	4
1	1976	1
1	1974	2
1	1979	1
1	1977	0
1	1978	0
1	1977	0
1	1978	2
1	1979	3
1	1977	3
1	1977	1
1	1975	2
0	1970	3
0	1972	2
0	1972	3
0	1970	2
1	1999	4
1	2001	2
1	2002	2
1	2003	1
1	2003	3
1	2001	3
1	2000	0
0	1897	4
0	1896	4
0	1897	3
0	1896	5
0	1895	6
1	1928	3
1	1924	5
1	1927	3
1	1928	1
1	1927	1
1	1924	2
1	1926	2
1	1927	1
1	1925	5
1	1925	4
1	1925	2
1	1924	2
1	1926	3
1	1925	2
1	1927	2
1	1926	4
1	1923	2
1	1925	3
0	2013	1
0	2013	1
0	1910	6
0	1912	4
0	1909	4
0	1909	3
0	1906	4
0	1910	1
0	1910	2
1	1938	1
1	1939	2
1	1940	1
1	1941	4
1	1942	1
1	1938	4
1	1940	1
1	1942	1
1	1939	3
1	1940	4
1	1936	2
1	1938	2
1	1933	3
1	1943	3
1	1936	3
1	1936	1
1	1936	3
1	1941	0
0	1881	5
0	1881	7
0	1884	9
0	1880	4
0	1883	4
0	1880	7
1	1908	3
1	1911	6
1	1907	7
1	1911	5
1	1910	3
1	1910	2
1	1913	2
1	1914	3
1	1916	6
1	1915	3
1	1913	3
1	1913	4
1	1914	4
1	1914	11
1	1916	4
1	1915	4
1	1911	4
1	1916	3
1	1911	6
1	1909	5
1	1909	3
1	1910	9
1	1912	2
1	1909	5
1	1909	9
1	1909	3
1	1915	7
1	1912	5
1	1912	7
1	1912	6
1	1910	6
0	1979	1
0	1979	1
1	2009	1
0	1966	3
0	1966	1
0	1966	1
0	1966	1
1	1996	0
1	1997	2
1	1996	2
0	1982	4
0	1982	1
0	1982	1
0	1980	2
0	1980	2
1	2012	0
1	2010	3
1	2013	2
1	2012	4
1	2005	1
1	2012	1
0	1941	2
0	1942	4
0	1940	3
1	1971	2
1	1971	3
1	1972	2
1	1971	1
1	1970	3
1	1966	3
1	1967	5
0	1918	2
0	1916	5
0	1918	1
1	1946	2
1	1947	6
1	1945	6
1	1946	6
1	1945	1
1	1948	5
0	2011	5
0	2012	3
0	2011	1
0	2011	1
0	2011	1
0	2011	1
1	2040	1
1	2040	1
1	2042	1
1	2041	0
1	2044	1
1	2042	0
1	2042	0
0	1899	6
0	1899	2
0	1896	6
0	1898	3
0	1902	5
0	1898	5
0	1900	4
1	1929	3
1	1929	4
1	1930	8
1	1930	2
1	1930	4
1	1929	1
1	1928	4
1	1925	3
1	1926	5
1	1925	4
1	1927	4
1	1927	5
1	1935	1
1	1933	1
1	1929	7
1	1920	6
1	1923	5
1	1935	1
1	1929	4
1	1929	1
1	1928	0
1	1925	7
1	1928	2
1	1932	4
1	1928	1
0	2002	1
0	2000	2
1	2034	1
1	2029	1
0	2001	2
0	2002	4
0	2001	1
1	2031	0
1	2031	0
1	2034	1
1	2033	0
1	2032	2
0	1916	4
0	1916	6
0	1916	1
0	1916	5
0	1916	5
1	1944	1
1	1947	4
1	1947	1
1	1946	9
1	1946	2
1	1945	2
1	1946	2
1	1946	0
1	1946	5
1	1946	1
1	1945	5
1	1948	4
1	1946	5
1	1943	5
1	1943	2
1	1945	4
1	1947	1
0	1911	4
0	1910	3
0	1912	3
0	1911	1
0	1910	3
1	1939	1
1	1943	7
1	1943	3
1	1943	2
1	1940	3
1	1943	1
1	1939	4
1	1940	1
1	1940	6
1	1939	0
0	1889	3
0	1888	7
0	1888	2
0	1887	6
1	1918	3
1	1916	4
1	1918	3
1	1921	4
1	1919	4
1	1919	6
1	1916	2
1	1916	4
1	1919	6
1	1916	3
1	1920	2
1	1921	1
1	1917	5
1	1915	6
1	1918	4
0	1962	6
0	1961	3
0	1962	2
0	1960	6
0	1962	6
0	1962	1
0	1960	4
1	1992	1
1	1991	1
1	1992	0
1	1990	1
1	1990	5
1	1990	1
1	1991	0
1	1991	0
1	1989	0
1	1992	2
1	1987	4
1	1989	2
1	1992	2
1	1990	2
1	1992	2
1	1989	0
1	1991	1
1	1988	2
1	1992	0
1	1992	0
1	1989	1
1	1989	0
0	1985	2
0	1985	1
0	1985	1
1	2015	0
1	2016	2
0	1972	2
0	1972	3
0	1974	2
1	2002	4
1	2002	3
1	2002	0
1	2002	4
1	2005	2
0	1985	2
0	1984	3
0	1987	2
1	2015	0
1	2013	3
1	2016	1
1	2019	0
1	2016	3
0	1914	6
0	1914	2
0	1915	4
0	1914	6
0	1914	1
0	1912	4
0	1916	4
1	1944	2
1	1944	4
1	1943	5
1	1941	4
1	1946	3
1	1943	1
1	1945	6
1	1947	5
1	1942	1
1	1947	1
1	1943	4
1	1942	4
1	1947	5
1	1944	3
1	1945	1
1	1946	3
1	1944	2
1	1941	4
1	1938	1
1	1944	4
1	1947	5
0	1908	2
0	1908	1
0	1908	2
1	1937	1
1	1936	2
1	1937	1
0	1965	1
0	1964	3
1	1993	1
1	1993	5
1	1993	3
0	1983	1
0	1983	1
1	2015	1
0	1946	3
0	1948	6
0	1946	7
0	1947	7
1	1978	2
1	1975	1
1	1977	1
1	1976	1
1	1981	2
1	1978	0
1	1977	1
1	1974	1
1	1977	1
1	1977	1
1	1980	2
1	1979	3
1	1976	2
1	1980	3
1	1976	2
1	1975	1
1	1977	0
1	1977	0
1	1980	2
1	1977	0
0	2008	3
0	2008	1
0	2008	3
0	2007	4
1	2039	1
1	2037	1
1	2037	3
1	2036	2
1	2036	3
1	2039	1
1	2035	3
1	2039	2
0	1918	3
0	1915	6
0	1916	2
0	1918	7
1	1947	5
1	1948	5
1	1949	3
1	1941	1
1	1944	7
1	1947	6
1	1947	4
1	1944	3
1	1943	2
1	1944	2
1	1946	3
1	1946	2
1	1950	2
1	1948	3
1	1948	1
0	1980	1
0	1980	1
1	2012	2
0	1976	2
0	1976	1
0	1976	1
1	2005	3
1	2007	3
0	2003	2
0	2002	2
0	2003	1
1	2033	4
1	2033	1
1	2028	1
0	2019	2
0	2019	1
0	2019	3
1	2051	3
1	2049	0
1	2049	4
1	2051	3
0	2019	1
0	2019	1
0	1901	3
0	1900	7
0	1903	5
0	1904	3
1	1928	4
1	1931	1
1	1933	2
1	1931	4
1	1931	7
1	1932	2
1	1935	2
1	1931	1
1	1929	2
1	1930	3
1	1930	0
1	1930	4
1	1935	7
1	1930	5
1	1933	2
0	1939	5
0	1939	5
0	1939	4
0	1939	5
0	1940	2
0	1938	4
1	1969	2
1	1969	0
1	1972	3
1	1967	3
1	1971	1
1	1966	1
1	1971	4
1	1968	2
1	1968	5
1	1967	3
1	1966	5
1	1969	2
1	1968	3
1	1969	2
1	1969	2
1	1970	3
1	1972	2
1	1972	1
1	1969	3
1	1969	2
0	1916	5
0	1920	4
0	1915	7
0	1916	2
0	1918	8
0	1916	4
1	1948	1
1	1945	1
1	1944	7
1	1947	6
1	1947	3
1	1944	2
1	1945	0
1	1945	2
1	1946	3
1	1946	4
1	1950	2
1	1946	6
1	1947	2
1	1946	6
1	1949	4
1	1945	3
1	1951	4
1	1948	2
1	1948	2
1	1945	0
1	1945	3
1	1952	3
1	1946	8
1	1948	3
1	1947	6
0	1927	3
0	1926	7
0	1923	4
0	1928	2
1	1955	3
1	1959	5
1	1954	2
1	1956	2
1	1953	4
1	1959	2
1	1957	6
1	1957	1
1	1956	2
1	1954	2
1	1955	2
1	1949	5
1	1952	2
0	1955	2
0	1957	6
0	1955	1
1	1982	3
1	1985	2
1	1987	0
1	1987	0
1	1985	2
1	1984	1
1	1985	2
0	1922	8
0	1923	2
0	1924	5
0	1922	1
0	1919	4
0	1923	5
0	1923	2
0	1922	4
0	1921	2
1	1952	3
1	1953	6
1	1954	3
1	1950	1
1	1955	10
1	1952	2
1	1953	3
1	1952	1
1	1957	1
1	1956	3
1	1948	5
1	1950	3
1	1954	6
1	1952	4
1	1950	3
1	1954	5
1	1955	6
1	1956	2
1	1945	5
1	1952	1
1	1952	6
1	1955	2
1	1955	2
1	1953	5
1	1955	1
0	1921	5
0	1920	4
0	1926	4
0	1924	4
0	1920	2
0	1921	2
1	1951	0
1	1948	4
1	1952	4
1	1952	3
1	1954	1
1	1950	2
1	1951	3
1	1957	6
1	1961	7
1	1960	2
1	1955	4
1	1949	4
1	1948	3
1	1955	0
1	1955	3
1	1950	8
0	1885	2
0	1887	8
0	1886	7
1	1912	3
1	1912	4
1	1919	3
1	1914	2
1	1919	3
1	1917	4
1	1917	0
1	1918	4
1	1914	3
1	1915	2
1	1913	3
1	1917	4
1	1917	3
1	1916	5
1	1914	3
0	1960	4
0	1960	6
0	1960	2
0	1958	2
0	1959	3
1	1989	3
1	1990	4
1	1990	0
1	1990	0
1	1989	4
1	1990	0
1	1988	3
1	1990	1
1	1987	4
1	1990	0
1	1991	2
1	1989	2
1	1985	1
0	1934	1
0	1934	1
1	1962	1
0	1995	1
0	1995	1
0	1964	8
0	1966	6
0	1966	2
0	1963	3
0	1963	2
0	1964	1
0	1964	3
0	1962	6
0	1965	3
1	1994	2
1	1994	2
1	1994	0
1	1994	0
1	1996	4
1	1994	0
1	1994	2
1	1996	1
1	1998	1
1	2001	3
1	1992	1
1	1997	0
1	1992	2
1	1992	2
1	1991	1
1	1992	0
1	1994	4
1	1999	1
1	1998	0
1	1993	0
1	1993	1
1	1993	2
1	1997	2
1	1994	0
1	1994	2
1	1994	1
0	2003	1
0	2003	1
1	2033	3
0	1895	2
0	1898	5
0	1893	8
1	1925	0
1	1928	5
1	1931	3
1	1929	2
1	1929	3
1	1923	5
1	1921	4
1	1923	7
1	1923	0
1	1924	4
1	1930	5
1	1922	7
1	1926	3
0	1903	5
0	1904	2
0	1905	7
0	1904	2
0	1903	3
0	1904	4
1	1935	7
1	1933	3
1	1935	2
1	1933	2
1	1930	3
1	1935	1
1	1933	1
1	1934	5
1	1932	3
1	1933	3
1	1934	4
1	1936	1
1	1935	3
1	1935	6
1	1934	5
1	1933	0
1	1933	3
1	1933	3
0	1931	2
0	1931	3
0	1931	5
1	1959	8
1	1961	5
1	1962	5
1	1963	3
1	1961	0
1	1960	2
1	1961	6
1	1960	1
0	2016	1
0	2014	2
1	2045	6
1	2043	2
0	1914	2
0	1914	1
0	1914	4
1	1945	2
1	1944	2
1	1943	3
1	1946	2
1	1947	3
0	1985	2
0	1986	4
0	1985	1
1	2015	3
1	2014	1
1	2013	2
1	2014	1
1	2014	2
0	2005	2
0	2004	3
0	2006	2
1	2035	0
1	2037	2
1	2039	1
1	2033	1
1	2033	0
0	1972	2
0	1972	1
0	1972	1
1	2001	2
1	2002	0
0	1906	2
0	1902	5
0	1906	1
1	1935	4
1	1938	6
1	1930	2
1	1931	5
1	1930	5
1	1930	4
0	1877	4
0	1879	5
0	1876	4
0	1873	6
0	1873	4
1	1908	3
1	1908	3
1	1908	3
1	1910	4
1	1909	3
1	1909	7
1	1907	4
1	1908	7
1	1907	2
1	1904	4
1	1903	4
1	1903	6
1	1901	3
1	1909	4
1	1910	4
1	1902	6
1	1902	5
1	1900	4
1	1900	5
0	1880	6
0	1879	7
0	1882	7
0	1883	8
0	1880	10
0	1878	6
0	1883	7
1	1912	5
1	1911	7
1	1909	2
1	1910	4
1	1910	3
1	1911	4
1	1910	3
1	1911	5
1	1910	3
1	1908	3
1	1913	1
1	1913	2
1	1915	5
1	1915	7
1	1912	9
1	1906	5
1	1911	6
1	1911	5
1	1908	4
1	1906	1
1	1908	5
1	1912	7
1	1913	7
1	1918	1
1	1910	2
1	1909	3
1	1912	3
1	1913	3
1	1912	5
1	1913	4
1	1913	2
1	1915	5
1	1910	1
1	1914	4
1	1912	1
1	1911	2
1	1909	1
1	1909	2
1	1911	7
1	1910	3
1	1906	2
1	1906	7
1	1915	2
1	1913	4
1	1914	2
0	1903	7
0	1904	2
0	1900	10
0	1900	4
0	1905	9
0	1906	9
0	1905	8
0	1902	3
1	1932	3
1	1934	2
1	1932	3
1	1933	3
1	1931	1
1	1936	2
1	1933	2
1	1937	4
1	1934	5
1	1931	3
1	1932	5
1	1928	4
1	1927	3
1	1935	3
1	1937	1
1	1936	2
1	1936	2
1	1940	2
1	1935	1
1	1935	5
1	1937	2
1	1938	2
1	1936	1
1	1935	1
1	1936	5
1	1935	5
1	1935	3
1	1929	2
1	1928	2
1	1932	4
1	1930	5
1	1929	3
1	1929	5
1	1930	1
1	1934	2
1	1934	3
1	1935	4
1	1932	1
1	1936	0
1	1937	1
1	1934	2
1	1934	2
1	1936	7
1	1928	5
1	1930	3
0	1997	1
0	1997	1
1	2027	2
0	1908	4
0	1910	6
0	1909	6
0	1906	2
0	1907	4
1	1939	3
1	1938	0
1	1940	1
1	1936	1
1	1941	0
1	1939	1
1	1942	3
1	1943	2
1	1940	1
1	1935	3
1	1937	1
1	1937	4
1	1941	2
1	1940	2
1	1941	2
1	1941	4
1	1939	1
1	1935	4
0	1933	2
0	1933	1
0	1933	4
1	1963	8
1	1964	2
1	1961	1
1	1962	1
1	1963	7
0	1917	6
0	1917	1
0	1917	2
0	1917	4
0	1915	4
0	1920	6
0	1916	3
1	1944	2
1	1948	2
1	1949	4
1	1947	4
1	1946	1
1	1947	2
1	1947	4
1	1948	2
1	1943	4
1	1945	4
1	1953	6
1	1952	6
1	1948	6
1	1947	3
1	1945	4
1	1945	2
1	1946	2
1	1945	1
1	1951	4
1	1951	2
0	1945	3
0	1947	3
0	1944	2
0	1945	1
1	1975	0
1	1975	0
1	1977	1
1	1977	4
1	1977	1
1	1975	3
0	1933	2
0	1933	1
0	1935	2
1	1961	1
1	1959	2
1	1967	2
0	1954	4
0	1954	1
0	1955	3
0	1954	2
0	1955	4
1	1984	0
1	1984	2
1	1984	3
1	1985	1
1	1985	0
1	1986	3
1	1985	0
1	1988	1
1	1983	0
1	1984	3
0	1899	3
0	1898	8
0	1897	3
0	1898	6
1	1930	1
1	1930	2
1	1932	3
1	1927	3
1	1929	4
1	1925	5
1	1930	2
1	1929	1
1	1929	2
1	1927	2
1	1927	4
1	1923	6
1	1928	3
1	1927	4
1	1930	5
1	1926	5
1	1928	2
0	1890	4
0	1889	6
0	1891	8
0	1891	3
0	1891	2
1	1924	3
1	1924	4
1	1921	3
1	1922	5
1	1917	6
1	1918	5
1	1919	2
1	1921	2
1	1924	5
1	1920	2
1	1922	3
1	1921	5
1	1921	2
1	1920	3
1	1917	4
1	1916	7
1	1923	5
1	1920	2
1	1921	5
0	1952	1
0	1952	2
1	1980	1
1	1982	3
0	1886	3
0	1885	4
0	1885	6
0	1887	4
1	1916	5
1	1918	1
1	1916	4
1	1914	3
1	1917	5
1	1917	3
1	1914	4
1	1917	4
1	1918	1
1	1910	6
1	1915	7
1	1916	2
1	1916	4
1	1922	1
0	1936	2
0	1936	1
0	1936	1
1	1968	2
1	1966	4
0	1926	3
0	1926	2
0	1924	5
0	1926	1
1	1955	1
1	1958	4
1	1955	3
1	1953	4
1	1953	2
1	1956	2
1	1957	2
1	1956	4
0	1906	4
0	1901	7
0	1905	5
0	1906	1
0	1908	5
1	1937	2
1	1931	2
1	1936	4
1	1934	1
1	1931	2
1	1931	1
1	1933	1
1	1934	1
1	1936	2
1	1937	2
1	1934	3
1	1936	4
1	1937	2
1	1930	2
1	1929	2
1	1929	6
1	1939	3
1	1937	4
0	2000	3
0	2000	2
0	2000	1
0	2000	2
1	2031	1
1	2031	1
1	2030	0
1	2030	2
1	2030	0
0	1983	3
0	1983	1
0	1983	1
0	1983	1
1	2012	2
1	2014	4
1	2014	2
0	1915	4
0	1915	1
0	1914	7
0	1915	4
0	1916	2
1	1947	3
1	1950	4
1	1946	4
1	1945	7
1	1943	3
1	1944	4
1	1944	1
1	1943	2
1	1943	5
1	1946	6
1	1946	7
1	1943	3
1	1945	5
1	1946	4
0	1978	2
0	1979	3
0	1978	1
1	2008	0
1	2009	2
1	2007	1
1	2009	0
0	2007	2
0	2007	1
0	2007	1
1	2038	1
1	2042	1
0	2013	3
0	2013	1
0	2014	2
0	2012	3
1	2045	2
1	2043	0
1	2044	1
1	2045	0
1	2042	0
1	2042	0
0	1885	4
0	1884	8
0	1887	5
0	1888	6
0	1885	7
1	1915	3
1	1916	2
1	1916	5
1	1917	6
1	1917	4
1	1914	2
1	1913	5
1	1914	7
1	1917	3
1	1915	6
1	1918	4
1	1917	2
1	1911	8
1	1913	4
1	1916	7
1	1913	4
1	1913	4
1	1913	4
1	1917	2
1	1920	9
1	1916	2
1	1917	1
1	1916	2
1	1915	6
1	1913	4
1	1917	6
0	1928	3
0	1928	2
0	1927	5
0	1928	2
1	1956	4
1	1960	4
1	1958	0
1	1957	2
1	1959	1
1	1958	1
1	1957	1
1	1959	4
1	1958	4
0	1985	2
0	1984	3
0	1983	5
1	2013	1
1	2015	1
1	2012	5
1	2011	1
1	2012	3
1	2012	0
1	2014	3
1	2011	1
0	1960	7
0	1958	2
0	1959	2
0	1960	8
0	1963	4
0	1959	3
0	1960	4
0	1960	3
1	1991	2
1	1990	1
1	1989	3
1	1989	3
1	1993	2
1	1989	2
1	1987	1
1	1987	1
1	1990	4
1	1991	2
1	1991	4
1	1994	1
1	1987	1
1	1991	2
1	1990	1
1	1992	1
1	1986	1
1	1986	2
1	1991	2
1	1990	3
1	1990	2
1	1993	2
1	1993	2
1	1990	0
1	1989	4
1	1990	0
0	1892	6
0	1893	8
0	1896	5
0	1891	4
0	1893	4
0	1893	5
0	1891	4
1	1921	1
1	1922	1
1	1922	2
1	1919	2
1	1920	7
1	1921	2
1	1925	12
1	1926	3
1	1923	3
1	1922	6
1	1926	2
1	1928	6
1	1928	1
1	1923	3
1	1924	3
1	1921	2
1	1923	0
1	1928	1
1	1923	0
1	1921	2
1	1920	4
1	1922	2
1	1922	5
1	1925	4
1	1926	3
1	1922	3
1	1921	0
1	1927	1
1	1924	5
1	1920	4
0	1988	2
0	1988	2
0	1988	1
1	2017	4
1	2018	2
1	2017	3
0	2002	1
0	2004	2
1	2030	1
1	2033	2
0	1913	5
0	1913	1
0	1914	3
0	1913	2
0	1916	5
0	1913	2
1	1942	1
1	1944	1
1	1941	2
1	1944	2
1	1944	6
1	1949	5
1	1945	1
1	1943	4
1	1943	3
1	1948	4
1	1949	1
1	1947	6
1	1942	4
0	1991	2
0	1992	2
0	1991	1
1	2022	1
1	2018	1
1	2026	1
0	1928	3
0	1928	6
0	1930	5
0	1931	7
1	1956	3
1	1956	4
1	1957	7
1	1956	3
1	1959	1
1	1959	2
1	1963	3
1	1963	1
1	1961	2
1	1960	2
1	1957	4
1	1962	2
1	1960	3
1	1960	1
1	1961	0
1	1960	5
1	1962	1
1	1960	3
0	1902	6
0	1903	4
0	1901	3
0	1898	6
0	1904	7
0	1903	5
0	1903	6
1	1931	2
1	1932	5
1	1933	4
1	1930	1
1	1932	0
1	1934	1
1	1931	6
1	1928	5
1	1927	3
1	1930	5
1	1934	2
1	1933	0
1	1933	0
1	1932	2
1	1932	3
1	1933	3
1	1934	2
1	1935	2
1	1932	3
1	1931	2
1	1928	2
1	1927	6
1	1929	4
1	1935	2
1	1936	5
1	1934	0
1	1937	2
1	1934	3
1	1935	1
1	1934	3
1	1932	1
0	1982	5
0	1982	2
0	1982	1
0	1983	3
0	1982	1
0	1982	1
1	2016	6
1	2012	3
1	2012	0
1	2011	2
1	2013	2
1	2013	0
1	2014	1
1	2014	5
0	1981	2
0	1982	3
0	1981	1
1	2012	1
1	2009	2
1	2013	2
1	2013	2
0	1920	1
0	1923	4
1	1953	5
1	1955	1
1	1954	3
1	1950	2
0	1939	6
0	1937	5
0	1936	3
0	1941	2
0	1937	3
0	1939	2
0	1938	6
1	1970	4
1	1968	4
1	1971	4
1	1971	3
1	1966	3
1	1969	0
1	1970	6
1	1966	4
1	1965	2
1	1967	3
1	1964	2
1	1968	1
1	1968	2
1	1965	3
1	1966	4
1	1963	4
1	1973	2
1	1968	2
1	1967	6
1	1967	6
1	1968	4
0	1973	1
0	1973	1
1	2004	1
0	1913	2
0	1912	3
0	1915	4
1	1943	4
1	1942	1
1	1946	0
1	1947	5
1	1941	2
1	1942	2
1	1948	3
0	1958	3
0	1958	7
0	1958	8
0	1958	2
1	1993	4
1	1989	4
1	1988	1
1	1988	0
1	1986	4
1	1991	1
1	1985	2
1	1989	2
1	1988	0
1	1988	1
1	1990	5
1	1989	1
1	1990	1
1	1988	1
1	1988	0
1	1990	2
1	1988	1
0	1911	3
0	1911	3
0	1909	8
0	1908	9
1	1946	7
1	1939	1
1	1938	1
1	1941	0
1	1938	2
1	1939	2
1	1939	0
1	1939	0
1	1934	2
1	1939	5
1	1936	3
1	1938	3
1	1937	5
1	1938	2
1	1938	2
1	1942	2
1	1940	4
1	1936	7
1	1938	2
1	1939	3
0	1989	2
0	1990	2
0	1988	2
1	2019	0
1	2020	1
1	2017	2
1	2019	4
0	1980	2
0	1980	1
0	1980	1
1	2010	2
1	2013	1
0	2000	2
0	2000	1
0	2000	2
1	2029	4
1	2030	1
1	2030	0
0	1954	3
0	1952	4
0	1952	2
0	1956	4
1	1985	1
1	1985	3
1	1985	2
1	1984	1
1	1981	1
1	1984	3
1	1987	1
1	1982	2
1	1981	0
1	1985	2
0	1965	4
0	1968	4
0	1965	1
0	1964	2
0	1968	2
1	1998	3
1	1997	1
1	1993	3
1	1995	1
1	2000	2
1	2000	2
1	1999	1
1	2000	1
1	1992	2
0	1972	2
0	1973	2
0	1973	2
1	2001	3
1	2003	1
1	2004	0
1	2005	4
0	2010	1
0	2010	1
1	2042	1
0	1921	4
0	1924	7
0	1919	3
0	1920	2
0	1919	2
1	1951	6
1	1949	3
1	1951	3
1	1950	3
1	1955	7
1	1952	2
1	1953	3
1	1950	4
1	1948	5
1	1947	3
1	1954	2
1	1953	2
1	1957	4
1	1949	5
0	1961	5
0	1961	4
0	1964	3
0	1961	5
0	1960	2
0	1959	4
1	1991	0
1	1991	3
1	1991	0
1	1992	1
1	1992	1
1	1993	7
1	1990	4
1	1990	1
1	1991	2
1	1993	3
1	1990	3
1	1997	1
1	1995	0
1	1991	1
1	1992	1
1	1986	1
1	1988	0
1	1989	2
0	1969	4
0	1969	1
0	1968	4
0	1968	3
0	1968	2
1	1999	2
1	2000	2
1	1999	0
1	1999	3
1	1995	1
1	1996	2
1	2000	1
1	2001	3
1	1999	4
1	1996	2
0	1920	3
0	1919	2
0	1920	3
0	1918	5
1	1951	2
1	1952	6
1	1951	5
1	1947	2
1	1952	3
1	1949	2
1	1948	3
1	1947	3
1	1946	3
1	1947	4
0	1906	3
0	1908	4
0	1905	5
0	1905	2
1	1936	2
1	1939	3
1	1936	2
1	1941	2
1	1940	3
1	1939	2
1	1933	4
1	1935	1
1	1937	10
1	1937	2
1	1935	0
0	1935	5
0	1935	1
0	1933	3
0	1935	1
0	1936	2
0	1935	3
1	1964	4
1	1969	4
1	1963	2
1	1968	2
1	1966	8
1	1963	3
1	1966	6
1	1964	1
1	1962	2
1	1968	2
0	1885	6
0	1886	3
0	1886	4
0	1888	7
0	1887	5
0	1886	4
0	1888	5
1	1917	2
1	1917	3
1	1912	5
1	1915	2
1	1913	5
1	1916	1
1	1913	1
1	1917	7
1	1918	2
1	1918	6
1	1918	6
1	1917	7
1	1921	2
1	1922	2
1	1920	4
1	1916	0
1	1919	2
1	1919	5
1	1918	5
1	1919	4
1	1919	5
1	1923	4
1	1920	5
1	1920	2
1	1918	6
1	1915	1
1	1916	7
1	1921	6
0	1999	6
0	1998	3
0	1999	1
0	1999	1
0	2000	2
0	1999	1
0	1999	1
1	2028	3
1	2029	1
1	2031	1
1	2028	2
1	2033	1
1	2031	3
1	2028	0
1	2026	3
1	2032	0
0	1904	7
0	1906	6
0	1904	3
0	1905	3
0	1904	3
0	1906	5
0	1902	4
0	1903	4
1	1931	3
1	1933	4
1	1937	3
1	1933	2
1	1930	1
1	1936	3
1	1930	2
1	1937	3
1	1936	1
1	1937	0
1	1936	4
1	1933	3
1	1936	5
1	1933	1
1	1940	4
1	1936	2
1	1936	4
1	1935	4
1	1932	1
1	1936	5
1	1936	5
1	1935	1
1	1934	3
1	1934	4
1	1929	3
1	1932	1
1	1931	2
1	1932	3
0	1978	1
0	1978	1
1	2006	3
0	1999	1
0	1999	1
0	1947	2
0	1948	4
0	1950	4
1	1978	4
1	1975	2
1	1980	2
1	1978	1
1	1979	1
1	1981	0
1	1980	2
1	1981	0
0	1989	2
0	1990	2
0	1989	1
1	2020	1
1	2020	1
1	2020	1
0	2015	1
0	2014	2
1	2044	2
1	2043	2
0	1885	6
0	1885	3
0	1884	4
0	1884	3
0	1886	4
0	1888	3
0	1883	9
1	1916	3
1	1915	4
1	1918	2
1	1915	4
1	1915	1
1	1915	0
1	1919	6
1	1912	5
1	1915	2
1	1916	5
1	1919	5
1	1919	2
1	1921	3
1	1918	4
1	1912	4
1	1911	6
1	1910	2
1	1913	4
1	1913	5
1	1913	2
1	1914	3
1	1916	1
1	1912	9
1	1913	7
1	1914	2
1	1912	4
0	1950	2
0	1949	2
0	1949	7
1	1980	0
1	1983	1
1	1977	1
1	1978	1
1	1979	1
1	1978	3
1	1980	3
1	1979	1
1	1979	0
0	1906	6
0	1908	2
0	1907	4
0	1905	3
0	1904	7
0	1907	7
0	1911	6
1	1936	6
1	1934	1
1	1935	1
1	1934	4
1	1939	3
1	1936	2
1	1938	1
1	1933	5
1	1932	4
1	1932	3
1	1934	4
1	1939	3
1	1938	5
1	1936	2
1	1934	3
1	1943	1
1	1942	7
1	1940	1
1	1938	5
1	1939	1
1	1934	2
1	1936	3
1	1936	5
1	1932	5
1	1938	1
1	1937	1
1	1941	4
1	1938	1
1	1942	5
0	1901	10
0	1901	7
0	1902	2
0	1902	2
0	1902	4
0	1902	3
0	1900	7
0	1899	5
0	1899	3
0	1898	5
0	1900	2
1	1930	4
1	1930	4
1	1930	4
1	1933	2
1	1933	4
1	1931	0
1	1932	5
1	1935	1
1	1933	1
1	1931	2
1	1931	0
1	1931	2
1	1934	2
1	1933	0
1	1933	5
1	1933	1
1	1933	5
1	1930	2
1	1933	2
1	1930	6
1	1928	3
1	1927	2
1	1931	2
1	1928	1
1	1927	2
1	1926	7
1	1927	2
1	1924	7
1	1928	4
1	1931	3
1	1932	2
1	1929	5
1	1931	3
1	1934	3
1	1933	0
1	1928	2
1	1928	4
1	1929	0
1	1928	4
1	1927	3
0	1999	4
0	1998	3
0	1999	1
0	1999	1
0	2000	3
1	2030	1
1	2025	1
1	2029	1
1	2027	3
1	2028	0
1	2027	3
1	2031	3
1	2032	1
0	1988	1
0	1988	1
1	2019	3
0	1978	2
0	1978	1
0	1980	3
1	2008	0
1	2008	3
1	2011	0
1	2011	2
0	1956	2
0	1953	4
0	1958	3
1	1987	1
1	1985	2
1	1982	2
1	1982	1
1	1982	4
1	1991	1
1	1988	2
0	1952	2
0	1952	3
0	1952	2
1	1982	0
1	1982	1
1	1981	1
1	1987	2
1	1980	2
0	2014	2
0	2014	1
0	2014	1
1	2047	2
1	2043	2
0	1965	3
0	1965	2
0	1966	2
0	1965	2
1	1995	0
1	1994	2
1	1994	2
1	1997	3
1	1995	0
1	1998	1
0	1996	2
0	1996	2
0	1996	1
1	2026	0
1	2026	3
1	2025	1
0	2000	2
0	2000	1
0	2000	1
1	2030	1
1	2030	0
0	1912	3
0	1913	2
0	1912	1
0	1912	1
1	1939	2
1	1941	7
1	1940	2
1	1945	7
0	1953	5
0	1951	2
0	1952	2
0	1952	5
0	1953	2
0	1953	1
1	1984	3
1	1983	1
1	1983	1
1	1984	3
1	1982	3
1	1981	1
1	1983	1
1	1982	1
1	1985	1
1	1984	3
1	1979	1
1	1981	1
0	1963	6
0	1964	2
0	1963	2
0	1962	3
0	1964	4
0	1963	1
0	1964	3
1	1992	2
1	1993	0
1	1993	1
1	1995	3
1	1994	2
1	1993	0
1	1994	0
1	1993	1
1	1992	2
1	1992	1
1	1995	1
1	1992	2
1	1995	1
1	1993	1
1	1994	1
0	1957	2
0	1953	4
0	1956	2
1	1989	1
1	1987	2
1	1983	3
1	1980	1
1	1980	1
1	1987	3
0	1949	2
0	1949	3
0	1950	4
1	1979	2
1	1979	1
1	1981	2
1	1979	2
1	1980	2
1	1981	2
1	1981	4
0	1952	2
0	1953	5
0	1953	7
1	1984	1
1	1982	0
1	1985	2
1	1983	0
1	1983	2
1	1985	2
1	1983	1
1	1983	1
1	1983	2
1	1980	1
1	1983	1
1	1981	1
0	1971	3
0	1971	1
0	1969	3
0	1971	1
1	2001	0
1	2002	1
1	2001	1
1	1997	3
1	1997	1
0	1892	14
0	1888	10
0	1892	3
0	1895	7
0	1892	2
0	1893	2
0	1893	4
0	1892	7
0	1895	3
0	1889	6
0	1891	5
0	1894	6
0	1893	3
0	1893	9
0	1893	3
1	1923	2
1	1920	5
1	1924	2
1	1923	6
1	1922	9
1	1920	5
1	1924	2
1	1920	3
1	1924	6
1	1923	6
1	1922	2
1	1919	3
1	1920	1
1	1922	7
1	1919	3
1	1916	2
1	1919	4
1	1919	5
1	1918	0
1	1916	3
1	1917	3
1	1925	0
1	1927	3
1	1923	3
1	1925	3
1	1925	0
1	1925	6
1	1923	3
1	1926	2
1	1925	2
1	1920	3
1	1922	1
1	1921	2
1	1922	3
1	1917	6
1	1917	5
1	1921	3
1	1924	3
1	1921	2
1	1924	2
1	1924	4
1	1924	4
1	1923	2
1	1923	2
1	1922	4
1	1917	3
1	1920	4
1	1921	3
1	1922	1
1	1925	2
1	1922	3
1	1925	2
1	1920	4
1	1925	4
1	1929	4
1	1918	5
1	1918	0
1	1921	4
1	1921	4
1	1920	2
1	1923	1
1	1922	6
1	1924	4
1	1924	3
1	1920	2
1	1921	1
1	1923	6
1	1922	4
1	1922	3
1	1922	2
0	2017	2
0	2017	1
0	2017	2
1	2048	4
1	2048	1
1	2047	0
0	1975	1
0	1975	1
1	2008	1
0	1897	3
0	1901	7
0	1896	6
0	1900	8
1	1925	7
1	1925	4
1	1930	3
1	1933	3
1	1935	4
1	1934	2
1	1923	6
1	1925	3
1	1932	4
1	1930	6
1	1933	1
1	1933	1
1	1933	3
1	1925	1
1	1924	3
1	1925	3
1	1930	3
1	1930	4
1	1930	4
1	1930	6
1	1931	1
0	1990	2
0	1990	1
0	1990	1
1	2020	0
1	2021	2
0	1923	3
0	1921	4
0	1925	5
0	1922	3
1	1951	2
1	1951	2
1	1953	2
1	1949	3
1	1955	2
1	1952	5
1	1950	8
1	1951	2
1	1949	6
1	1954	6
1	1957	4
1	1953	2
0	1935	1
0	1935	1
1	1965	4
0	1999	2
0	1999	1
0	1999	1
1	2029	0
1	2028	2
0	1933	3
0	1933	1
0	1933	1
0	1932	6
1	1961	1
1	1963	3
1	1963	2
1	1963	2
1	1960	2
1	1961	3
1	1963	1
1	1962	2
0	1899	5
0	1902	6
0	1898	11
0	1900	4
0	1899	2
0	1898	3
1	1930	4
1	1928	7
1	1929	3
1	1929	0
1	1931	2
1	1933	3
1	1929	2
1	1929	3
1	1928	2
1	1928	3
1	1928	3
1	1928	0
1	1933	1
1	1928	4
1	1935	3
1	1929	4
1	1931	3
1	1931	1
1	1927	3
1	1929	3
1	1929	1
1	1927	2
1	1930	3
1	1930	2
1	1930	5
1	1930	1
0	1883	6
0	1880	7
0	1883	7
0	1885	4
0	1883	7
0	1882	4
0	1879	4
1	1914	4
1	1914	4
1	1913	5
1	1914	3
1	1914	5
1	1913	3
1	1907	8
1	1909	1
1	1909	6
1	1909	2
1	1914	3
1	1914	5
1	1915	6
1	1913	2
1	1916	2
1	1918	2
1	1916	5
1	1913	1
1	1913	6
1	1910	4
1	1910	3
1	1912	6
1	1911	3
1	1906	9
1	1907	4
1	1909	2
1	1915	4
1	1913	1
1	1913	0
1	1911	2
1	1912	2
1	1911	4
1	1907	3
0	1963	6
0	1964	2
0	1964	3
0	1962	2
0	1966	2
0	1963	1
0	1964	2
1	1991	2
1	1993	2
1	1993	0
1	1993	4
1	1994	3
1	1994	3
1	1995	1
1	1993	2
1	1996	4
1	2001	2
1	1992	1
1	1996	2
0	1878	4
0	1876	4
0	1878	3
0	1878	6
0	1881	7
1	1907	1
1	1910	4
1	1907	3
1	1909	5
1	1903	3
1	1906	8
1	1909	5
1	1906	4
1	1909	3
1	1913	5
1	1905	4
1	1906	5
1	1910	3
1	1906	3
1	1907	4
1	1912	5
1	1913	5
1	1914	2
1	1910	3
1	1913	4
0	1914	3
0	1914	6
0	1915	3
0	1915	2
1	1945	4
1	1945	2
1	1944	1
1	1944	6
1	1942	1
1	1945	4
1	1947	2
1	1944	1
1	1945	3
1	1945	4
1	1949	8
0	1984	1
0	1982	2
1	2016	1
1	2011	2
0	1953	1
0	1953	1
1	1980	3
0	1983	2
0	1982	3
0	1983	1
1	2013	0
1	2013	5
1	2015	1
1	2014	1
0	1882	5
0	1881	7
0	1883	6
0	1886	3
0	1880	6
0	1882	2
1	1910	1
1	1912	3
1	1912	1
1	1914	6
1	1913	4
1	1913	1
1	1911	4
1	1911	4
1	1912	9
1	1911	4
1	1912	5
1	1913	4
1	1917	8
1	1910	3
1	1909	5
1	1915	2
1	1913	5
1	1910	4
1	1912	8
1	1917	5
1	1910	5
1	1911	3
1	1911	2
1	1912	3
0	1964	3
0	1963	3
0	1964	1
0	1961	3
1	1992	1
1	1994	1
1	1994	1
1	1990	1
1	1991	1
1	1992	0
1	1990	2
0	1952	2
0	1951	2
0	1950	4
1	1983	2
1	1982	5
1	1979	1
1	1977	1
1	1979	3
1	1983	2
0	1958	1
0	1959	2
1	1988	0
1	1990	4
0	2009	2
0	2009	2
0	2010	2
1	2039	1
1	2039	0
1	2041	1
1	2040	1
0	1961	6
0	1960	2
0	1961	1
0	1960	2
0	1961	4
0	1962	5
0	1963	6
1	1994	4
1	1992	2
1	1991	2
1	1989	3
1	1991	4
1	1989	1
1	1990	0
1	1986	1
1	1992	1
1	1992	2
1	1992	1
1	1992	0
1	1992	1
1	1993	5
1	1993	1
1	1989	1
1	1990	2
1	1992	1
1	1994	3
1	1991	2
0	1926	6
0	1927	5
0	1926	5
0	1924	5
0	1927	4
0	1928	8
0	1927	3
1	1957	2
1	1955	3
1	1956	5
1	1957	2
1	1952	3
1	1959	5
1	1956	2
1	1957	1
1	1955	3
1	1955	2
1	1957	5
1	1951	2
1	1953	4
1	1952	3
1	1957	5
1	1958	0
1	1960	6
1	1958	5
1	1957	1
1	1960	3
1	1955	5
1	1958	2
1	1954	8
1	1957	0
1	1956	2
1	1953	5
1	1957	0
1	1957	5
1	1958	3
1	1959	5
0	2026	2
0	2028	2
0	2024	2
1	2056	1
1	2056	1
1	2059	0
1	2053	0
0	1965	5
0	1964	2
0	1965	2
0	1964	3
0	1968	6
0	1965	2
1	1995	0
1	1995	0
1	1994	2
1	1998	1
1	1994	3
1	1993	1
1	1997	1
1	1999	1
1	1998	0
1	1999	2
1	1997	2
1	1996	1
1	1997	4
1	1991	1
1	1999	1
0	1888	5
0	1888	9
0	1886	7
0	1886	4
0	1886	4
0	1889	3
1	1918	2
1	1918	2
1	1920	4
1	1919	2
1	1918	0
1	1917	4
1	1919	2
1	1918	1
1	1916	3
1	1916	1
1	1919	7
1	1918	2
1	1915	6
1	1915	2
1	1917	4
1	1916	2
1	1916	2
1	1917	6
1	1918	4
1	1916	4
1	1916	4
1	1918	6
1	1915	4
1	1915	4
1	1916	3
1	1914	4
1	1922	2
0	1894	6
0	1896	3
0	1894	3
0	1894	3
0	1896	8
0	1897	10
0	1894	2
1	1926	3
1	1922	5
1	1923	2
1	1924	5
1	1924	5
1	1922	6
1	1924	2
1	1926	5
1	1925	3
1	1924	5
1	1927	3
1	1927	3
1	1927	7
1	1929	5
1	1931	1
1	1928	3
1	1924	0
1	1927	4
1	1925	6
1	1928	5
1	1928	4
1	1926	3
1	1925	7
1	1927	4
1	1927	3
1	1929	1
1	1927	10
1	1930	4
1	1927	6
0	1962	3
0	1963	5
0	1962	1
0	1962	1
1	1991	3
1	1990	1
1	1993	1
1	1990	1
1	1992	1
1	1993	1
1	1993	4
0	2019	3
0	2019	1
0	2019	2
0	2019	2
1	2049	0
1	2049	1
1	2050	1
1	2050	2
1	2050	3
0	1914	7
0	1913	6
0	1914	2
0	1914	4
0	1914	1
0	1914	1
0	1912	3
0	1914	4
1	1946	6
1	1945	2
1	1945	2
1	1946	7
1	1943	4
1	1947	4
1	1944	1
1	1943	2
1	1943	1
1	1941	3
1	1942	2
1	1944	0
1	1942	1
1	1943	0
1	1946	3
1	1942	1
1	1944	0
1	1944	0
1	1941	1
1	1941	1
1	1943	4
0	1879	1
0	1878	9
1	1912	6
1	1908	6
1	1909	7
1	1910	4
1	1907	5
1	1909	2
1	1908	4
1	1910	6
1	1908	2
0	1987	1
0	1987	1
1	2019	2
0	1979	1
0	1980	2
1	2011	2
1	2011	1
0	1901	4
0	1900	4
0	1904	6
0	1901	7
0	1898	4
1	1933	4
1	1931	0
1	1931	3
1	1932	4
1	1933	2
1	1933	1
1	1932	2
1	1927	4
1	1928	1
1	1929	2
1	1937	2
1	1934	3
1	1935	7
1	1934	6
1	1932	1
1	1931	4
1	1930	3
1	1928	2
1	1931	0
1	1925	3
1	1929	3
0	1938	1
0	1937	4
1	1967	7
1	1966	5
1	1965	3
1	1967	4
0	2018	2
0	2018	1
0	2018	1
1	2049	3
1	2048	0
0	1882	6
0	1881	4
0	1883	3
0	1886	7
0	1882	4
0	1884	6
0	1881	7
1	1912	0
1	1912	0
1	1915	5
1	1911	6
1	1914	6
1	1914	8
1	1912	1
1	1914	5
1	1918	7
1	1916	3
1	1915	3
1	1916	5
1	1912	7
1	1910	3
1	1914	4
1	1912	4
1	1913	6
1	1916	9
1	1911	5
1	1912	2
1	1910	4
1	1915	2
1	1909	2
1	1911	5
1	1912	2
1	1914	4
1	1915	3
1	1915	4
1	1911	7
1	1911	5
1	1911	1
0	1949	4
0	1950	2
0	1948	4
0	1948	3
0	1947	7
1	1976	1
1	1980	1
1	1978	4
1	1978	6
1	1982	1
1	1980	3
1	1978	4
1	1979	1
1	1978	1
1	1977	1
1	1978	1
1	1978	3
1	1977	2
1	1976	2
1	1976	1
1	1977	0
0	1996	1
0	1996	1
1	2025	1
0	1918	2
0	1921	3
0	1920	6
1	1947	4
1	1950	1
1	1951	4
1	1953	7
1	1950	0
1	1950	0
1	1952	5
1	1948	3
1	1948	4
0	2007	2
0	2007	1
0	2007	1
1	2037	2
1	2037	0
0	1977	1
0	1976	2
1	2007	1
1	2004	0
0	1911	3
0	1910	3
0	1911	1
0	1911	4
1	1941	3
1	1942	4
1	1938	5
1	1938	2
1	1939	1
1	1941	3
1	1940	5
1	1943	1
0	1936	4
0	1934	2
0	1939	3
0	1935	3
0	1936	2
1	1964	2
1	1966	6
1	1965	1
1	1964	3
1	1962	1
1	1969	2
1	1965	2
1	1964	6
1	1966	3
1	1969	2
0	1946	3
0	1946	2
0	1941	3
0	1951	3
1	1977	1
1	1976	1
1	1974	1
1	1976	0
1	1969	3
1	1982	1
1	1965	5
1	1981	1
0	1934	7
0	1933	4
0	1937	3
0	1933	2
0	1934	2
0	1933	4
0	1935	3
0	1933	3
1	1966	7
1	1965	4
1	1961	2
1	1963	4
1	1963	4
1	1966	2
1	1966	6
1	1962	3
1	1959	4
1	1970	4
1	1962	3
1	1963	0
1	1963	0
1	1965	2
1	1964	2
1	1960	2
1	1962	2
1	1961	4
1	1964	6
1	1963	0
1	1966	3
0	1958	7
0	1958	6
0	1958	1
0	1957	3
0	1956	2
0	1959	2
0	1958	1
0	1959	3
1	1988	0
1	1990	1
1	1988	0
1	1989	3
1	1988	0
1	1989	3
1	1990	4
1	1987	3
1	1988	5
1	1987	1
1	1987	1
1	1986	2
1	1988	1
1	1988	2
1	1985	1
1	1989	2
1	1990	0
1	1992	3
0	1892	3
0	1891	8
0	1892	5
0	1891	5
1	1921	5
1	1922	2
1	1921	5
1	1920	4
1	1919	1
1	1921	2
1	1919	1
1	1919	1
1	1921	3
1	1920	5
1	1923	2
1	1920	5
1	1922	4
1	1920	2
1	1921	6
1	1921	0
1	1921	7
1	1917	6
0	1901	1
0	1901	1
0	1883	5
0	1883	1
0	1881	7
0	1884	9
0	1883	5
0	1883	1
1	1913	4
1	1916	5
1	1912	3
1	1914	3
1	1915	2
1	1914	6
1	1911	4
1	1912	1
1	1910	2
1	1915	9
1	1915	2
1	1913	6
1	1913	0
1	1914	6
1	1913	8
1	1911	7
1	1911	1
1	1913	4
1	1913	3
1	1912	4
1	1916	1
1	1915	4
1	1912	4
0	2004	2
0	2006	2
0	2004	1
1	2032	1
1	2030	2
1	2039	1
0	1891	2
0	1895	4
0	1895	9
1	1922	6
1	1921	0
1	1923	5
1	1925	2
1	1923	2
1	1925	4
1	1926	0
1	1927	4
1	1927	5
1	1926	3
1	1926	0
1	1925	2
1	1926	0
0	1952	3
0	1950	3
0	1949	5
0	1951	2
1	1982	2
1	1984	2
1	1982	0
1	1977	1
1	1977	2
1	1979	2
1	1978	0
1	1979	5
1	1979	2
1	1979	1
0	1960	4
0	1960	1
0	1956	3
0	1962	5
0	1956	3
1	1990	0
1	1990	0
1	1989	4
1	1990	0
1	1992	0
1	1990	2
1	1987	2
1	1983	1
1	1984	0
1	1994	2
1	1992	0
1	1984	1
0	1916	4
0	1917	2
0	1915	4
0	1917	4
0	1915	5
1	1945	3
1	1945	3
1	1945	6
1	1947	4
1	1946	3
1	1945	4
1	1945	5
1	1951	3
1	1946	3
1	1946	3
1	1945	6
1	1947	2
1	1945	0
1	1944	3
1	1947	5
0	2011	3
0	2011	1
0	2010	3
0	2012	2
1	2041	0
1	2041	5
1	2041	1
1	2043	1
1	2038	1
1	2039	0
0	1931	1
0	1929	2
1	1963	2
1	1959	2
0	2002	2
0	2002	1
0	2004	2
1	2031	1
1	2033	1
1	2036	2
